client_id,type
CLT-00001,buyer
CLT-00002,buyer
CLT-00003,buyer
CLT-00004,buyer
CLT-00005,buyer
CLT-00006,buyer
CLT-00007,buyer
CLT-00008,buyer
CLT-00009,buyer
CLT-00010,seller
CLT-00011,seller
CLT-00012,seller
CLT-00013,seller
CLT-00014,buyer
CLT-00015,buyer
CLT-00016,seller
CLT-00017,buyer
CLT-00018,buyer
CLT-00019,seller
CLT-00020,buyer
CLT-00021,seller
CLT-00022,seller
CLT-00023,seller
CLT-00024,buyer
CLT-00025,seller
CLT-00026,buyer
CLT-00027,buyer
CLT-00028,seller
CLT-00029,seller
CLT-00030,buyer
CLT-00031,seller
CLT-00032,seller
CLT-00033,seller
CLT-00034,buyer
CLT-00035,seller
CLT-00036,seller
CLT-00037,buyer
CLT-00038,seller
CLT-00039,seller
CLT-00040,buyer
CLT-00041,seller
CLT-00042,seller
CLT-00043,seller
CLT-00044,seller
CLT-00045,seller
CLT-00046,buyer
CLT-00047,buyer
CLT-00048,buyer
CLT-00049,buyer
CLT-00050,seller
CLT-00051,buyer
CLT-00052,seller
CLT-00053,seller
CLT-00054,buyer
CLT-00055,buyer
CLT-00056,seller
CLT-00057,buyer
CLT-00058,seller
CLT-00059,seller
CLT-00060,seller
CLT-00061,seller
CLT-00062,buyer
CLT-00063,seller
CLT-00064,buyer
CLT-00065,buyer
CLT-00066,seller
CLT-00067,seller
CLT-00068,buyer
CLT-00069,seller
CLT-00070,seller
CLT-00071,seller
CLT-00072,seller
CLT-00073,buyer
CLT-00074,seller
CLT-00075,buyer
CLT-00076,buyer
CLT-00077,buyer
CLT-00078,seller
CLT-00079,seller
CLT-00080,buyer
CLT-00081,seller
CLT-00082,seller
CLT-00083,seller
CLT-00084,seller
CLT-00085,buyer
CLT-00086,buyer
CLT-00087,seller
CLT-00088,buyer
CLT-00089,buyer
CLT-00090,buyer
CLT-00091,buyer
CLT-00092,buyer
CLT-00093,buyer
CLT-00094,buyer
CLT-00095,seller
CLT-00096,buyer
CLT-00097,seller
CLT-00098,seller
CLT-00099,seller
CLT-00100,seller
CLT-00101,buyer
CLT-00102,buyer
CLT-00103,seller
CLT-00104,buyer
CLT-00105,seller
CLT-00106,buyer
CLT-00107,seller
CLT-00108,seller
CLT-00109,seller
CLT-00110,buyer
CLT-00111,seller
CLT-00112,seller
CLT-00113,seller
CLT-00114,seller
CLT-00115,seller
CLT-00116,buyer
CLT-00117,buyer
CLT-00118,buyer
CLT-00119,seller
CLT-00120,buyer
CLT-00121,seller
CLT-00122,buyer
CLT-00123,buyer
CLT-00124,buyer
CLT-00125,buyer
CLT-00126,seller
CLT-00127,seller
CLT-00128,buyer
CLT-00129,buyer
CLT-00130,seller
CLT-00131,buyer
CLT-00132,seller
CLT-00133,seller
CLT-00134,buyer
CLT-00135,buyer
CLT-00136,buyer
CLT-00137,seller
CLT-00138,seller
CLT-00139,buyer
CLT-00140,buyer
CLT-00141,buyer
CLT-00142,buyer
CLT-00143,buyer
CLT-00144,seller
CLT-00145,seller
CLT-00146,buyer
CLT-00147,buyer
CLT-00148,seller
CLT-00149,seller
CLT-00150,seller
CLT-00151,seller
CLT-00152,buyer
CLT-00153,buyer
CLT-00154,seller
CLT-00155,seller
CLT-00156,buyer
CLT-00157,buyer
CLT-00158,buyer
CLT-00159,buyer
CLT-00160,buyer
CLT-00161,buyer
CLT-00162,seller
CLT-00163,seller
CLT-00164,buyer
CLT-00165,seller
CLT-00166,buyer
CLT-00167,seller
CLT-00168,buyer
CLT-00169,seller
CLT-00170,seller
CLT-00171,seller
CLT-00172,buyer
CLT-00173,seller
CLT-00174,seller
CLT-00175,buyer
CLT-00176,seller
CLT-00177,seller
CLT-00178,buyer
CLT-00179,seller
CLT-00180,seller
CLT-00181,buyer
CLT-00182,seller
CLT-00183,buyer
CLT-00184,buyer
CLT-00185,buyer
CLT-00186,seller
CLT-00187,seller
CLT-00188,seller
CLT-00189,buyer
CLT-00190,seller
CLT-00191,buyer
CLT-00192,seller
CLT-00193,buyer
CLT-00194,seller
CLT-00195,seller
CLT-00196,seller
CLT-00197,seller
CLT-00198,buyer
CLT-00199,buyer
CLT-00200,buyer
CLT-00201,seller
CLT-00202,seller
CLT-00203,seller
CLT-00204,seller
CLT-00205,seller
CLT-00206,seller
CLT-00207,seller
CLT-00208,buyer
CLT-00209,buyer
CLT-00210,seller
CLT-00211,seller
CLT-00212,seller
CLT-00213,buyer
CLT-00214,seller
CLT-00215,seller
CLT-00216,seller
CLT-00217,seller
CLT-00218,seller
CLT-00219,buyer
CLT-00220,buyer
CLT-00221,buyer
CLT-00222,seller
CLT-00223,buyer
CLT-00224,seller
CLT-00225,seller
CLT-00226,seller
CLT-00227,seller
CLT-00228,buyer
CLT-00229,buyer
CLT-00230,seller
CLT-00231,seller
CLT-00232,buyer
CLT-00233,seller
CLT-00234,buyer
CLT-00235,seller
CLT-00236,buyer
CLT-00237,buyer
CLT-00238,seller
CLT-00239,buyer
CLT-00240,seller
CLT-00241,buyer
CLT-00242,buyer
CLT-00243,buyer
CLT-00244,seller
CLT-00245,seller
CLT-00246,buyer
CLT-00247,seller
CLT-00248,buyer
CLT-00249,buyer
CLT-00250,buyer
CLT-00251,seller
CLT-00252,seller
CLT-00253,seller
CLT-00254,buyer
CLT-00255,seller
CLT-00256,buyer
CLT-00257,seller
CLT-00258,buyer
CLT-00259,buyer
CLT-00260,seller
CLT-00261,buyer
CLT-00262,buyer
CLT-00263,seller
CLT-00264,seller
CLT-00265,seller
CLT-00266,seller
CLT-00267,buyer
CLT-00268,buyer
CLT-00269,buyer
CLT-00270,buyer
CLT-00271,buyer
CLT-00272,seller
CLT-00273,seller
CLT-00274,seller
CLT-00275,seller
CLT-00276,buyer
CLT-00277,buyer
CLT-00278,buyer
CLT-00279,seller
CLT-00280,buyer
CLT-00281,seller
CLT-00282,seller
CLT-00283,buyer
CLT-00284,buyer
CLT-00285,buyer
CLT-00286,seller
CLT-00287,seller
CLT-00288,seller
CLT-00289,seller
CLT-00290,buyer
CLT-00291,seller
CLT-00292,seller
CLT-00293,buyer
CLT-00294,buyer
CLT-00295,seller
CLT-00296,seller
CLT-00297,buyer
CLT-00298,seller
CLT-00299,seller
CLT-00300,buyer
CLT-00301,buyer
CLT-00302,seller
CLT-00303,buyer
CLT-00304,seller
CLT-00305,seller
CLT-00306,buyer
CLT-00307,seller
CLT-00308,seller
CLT-00309,seller
CLT-00310,seller
CLT-00311,seller
CLT-00312,buyer
CLT-00313,seller
CLT-00314,buyer
CLT-00315,buyer
CLT-00316,seller
CLT-00317,seller
CLT-00318,seller
CLT-00319,seller
CLT-00320,seller
CLT-00321,seller
CLT-00322,buyer
CLT-00323,buyer
CLT-00324,buyer
CLT-00325,seller
CLT-00326,seller
CLT-00327,buyer
CLT-00328,seller
CLT-00329,buyer
CLT-00330,seller
CLT-00331,buyer
CLT-00332,seller
CLT-00333,buyer
CLT-00334,seller
CLT-00335,seller
CLT-00336,seller
CLT-00337,seller
CLT-00338,seller
CLT-00339,buyer
CLT-00340,buyer
CLT-00341,buyer
CLT-00342,buyer
CLT-00343,seller
CLT-00344,buyer
CLT-00345,buyer
CLT-00346,buyer
CLT-00347,buyer
CLT-00348,buyer
CLT-00349,buyer
CLT-00350,buyer
CLT-00351,seller
CLT-00352,buyer
CLT-00353,buyer
CLT-00354,buyer
CLT-00355,buyer
CLT-00356,seller
CLT-00357,buyer
CLT-00358,buyer
CLT-00359,buyer
CLT-00360,buyer
CLT-00361,buyer
CLT-00362,buyer
CLT-00363,seller
CLT-00364,buyer
CLT-00365,seller
CLT-00366,seller
CLT-00367,buyer
CLT-00368,seller
CLT-00369,buyer
CLT-00370,seller
CLT-00371,seller
CLT-00372,buyer
CLT-00373,buyer
CLT-00374,buyer
CLT-00375,buyer
CLT-00376,seller
CLT-00377,seller
CLT-00378,seller
CLT-00379,seller
CLT-00380,buyer
CLT-00381,buyer
CLT-00382,buyer
CLT-00383,buyer
CLT-00384,buyer
CLT-00385,buyer
CLT-00386,seller
CLT-00387,buyer
CLT-00388,buyer
CLT-00389,seller
CLT-00390,buyer
CLT-00391,seller
CLT-00392,seller
CLT-00393,seller
CLT-00394,buyer
CLT-00395,seller
CLT-00396,seller
CLT-00397,buyer
CLT-00398,buyer
CLT-00399,buyer
CLT-00400,buyer
CLT-00401,seller
CLT-00402,buyer
CLT-00403,seller
CLT-00404,buyer
CLT-00405,seller
CLT-00406,buyer
CLT-00407,buyer
CLT-00408,buyer
CLT-00409,buyer
CLT-00410,buyer
CLT-00411,buyer
CLT-00412,seller
CLT-00413,seller
CLT-00414,buyer
CLT-00415,buyer
CLT-00416,buyer
CLT-00417,seller
CLT-00418,buyer
CLT-00419,seller
CLT-00420,buyer
CLT-00421,buyer
CLT-00422,seller
CLT-00423,seller
CLT-00424,buyer
CLT-00425,buyer
CLT-00426,seller
CLT-00427,seller
CLT-00428,buyer
CLT-00429,buyer
CLT-00430,buyer
CLT-00431,buyer
CLT-00432,buyer
CLT-00433,buyer
CLT-00434,seller
CLT-00435,buyer
CLT-00436,buyer
CLT-00437,seller
CLT-00438,buyer
CLT-00439,seller
CLT-00440,buyer
CLT-00441,buyer
CLT-00442,seller
CLT-00443,buyer
CLT-00444,seller
CLT-00445,buyer
CLT-00446,buyer
CLT-00447,buyer
CLT-00448,buyer
CLT-00449,buyer
CLT-00450,buyer
CLT-00451,buyer
CLT-00452,seller
CLT-00453,seller
CLT-00454,buyer
CLT-00455,buyer
CLT-00456,buyer
CLT-00457,buyer
CLT-00458,buyer
CLT-00459,buyer
CLT-00460,seller
CLT-00461,seller
CLT-00462,buyer
CLT-00463,seller
CLT-00464,seller
CLT-00465,buyer
CLT-00466,buyer
CLT-00467,buyer
CLT-00468,buyer
CLT-00469,seller
CLT-00470,buyer
CLT-00471,buyer
CLT-00472,buyer
CLT-00473,seller
CLT-00474,buyer
CLT-00475,buyer
CLT-00476,seller
CLT-00477,buyer
CLT-00478,buyer
CLT-00479,seller
CLT-00480,seller
CLT-00481,buyer
CLT-00482,buyer
CLT-00483,buyer
CLT-00484,seller
CLT-00485,buyer
CLT-00486,buyer
CLT-00487,seller
CLT-00488,seller
CLT-00489,buyer
CLT-00490,buyer
CLT-00491,seller
CLT-00492,seller
CLT-00493,buyer
CLT-00494,seller
CLT-00495,seller
CLT-00496,seller
CLT-00497,buyer
CLT-00498,buyer
CLT-00499,buyer
CLT-00500,seller
CLT-00501,buyer
CLT-00502,buyer
CLT-00503,buyer
CLT-00504,buyer
CLT-00505,seller
CLT-00506,seller
CLT-00507,buyer
CLT-00508,seller
CLT-00509,buyer
CLT-00510,seller
CLT-00511,seller
CLT-00512,buyer
CLT-00513,buyer
CLT-00514,buyer
CLT-00515,buyer
CLT-00516,seller
CLT-00517,buyer
CLT-00518,seller
CLT-00519,buyer
CLT-00520,buyer
CLT-00521,seller
CLT-00522,seller
CLT-00523,buyer
CLT-00524,seller
CLT-00525,buyer
CLT-00526,seller
CLT-00527,seller
CLT-00528,seller
CLT-00529,buyer
CLT-00530,buyer
CLT-00531,seller
CLT-00532,buyer
CLT-00533,seller
CLT-00534,seller
CLT-00535,buyer
CLT-00536,buyer
CLT-00537,seller
CLT-00538,buyer
CLT-00539,buyer
CLT-00540,seller
CLT-00541,seller
CLT-00542,buyer
CLT-00543,buyer
CLT-00544,seller
CLT-00545,seller
CLT-00546,buyer
CLT-00547,seller
CLT-00548,buyer
CLT-00549,buyer
CLT-00550,buyer
CLT-00551,seller
CLT-00552,seller
CLT-00553,seller
CLT-00554,seller
CLT-00555,buyer
CLT-00556,buyer
CLT-00557,buyer
CLT-00558,seller
CLT-00559,seller
CLT-00560,seller
CLT-00561,seller
CLT-00562,seller
CLT-00563,buyer
CLT-00564,buyer
CLT-00565,buyer
CLT-00566,buyer
CLT-00567,buyer
CLT-00568,buyer
CLT-00569,buyer
CLT-00570,buyer
CLT-00571,seller
CLT-00572,buyer
CLT-00573,seller
CLT-00574,seller
CLT-00575,seller
CLT-00576,seller
CLT-00577,seller
CLT-00578,buyer
CLT-00579,buyer
CLT-00580,buyer
CLT-00581,buyer
CLT-00582,buyer
CLT-00583,buyer
CLT-00584,buyer
CLT-00585,seller
CLT-00586,buyer
CLT-00587,seller
CLT-00588,buyer
CLT-00589,seller
CLT-00590,buyer
CLT-00591,buyer
CLT-00592,seller
CLT-00593,seller
CLT-00594,seller
CLT-00595,buyer
CLT-00596,seller
CLT-00597,buyer
CLT-00598,buyer
CLT-00599,seller
CLT-00600,seller
CLT-00601,buyer
CLT-00602,buyer
CLT-00603,seller
CLT-00604,buyer
CLT-00605,buyer
CLT-00606,buyer
CLT-00607,buyer
CLT-00608,buyer
CLT-00609,buyer
CLT-00610,buyer
CLT-00611,seller
CLT-00612,buyer
CLT-00613,seller
CLT-00614,buyer
CLT-00615,buyer
CLT-00616,seller
CLT-00617,buyer
CLT-00618,seller
CLT-00619,buyer
CLT-00620,seller
CLT-00621,buyer
CLT-00622,seller
CLT-00623,seller
CLT-00624,buyer
CLT-00625,buyer
CLT-00626,seller
CLT-00627,buyer
CLT-00628,seller
CLT-00629,seller
CLT-00630,seller
CLT-00631,buyer
CLT-00632,seller
CLT-00633,buyer
CLT-00634,seller
CLT-00635,seller
CLT-00636,seller
CLT-00637,buyer
CLT-00638,seller
CLT-00639,buyer
CLT-00640,seller
CLT-00641,seller
CLT-00642,seller
CLT-00643,buyer
CLT-00644,seller
CLT-00645,buyer
CLT-00646,buyer
CLT-00647,seller
CLT-00648,buyer
CLT-00649,buyer
CLT-00650,buyer
CLT-00651,buyer
CLT-00652,seller
CLT-00653,seller
CLT-00654,buyer
CLT-00655,seller
CLT-00656,buyer
CLT-00657,seller
CLT-00658,buyer
CLT-00659,seller
CLT-00660,seller
CLT-00661,seller
CLT-00662,seller
CLT-00663,buyer
CLT-00664,seller
CLT-00665,seller
CLT-00666,buyer
CLT-00667,seller
CLT-00668,buyer
CLT-00669,buyer
CLT-00670,buyer
CLT-00671,seller
CLT-00672,seller
CLT-00673,seller
CLT-00674,buyer
CLT-00675,buyer
CLT-00676,seller
CLT-00677,seller
CLT-00678,buyer
CLT-00679,seller
CLT-00680,buyer
CLT-00681,buyer
CLT-00682,buyer
CLT-00683,buyer
CLT-00684,seller
CLT-00685,buyer
CLT-00686,seller
CLT-00687,seller
CLT-00688,buyer
CLT-00689,seller
CLT-00690,seller
CLT-00691,buyer
CLT-00692,buyer
CLT-00693,buyer
CLT-00694,buyer
CLT-00695,buyer
CLT-00696,seller
CLT-00697,seller
CLT-00698,buyer
CLT-00699,seller
CLT-00700,buyer
CLT-00701,buyer
CLT-00702,seller
CLT-00703,buyer
CLT-00704,seller
CLT-00705,seller
CLT-00706,buyer
CLT-00707,buyer
CLT-00708,buyer
CLT-00709,buyer
CLT-00710,seller
CLT-00711,buyer
CLT-00712,buyer
CLT-00713,seller
CLT-00714,buyer
CLT-00715,buyer
CLT-00716,seller
CLT-00717,buyer
CLT-00718,buyer
CLT-00719,buyer
CLT-00720,buyer
CLT-00721,buyer
CLT-00722,buyer
CLT-00723,seller
CLT-00724,buyer
CLT-00725,buyer
CLT-00726,seller
CLT-00727,seller
CLT-00728,seller
CLT-00729,buyer
CLT-00730,seller
CLT-00731,seller
CLT-00732,buyer
CLT-00733,buyer
CLT-00734,buyer
CLT-00735,buyer
CLT-00736,seller
CLT-00737,buyer
CLT-00738,buyer
CLT-00739,seller
CLT-00740,buyer
CLT-00741,buyer
CLT-00742,seller
CLT-00743,buyer
CLT-00744,buyer
CLT-00745,buyer
CLT-00746,buyer
CLT-00747,buyer
CLT-00748,buyer
CLT-00749,seller
CLT-00750,seller
CLT-00751,seller
CLT-00752,buyer
CLT-00753,buyer
CLT-00754,seller
CLT-00755,buyer
CLT-00756,seller
CLT-00757,buyer
CLT-00758,buyer
CLT-00759,buyer
CLT-00760,buyer
CLT-00761,seller
CLT-00762,seller
CLT-00763,buyer
CLT-00764,buyer
CLT-00765,buyer
CLT-00766,seller
CLT-00767,buyer
CLT-00768,buyer
CLT-00769,buyer
CLT-00770,seller
CLT-00771,seller
CLT-00772,seller
CLT-00773,seller
CLT-00774,seller
CLT-00775,seller
CLT-00776,seller
CLT-00777,seller
CLT-00778,buyer
CLT-00779,buyer
CLT-00780,seller
CLT-00781,buyer
CLT-00782,buyer
CLT-00783,seller
CLT-00784,buyer
CLT-00785,buyer
CLT-00786,seller
CLT-00787,buyer
CLT-00788,buyer
CLT-00789,buyer
CLT-00790,buyer
CLT-00791,buyer
CLT-00792,buyer
CLT-00793,buyer
CLT-00794,seller
CLT-00795,seller
CLT-00796,seller
CLT-00797,buyer
CLT-00798,seller
CLT-00799,buyer
CLT-00800,seller
CLT-00801,seller
CLT-00802,buyer
CLT-00803,buyer
CLT-00804,buyer
CLT-00805,buyer
CLT-00806,buyer
CLT-00807,buyer
CLT-00808,seller
CLT-00809,seller
CLT-00810,seller
CLT-00811,seller
CLT-00812,seller
CLT-00813,buyer
CLT-00814,buyer
CLT-00815,buyer
CLT-00816,buyer
CLT-00817,buyer
CLT-00818,seller
CLT-00819,buyer
CLT-00820,buyer
CLT-00821,seller
CLT-00822,seller
CLT-00823,buyer
CLT-00824,buyer
CLT-00825,buyer
CLT-00826,seller
CLT-00827,buyer
CLT-00828,seller
CLT-00829,seller
CLT-00830,seller
CLT-00831,seller
CLT-00832,seller
CLT-00833,buyer
CLT-00834,buyer
CLT-00835,buyer
CLT-00836,seller
CLT-00837,buyer
CLT-00838,buyer
CLT-00839,seller
CLT-00840,buyer
CLT-00841,buyer
CLT-00842,seller
CLT-00843,buyer
CLT-00844,buyer
CLT-00845,seller
CLT-00846,buyer
CLT-00847,buyer
CLT-00848,buyer
CLT-00849,seller
CLT-00850,seller
CLT-00851,seller
CLT-00852,buyer
CLT-00853,buyer
CLT-00854,seller
CLT-00855,buyer
CLT-00856,seller
CLT-00857,buyer
CLT-00858,seller
CLT-00859,buyer
CLT-00860,buyer
CLT-00861,seller
CLT-00862,seller
CLT-00863,seller
CLT-00864,seller
CLT-00865,seller
CLT-00866,seller
CLT-00867,buyer
CLT-00868,seller
CLT-00869,buyer
CLT-00870,buyer
CLT-00871,buyer
CLT-00872,buyer
CLT-00873,seller
CLT-00874,seller
CLT-00875,seller
CLT-00876,seller
CLT-00877,seller
CLT-00878,seller
CLT-00879,buyer
CLT-00880,seller
CLT-00881,seller
CLT-00882,seller
CLT-00883,seller
CLT-00884,buyer
CLT-00885,seller
CLT-00886,seller
CLT-00887,buyer
CLT-00888,buyer
CLT-00889,seller
CLT-00890,seller
CLT-00891,buyer
CLT-00892,seller
CLT-00893,buyer
CLT-00894,seller
CLT-00895,buyer
CLT-00896,buyer
CLT-00897,seller
CLT-00898,buyer
CLT-00899,buyer
CLT-00900,buyer
CLT-00901,seller
CLT-00902,buyer
CLT-00903,buyer
CLT-00904,buyer
CLT-00905,seller
CLT-00906,buyer
CLT-00907,seller
CLT-00908,seller
CLT-00909,buyer
CLT-00910,seller
CLT-00911,buyer
CLT-00912,buyer
CLT-00913,seller
CLT-00914,buyer
CLT-00915,buyer
CLT-00916,seller
CLT-00917,seller
CLT-00918,seller
CLT-00919,seller
CLT-00920,seller
CLT-00921,buyer
CLT-00922,seller
CLT-00923,seller
CLT-00924,seller
CLT-00925,seller
CLT-00926,buyer
CLT-00927,buyer
CLT-00928,buyer
CLT-00929,buyer
CLT-00930,buyer
CLT-00931,seller
CLT-00932,seller
CLT-00933,buyer
CLT-00934,buyer
CLT-00935,buyer
CLT-00936,buyer
CLT-00937,seller
CLT-00938,seller
CLT-00939,buyer
CLT-00940,seller
CLT-00941,seller
CLT-00942,seller
CLT-00943,buyer
CLT-00944,seller
CLT-00945,seller
CLT-00946,buyer
CLT-00947,buyer
CLT-00948,seller
CLT-00949,seller
CLT-00950,seller
CLT-00951,seller
CLT-00952,seller
CLT-00953,buyer
CLT-00954,seller
CLT-00955,buyer
CLT-00956,buyer
CLT-00957,seller
CLT-00958,seller
CLT-00959,buyer
CLT-00960,seller
CLT-00961,seller
CLT-00962,buyer
CLT-00963,buyer
CLT-00964,seller
CLT-00965,seller
CLT-00966,seller
CLT-00967,buyer
CLT-00968,seller
CLT-00969,buyer
CLT-00970,buyer
CLT-00971,buyer
CLT-00972,seller
CLT-00973,buyer
CLT-00974,seller
CLT-00975,buyer
CLT-00976,seller
CLT-00977,buyer
CLT-00978,seller
CLT-00979,seller
CLT-00980,seller
CLT-00981,seller
CLT-00982,seller
CLT-00983,seller
CLT-00984,buyer
CLT-00985,seller
CLT-00986,seller
CLT-00987,seller
CLT-00988,seller
CLT-00989,buyer
CLT-00990,buyer
CLT-00991,seller
CLT-00992,seller
CLT-00993,seller
CLT-00994,buyer
CLT-00995,seller
CLT-00996,seller
CLT-00997,buyer
CLT-00998,seller
CLT-00999,seller
CLT-01000,buyer
CLT-01001,seller
CLT-01002,seller
CLT-01003,buyer
CLT-01004,seller
CLT-01005,seller
CLT-01006,buyer
CLT-01007,seller
CLT-01008,buyer
CLT-01009,buyer
CLT-01010,seller
CLT-01011,seller
CLT-01012,buyer
CLT-01013,buyer
CLT-01014,buyer
CLT-01015,seller
CLT-01016,seller
CLT-01017,seller
CLT-01018,buyer
CLT-01019,buyer
CLT-01020,seller
CLT-01021,buyer
CLT-01022,seller
CLT-01023,buyer
CLT-01024,seller
CLT-01025,seller
CLT-01026,buyer
CLT-01027,seller
CLT-01028,seller
CLT-01029,seller
CLT-01030,buyer
CLT-01031,seller
CLT-01032,buyer
CLT-01033,seller
CLT-01034,seller
CLT-01035,buyer
CLT-01036,buyer
CLT-01037,buyer
CLT-01038,seller
CLT-01039,seller
CLT-01040,buyer
CLT-01041,seller
CLT-01042,seller
CLT-01043,seller
CLT-01044,seller
CLT-01045,buyer
CLT-01046,buyer
CLT-01047,buyer
CLT-01048,buyer
CLT-01049,buyer
CLT-01050,seller
CLT-01051,buyer
CLT-01052,seller
CLT-01053,buyer
CLT-01054,buyer
CLT-01055,buyer
CLT-01056,buyer
CLT-01057,buyer
CLT-01058,buyer
CLT-01059,seller
CLT-01060,seller
CLT-01061,buyer
CLT-01062,seller
CLT-01063,seller
CLT-01064,seller
CLT-01065,buyer
CLT-01066,seller
CLT-01067,seller
CLT-01068,buyer
CLT-01069,buyer
CLT-01070,seller
CLT-01071,buyer
CLT-01072,seller
CLT-01073,seller
CLT-01074,seller
CLT-01075,seller
CLT-01076,seller
CLT-01077,buyer
CLT-01078,buyer
CLT-01079,seller
CLT-01080,seller
CLT-01081,buyer
CLT-01082,buyer
CLT-01083,buyer
CLT-01084,buyer
CLT-01085,buyer
CLT-01086,buyer
CLT-01087,seller
CLT-01088,seller
CLT-01089,seller
CLT-01090,buyer
CLT-01091,buyer
CLT-01092,buyer
CLT-01093,buyer
CLT-01094,seller
CLT-01095,seller
CLT-01096,buyer
CLT-01097,buyer
CLT-01098,seller
CLT-01099,buyer
CLT-01100,buyer
CLT-01101,seller
CLT-01102,seller
CLT-01103,seller
CLT-01104,seller
CLT-01105,seller
CLT-01106,buyer
CLT-01107,seller
CLT-01108,buyer
CLT-01109,buyer
CLT-01110,buyer
CLT-01111,seller
CLT-01112,seller
CLT-01113,seller
CLT-01114,seller
CLT-01115,buyer
CLT-01116,seller
CLT-01117,seller
CLT-01118,buyer
CLT-01119,seller
CLT-01120,seller
CLT-01121,seller
CLT-01122,buyer
CLT-01123,seller
CLT-01124,seller
CLT-01125,buyer
CLT-01126,buyer
CLT-01127,buyer
CLT-01128,seller
CLT-01129,buyer
CLT-01130,buyer
CLT-01131,buyer
CLT-01132,buyer
CLT-01133,seller
CLT-01134,buyer
CLT-01135,buyer
CLT-01136,seller
CLT-01137,buyer
CLT-01138,buyer
CLT-01139,buyer
CLT-01140,seller
CLT-01141,buyer
CLT-01142,buyer
CLT-01143,buyer
CLT-01144,seller
CLT-01145,seller
CLT-01146,buyer
CLT-01147,buyer
CLT-01148,buyer
CLT-01149,buyer
CLT-01150,seller
CLT-01151,buyer
CLT-01152,seller
CLT-01153,seller
CLT-01154,seller
CLT-01155,seller
CLT-01156,buyer
CLT-01157,seller
CLT-01158,seller
CLT-01159,seller
CLT-01160,seller
CLT-01161,seller
CLT-01162,seller
CLT-01163,seller
CLT-01164,buyer
CLT-01165,buyer
CLT-01166,buyer
CLT-01167,seller
CLT-01168,buyer
CLT-01169,buyer
CLT-01170,seller
CLT-01171,buyer
CLT-01172,buyer
CLT-01173,seller
CLT-01174,seller
CLT-01175,buyer
CLT-01176,seller
CLT-01177,buyer
CLT-01178,buyer
CLT-01179,seller
CLT-01180,buyer
CLT-01181,seller
CLT-01182,seller
CLT-01183,seller
CLT-01184,seller
CLT-01185,buyer
CLT-01186,buyer
CLT-01187,buyer
CLT-01188,seller
CLT-01189,seller
CLT-01190,buyer
CLT-01191,seller
CLT-01192,buyer
CLT-01193,seller
CLT-01194,buyer
CLT-01195,buyer
CLT-01196,seller
CLT-01197,seller
CLT-01198,buyer
CLT-01199,buyer
CLT-01200,buyer
CLT-01201,buyer
CLT-01202,seller
CLT-01203,buyer
CLT-01204,seller
CLT-01205,seller
CLT-01206,seller
CLT-01207,buyer
CLT-01208,seller
CLT-01209,seller
CLT-01210,buyer
CLT-01211,seller
CLT-01212,seller
CLT-01213,seller
CLT-01214,buyer
CLT-01215,buyer
CLT-01216,buyer
CLT-01217,seller
CLT-01218,buyer
CLT-01219,seller
CLT-01220,buyer
CLT-01221,buyer
CLT-01222,seller
CLT-01223,buyer
CLT-01224,seller
CLT-01225,buyer
CLT-01226,seller
CLT-01227,seller
CLT-01228,buyer
CLT-01229,seller
CLT-01230,seller
CLT-01231,seller
CLT-01232,seller
CLT-01233,seller
CLT-01234,buyer
CLT-01235,buyer
CLT-01236,buyer
CLT-01237,seller
CLT-01238,buyer
CLT-01239,seller
CLT-01240,buyer
CLT-01241,seller
CLT-01242,seller
CLT-01243,seller
CLT-01244,seller
CLT-01245,seller
CLT-01246,buyer
CLT-01247,seller
CLT-01248,buyer
CLT-01249,seller
CLT-01250,buyer
CLT-01251,seller
CLT-01252,seller
CLT-01253,buyer
CLT-01254,buyer
CLT-01255,seller
CLT-01256,buyer
CLT-01257,seller
CLT-01258,buyer
CLT-01259,seller
CLT-01260,seller
CLT-01261,buyer
CLT-01262,seller
CLT-01263,seller
CLT-01264,seller
CLT-01265,seller
CLT-01266,buyer
CLT-01267,buyer
CLT-01268,seller
CLT-01269,seller
CLT-01270,seller
CLT-01271,buyer
CLT-01272,buyer
CLT-01273,buyer
CLT-01274,seller
CLT-01275,buyer
CLT-01276,seller
CLT-01277,seller
CLT-01278,seller
CLT-01279,seller
CLT-01280,buyer
CLT-01281,seller
CLT-01282,seller
CLT-01283,seller
CLT-01284,buyer
CLT-01285,buyer
CLT-01286,seller
CLT-01287,buyer
CLT-01288,seller
CLT-01289,seller
CLT-01290,seller
CLT-01291,seller
CLT-01292,seller
CLT-01293,seller
CLT-01294,seller
CLT-01295,seller
CLT-01296,seller
CLT-01297,seller
CLT-01298,buyer
CLT-01299,buyer
CLT-01300,buyer
CLT-01301,seller
CLT-01302,buyer
CLT-01303,seller
CLT-01304,seller
CLT-01305,seller
CLT-01306,seller
CLT-01307,seller
CLT-01308,seller
CLT-01309,buyer
CLT-01310,buyer
CLT-01311,buyer
CLT-01312,buyer
CLT-01313,buyer
CLT-01314,seller
CLT-01315,buyer
CLT-01316,buyer
CLT-01317,seller
CLT-01318,buyer
CLT-01319,seller
CLT-01320,buyer
CLT-01321,seller
CLT-01322,buyer
CLT-01323,buyer
CLT-01324,seller
CLT-01325,seller
CLT-01326,buyer
CLT-01327,seller
CLT-01328,seller
CLT-01329,seller
CLT-01330,buyer
CLT-01331,seller
CLT-01332,seller
CLT-01333,seller
CLT-01334,buyer
CLT-01335,buyer
CLT-01336,buyer
CLT-01337,buyer
CLT-01338,buyer
CLT-01339,buyer
CLT-01340,buyer
CLT-01341,seller
CLT-01342,seller
CLT-01343,buyer
CLT-01344,seller
CLT-01345,buyer
CLT-01346,buyer
CLT-01347,seller
CLT-01348,seller
CLT-01349,seller
CLT-01350,seller
CLT-01351,seller
CLT-01352,seller
CLT-01353,buyer
CLT-01354,seller
CLT-01355,buyer
CLT-01356,buyer
CLT-01357,buyer
CLT-01358,buyer
CLT-01359,seller
CLT-01360,seller
CLT-01361,buyer
CLT-01362,buyer
CLT-01363,buyer
CLT-01364,seller
CLT-01365,seller
CLT-01366,seller
CLT-01367,seller
CLT-01368,seller
CLT-01369,buyer
CLT-01370,seller
CLT-01371,buyer
CLT-01372,buyer
CLT-01373,seller
CLT-01374,buyer
CLT-01375,seller
CLT-01376,buyer
CLT-01377,seller
CLT-01378,buyer
CLT-01379,seller
CLT-01380,seller
CLT-01381,buyer
CLT-01382,seller
CLT-01383,seller
CLT-01384,buyer
CLT-01385,seller
CLT-01386,buyer
CLT-01387,seller
CLT-01388,seller
CLT-01389,seller
CLT-01390,seller
CLT-01391,buyer
CLT-01392,buyer
CLT-01393,buyer
CLT-01394,seller
CLT-01395,buyer
CLT-01396,seller
CLT-01397,seller
CLT-01398,buyer
CLT-01399,seller
CLT-01400,buyer
CLT-01401,buyer
CLT-01402,seller
CLT-01403,seller
CLT-01404,buyer
CLT-01405,seller
CLT-01406,seller
CLT-01407,buyer
CLT-01408,seller
CLT-01409,buyer
CLT-01410,seller
CLT-01411,seller
CLT-01412,buyer
CLT-01413,seller
CLT-01414,buyer
CLT-01415,buyer
CLT-01416,buyer
CLT-01417,seller
CLT-01418,buyer
CLT-01419,seller
CLT-01420,seller
CLT-01421,seller
CLT-01422,seller
CLT-01423,buyer
CLT-01424,buyer
CLT-01425,seller
CLT-01426,buyer
CLT-01427,buyer
CLT-01428,seller
CLT-01429,seller
CLT-01430,buyer
CLT-01431,seller
CLT-01432,buyer
CLT-01433,seller
CLT-01434,buyer
CLT-01435,seller
CLT-01436,seller
CLT-01437,seller
CLT-01438,buyer
CLT-01439,seller
CLT-01440,buyer
CLT-01441,buyer
CLT-01442,seller
CLT-01443,buyer
CLT-01444,buyer
CLT-01445,buyer
CLT-01446,seller
CLT-01447,buyer
CLT-01448,seller
CLT-01449,buyer
CLT-01450,seller
CLT-01451,buyer
CLT-01452,seller
CLT-01453,buyer
CLT-01454,buyer
CLT-01455,seller
CLT-01456,seller
CLT-01457,buyer
CLT-01458,seller
CLT-01459,seller
CLT-01460,buyer
CLT-01461,seller
CLT-01462,buyer
CLT-01463,buyer
CLT-01464,seller
CLT-01465,seller
CLT-01466,seller
CLT-01467,seller
CLT-01468,seller
CLT-01469,buyer
CLT-01470,seller
CLT-01471,seller
CLT-01472,buyer
CLT-01473,seller
CLT-01474,seller
CLT-01475,seller
CLT-01476,buyer
CLT-01477,buyer
CLT-01478,buyer
CLT-01479,buyer
CLT-01480,buyer
CLT-01481,seller
CLT-01482,buyer
CLT-01483,buyer
CLT-01484,seller
CLT-01485,seller
CLT-01486,seller
CLT-01487,seller
CLT-01488,seller
CLT-01489,seller
CLT-01490,buyer
CLT-01491,seller
CLT-01492,seller
CLT-01493,seller
CLT-01494,buyer
CLT-01495,buyer
CLT-01496,buyer
CLT-01497,seller
CLT-01498,seller
CLT-01499,seller
CLT-01500,seller
CLT-01501,seller
CLT-01502,buyer
CLT-01503,seller
CLT-01504,buyer
CLT-01505,buyer
CLT-01506,seller
CLT-01507,seller
CLT-01508,buyer
CLT-01509,buyer
CLT-01510,buyer
CLT-01511,seller
CLT-01512,seller
CLT-01513,seller
CLT-01514,seller
CLT-01515,seller
CLT-01516,seller
CLT-01517,seller
CLT-01518,seller
CLT-01519,buyer
CLT-01520,seller
CLT-01521,seller
CLT-01522,buyer
CLT-01523,buyer
CLT-01524,seller
CLT-01525,seller
CLT-01526,buyer
CLT-01527,buyer
CLT-01528,seller
CLT-01529,seller
CLT-01530,buyer
CLT-01531,buyer
CLT-01532,seller
CLT-01533,buyer
CLT-01534,seller
CLT-01535,buyer
CLT-01536,buyer
CLT-01537,seller
CLT-01538,buyer
CLT-01539,buyer
CLT-01540,buyer
CLT-01541,buyer
CLT-01542,seller
CLT-01543,seller
CLT-01544,buyer
CLT-01545,seller
CLT-01546,seller
CLT-01547,seller
CLT-01548,seller
CLT-01549,seller
CLT-01550,buyer
CLT-01551,buyer
CLT-01552,seller
CLT-01553,seller
CLT-01554,seller
CLT-01555,buyer
CLT-01556,seller
CLT-01557,buyer
CLT-01558,seller
CLT-01559,seller
CLT-01560,seller
CLT-01561,seller
CLT-01562,buyer
CLT-01563,buyer
CLT-01564,buyer
CLT-01565,buyer
CLT-01566,seller
CLT-01567,seller
CLT-01568,buyer
CLT-01569,seller
CLT-01570,seller
CLT-01571,buyer
CLT-01572,buyer
CLT-01573,buyer
CLT-01574,buyer
CLT-01575,seller
CLT-01576,buyer
CLT-01577,seller
CLT-01578,seller
CLT-01579,buyer
CLT-01580,seller
CLT-01581,buyer
CLT-01582,buyer
CLT-01583,buyer
CLT-01584,buyer
CLT-01585,buyer
CLT-01586,seller
CLT-01587,buyer
CLT-01588,buyer
CLT-01589,buyer
CLT-01590,seller
CLT-01591,seller
CLT-01592,seller
CLT-01593,buyer
CLT-01594,buyer
CLT-01595,buyer
CLT-01596,seller
CLT-01597,buyer
CLT-01598,buyer
CLT-01599,buyer
CLT-01600,seller
CLT-01601,buyer
CLT-01602,seller
CLT-01603,seller
CLT-01604,seller
CLT-01605,seller
CLT-01606,seller
CLT-01607,seller
CLT-01608,buyer
CLT-01609,seller
CLT-01610,seller
CLT-01611,seller
CLT-01612,buyer
CLT-01613,buyer
CLT-01614,seller
CLT-01615,buyer
CLT-01616,seller
CLT-01617,seller
CLT-01618,buyer
CLT-01619,buyer
CLT-01620,buyer
CLT-01621,buyer
CLT-01622,buyer
CLT-01623,seller
CLT-01624,seller
CLT-01625,buyer
CLT-01626,buyer
CLT-01627,buyer
CLT-01628,seller
CLT-01629,buyer
CLT-01630,buyer
CLT-01631,seller
CLT-01632,seller
CLT-01633,seller
CLT-01634,seller
CLT-01635,seller
CLT-01636,buyer
CLT-01637,seller
CLT-01638,buyer
CLT-01639,seller
CLT-01640,seller
CLT-01641,seller
CLT-01642,seller
CLT-01643,buyer
CLT-01644,seller
CLT-01645,buyer
CLT-01646,seller
CLT-01647,seller
CLT-01648,buyer
CLT-01649,seller
CLT-01650,buyer
CLT-01651,buyer
CLT-01652,seller
CLT-01653,buyer
CLT-01654,buyer
CLT-01655,buyer
CLT-01656,buyer
CLT-01657,buyer
CLT-01658,seller
CLT-01659,seller
CLT-01660,seller
CLT-01661,seller
CLT-01662,buyer
CLT-01663,seller
CLT-01664,buyer
CLT-01665,seller
CLT-01666,seller
CLT-01667,buyer
CLT-01668,buyer
CLT-01669,seller
CLT-01670,buyer
CLT-01671,buyer
CLT-01672,seller
CLT-01673,seller
CLT-01674,buyer
CLT-01675,seller
CLT-01676,buyer
CLT-01677,buyer
CLT-01678,buyer
CLT-01679,buyer
CLT-01680,seller
CLT-01681,seller
CLT-01682,seller
CLT-01683,seller
CLT-01684,seller
CLT-01685,buyer
CLT-01686,buyer
CLT-01687,buyer
CLT-01688,buyer
CLT-01689,buyer
CLT-01690,buyer
CLT-01691,buyer
CLT-01692,seller
CLT-01693,buyer
CLT-01694,buyer
CLT-01695,seller
CLT-01696,seller
CLT-01697,buyer
CLT-01698,seller
CLT-01699,seller
CLT-01700,seller
CLT-01701,seller
CLT-01702,seller
CLT-01703,buyer
CLT-01704,seller
CLT-01705,seller
CLT-01706,seller
CLT-01707,buyer
CLT-01708,buyer
CLT-01709,buyer
CLT-01710,seller
CLT-01711,seller
CLT-01712,seller
CLT-01713,buyer
CLT-01714,buyer
CLT-01715,seller
CLT-01716,seller
CLT-01717,seller
CLT-01718,buyer
CLT-01719,buyer
CLT-01720,seller
CLT-01721,buyer
CLT-01722,seller
CLT-01723,seller
CLT-01724,buyer
CLT-01725,buyer
CLT-01726,seller
CLT-01727,seller
CLT-01728,seller
CLT-01729,seller
CLT-01730,buyer
CLT-01731,seller
CLT-01732,buyer
CLT-01733,seller
CLT-01734,seller
CLT-01735,seller
CLT-01736,seller
CLT-01737,seller
CLT-01738,buyer
CLT-01739,buyer
CLT-01740,seller
CLT-01741,seller
CLT-01742,buyer
CLT-01743,buyer
CLT-01744,seller
CLT-01745,seller
CLT-01746,buyer
CLT-01747,buyer
CLT-01748,seller
CLT-01749,seller
CLT-01750,buyer
CLT-01751,seller
CLT-01752,seller
CLT-01753,seller
CLT-01754,seller
CLT-01755,seller
CLT-01756,buyer
CLT-01757,buyer
CLT-01758,seller
CLT-01759,seller
CLT-01760,buyer
CLT-01761,seller
CLT-01762,seller
CLT-01763,buyer
CLT-01764,seller
CLT-01765,buyer
CLT-01766,buyer
CLT-01767,seller
CLT-01768,seller
CLT-01769,buyer
CLT-01770,buyer
CLT-01771,seller
CLT-01772,buyer
CLT-01773,buyer
CLT-01774,seller
CLT-01775,buyer
CLT-01776,buyer
CLT-01777,seller
CLT-01778,seller
CLT-01779,buyer
CLT-01780,buyer
CLT-01781,seller
CLT-01782,seller
CLT-01783,seller
CLT-01784,buyer
CLT-01785,seller
CLT-01786,buyer
CLT-01787,seller
CLT-01788,seller
CLT-01789,buyer
CLT-01790,buyer
CLT-01791,buyer
CLT-01792,buyer
CLT-01793,seller
CLT-01794,buyer
CLT-01795,seller
CLT-01796,buyer
CLT-01797,buyer
CLT-01798,buyer
CLT-01799,seller
CLT-01800,seller
CLT-01801,buyer
CLT-01802,seller
CLT-01803,seller
CLT-01804,seller
CLT-01805,buyer
CLT-01806,buyer
CLT-01807,buyer
CLT-01808,seller
CLT-01809,buyer
CLT-01810,buyer
CLT-01811,buyer
CLT-01812,seller
CLT-01813,buyer
CLT-01814,seller
CLT-01815,seller
CLT-01816,seller
CLT-01817,buyer
CLT-01818,seller
CLT-01819,buyer
CLT-01820,seller
CLT-01821,buyer
CLT-01822,seller
CLT-01823,buyer
CLT-01824,buyer
CLT-01825,buyer
CLT-01826,seller
CLT-01827,seller
CLT-01828,seller
CLT-01829,buyer
CLT-01830,seller
CLT-01831,seller
CLT-01832,seller
CLT-01833,buyer
CLT-01834,buyer
CLT-01835,buyer
CLT-01836,seller
CLT-01837,buyer
CLT-01838,seller
CLT-01839,seller
CLT-01840,buyer
CLT-01841,seller
CLT-01842,buyer
CLT-01843,buyer
CLT-01844,buyer
CLT-01845,buyer
CLT-01846,buyer
CLT-01847,seller
CLT-01848,seller
CLT-01849,buyer
CLT-01850,buyer
CLT-01851,buyer
CLT-01852,buyer
CLT-01853,seller
CLT-01854,seller
CLT-01855,seller
CLT-01856,seller
CLT-01857,seller
CLT-01858,seller
CLT-01859,seller
CLT-01860,seller
CLT-01861,seller
CLT-01862,seller
CLT-01863,buyer
CLT-01864,seller
CLT-01865,buyer
CLT-01866,buyer
CLT-01867,buyer
CLT-01868,buyer
CLT-01869,seller
CLT-01870,seller
CLT-01871,buyer
CLT-01872,buyer
CLT-01873,buyer
CLT-01874,seller
CLT-01875,buyer
CLT-01876,seller
CLT-01877,buyer
CLT-01878,seller
CLT-01879,buyer
CLT-01880,buyer
CLT-01881,buyer
CLT-01882,buyer
CLT-01883,buyer
CLT-01884,seller
CLT-01885,seller
CLT-01886,seller
CLT-01887,buyer
CLT-01888,buyer
CLT-01889,buyer
CLT-01890,buyer
CLT-01891,seller
CLT-01892,buyer
CLT-01893,buyer
CLT-01894,buyer
CLT-01895,buyer
CLT-01896,seller
CLT-01897,seller
CLT-01898,seller
CLT-01899,seller
CLT-01900,seller
CLT-01901,buyer
CLT-01902,seller
CLT-01903,buyer
CLT-01904,buyer
CLT-01905,seller
CLT-01906,seller
CLT-01907,buyer
CLT-01908,buyer
CLT-01909,buyer
CLT-01910,buyer
CLT-01911,seller
CLT-01912,seller
CLT-01913,seller
CLT-01914,seller
CLT-01915,seller
CLT-01916,seller
CLT-01917,seller
CLT-01918,seller
CLT-01919,seller
CLT-01920,buyer
CLT-01921,buyer
CLT-01922,seller
CLT-01923,buyer
CLT-01924,buyer
CLT-01925,seller
CLT-01926,buyer
CLT-01927,buyer
CLT-01928,seller
CLT-01929,seller
CLT-01930,seller
CLT-01931,seller
CLT-01932,buyer
CLT-01933,buyer
CLT-01934,buyer
CLT-01935,seller
CLT-01936,seller
CLT-01937,seller
CLT-01938,buyer
CLT-01939,buyer
CLT-01940,seller
CLT-01941,buyer
CLT-01942,buyer
CLT-01943,buyer
CLT-01944,buyer
CLT-01945,buyer
CLT-01946,buyer
CLT-01947,seller
CLT-01948,buyer
CLT-01949,seller
CLT-01950,buyer
CLT-01951,buyer
CLT-01952,seller
CLT-01953,buyer
CLT-01954,buyer
CLT-01955,seller
CLT-01956,seller
CLT-01957,buyer
CLT-01958,buyer
CLT-01959,buyer
CLT-01960,buyer
CLT-01961,seller
CLT-01962,buyer
CLT-01963,seller
CLT-01964,buyer
CLT-01965,seller
CLT-01966,buyer
CLT-01967,buyer
CLT-01968,seller
CLT-01969,seller
CLT-01970,seller
CLT-01971,seller
CLT-01972,seller
CLT-01973,seller
CLT-01974,buyer
CLT-01975,seller
CLT-01976,seller
CLT-01977,buyer
CLT-01978,buyer
CLT-01979,buyer
CLT-01980,buyer
CLT-01981,seller
CLT-01982,seller
CLT-01983,seller
CLT-01984,buyer
CLT-01985,seller
CLT-01986,buyer
CLT-01987,buyer
CLT-01988,buyer
CLT-01989,buyer
CLT-01990,seller
CLT-01991,buyer
CLT-01992,seller
CLT-01993,buyer
CLT-01994,buyer
CLT-01995,buyer
CLT-01996,buyer
CLT-01997,seller
CLT-01998,seller
CLT-01999,buyer
CLT-02000,seller
CLT-02001,buyer
CLT-02002,seller
CLT-02003,buyer
CLT-02004,seller
CLT-02005,seller
CLT-02006,buyer
CLT-02007,seller
CLT-02008,buyer
CLT-02009,seller
CLT-02010,seller
CLT-02011,seller
CLT-02012,seller
CLT-02013,buyer
CLT-02014,buyer
CLT-02015,buyer
CLT-02016,seller
CLT-02017,seller
CLT-02018,seller
CLT-02019,buyer
CLT-02020,seller
CLT-02021,seller
CLT-02022,buyer
CLT-02023,buyer
CLT-02024,buyer
CLT-02025,buyer
CLT-02026,buyer
CLT-02027,buyer
CLT-02028,seller
CLT-02029,seller
CLT-02030,buyer
CLT-02031,seller
CLT-02032,seller
CLT-02033,buyer
CLT-02034,seller
CLT-02035,buyer
CLT-02036,buyer
CLT-02037,buyer
CLT-02038,buyer
CLT-02039,buyer
CLT-02040,buyer
CLT-02041,seller
CLT-02042,seller
CLT-02043,buyer
CLT-02044,seller
CLT-02045,buyer
CLT-02046,seller
CLT-02047,seller
CLT-02048,seller
CLT-02049,buyer
CLT-02050,seller
CLT-02051,buyer
CLT-02052,buyer
CLT-02053,buyer
CLT-02054,seller
CLT-02055,buyer
CLT-02056,seller
CLT-02057,buyer
CLT-02058,buyer
CLT-02059,seller
CLT-02060,seller
CLT-02061,seller
CLT-02062,buyer
CLT-02063,buyer
CLT-02064,buyer
CLT-02065,buyer
CLT-02066,seller
CLT-02067,buyer
CLT-02068,seller
CLT-02069,seller
CLT-02070,seller
CLT-02071,buyer
CLT-02072,seller
CLT-02073,buyer
CLT-02074,buyer
CLT-02075,seller
CLT-02076,seller
CLT-02077,seller
CLT-02078,seller
CLT-02079,seller
CLT-02080,buyer
CLT-02081,buyer
CLT-02082,seller
CLT-02083,buyer
CLT-02084,buyer
CLT-02085,buyer
CLT-02086,seller
CLT-02087,seller
CLT-02088,buyer
CLT-02089,buyer
CLT-02090,seller
CLT-02091,seller
CLT-02092,seller
CLT-02093,seller
CLT-02094,seller
CLT-02095,seller
CLT-02096,buyer
CLT-02097,seller
CLT-02098,buyer
CLT-02099,seller
CLT-02100,seller
CLT-02101,seller
CLT-02102,buyer
CLT-02103,seller
CLT-02104,buyer
CLT-02105,seller
CLT-02106,buyer
CLT-02107,buyer
CLT-02108,buyer
CLT-02109,buyer
CLT-02110,seller
CLT-02111,buyer
CLT-02112,buyer
CLT-02113,seller
CLT-02114,buyer
CLT-02115,seller
CLT-02116,seller
CLT-02117,buyer
CLT-02118,buyer
CLT-02119,buyer
CLT-02120,buyer
CLT-02121,buyer
CLT-02122,seller
CLT-02123,seller
CLT-02124,buyer
CLT-02125,seller
CLT-02126,buyer
CLT-02127,seller
CLT-02128,seller
CLT-02129,seller
CLT-02130,buyer
CLT-02131,buyer
CLT-02132,seller
CLT-02133,seller
CLT-02134,seller
CLT-02135,buyer
CLT-02136,seller
CLT-02137,seller
CLT-02138,buyer
CLT-02139,buyer
CLT-02140,seller
CLT-02141,seller
CLT-02142,buyer
CLT-02143,seller
CLT-02144,buyer
CLT-02145,seller
CLT-02146,buyer
CLT-02147,buyer
CLT-02148,buyer
CLT-02149,seller
CLT-02150,buyer
CLT-02151,seller
CLT-02152,seller
CLT-02153,seller
CLT-02154,buyer
CLT-02155,buyer
CLT-02156,seller
CLT-02157,seller
CLT-02158,seller
CLT-02159,seller
CLT-02160,seller
CLT-02161,seller
CLT-02162,buyer
CLT-02163,buyer
CLT-02164,seller
CLT-02165,seller
CLT-02166,seller
CLT-02167,buyer
CLT-02168,seller
CLT-02169,buyer
CLT-02170,buyer
CLT-02171,buyer
CLT-02172,seller
CLT-02173,seller
CLT-02174,buyer
CLT-02175,seller
CLT-02176,seller
CLT-02177,seller
CLT-02178,buyer
CLT-02179,seller
CLT-02180,buyer
CLT-02181,seller
CLT-02182,seller
CLT-02183,buyer
CLT-02184,buyer
CLT-02185,buyer
CLT-02186,buyer
CLT-02187,buyer
CLT-02188,buyer
CLT-02189,seller
CLT-02190,seller
CLT-02191,buyer
CLT-02192,buyer
CLT-02193,buyer
CLT-02194,buyer
CLT-02195,buyer
CLT-02196,buyer
CLT-02197,buyer
CLT-02198,seller
CLT-02199,seller
CLT-02200,buyer
CLT-02201,buyer
CLT-02202,seller
CLT-02203,seller
CLT-02204,seller
CLT-02205,seller
CLT-02206,seller
CLT-02207,buyer
CLT-02208,buyer
CLT-02209,seller
CLT-02210,buyer
CLT-02211,seller
CLT-02212,buyer
CLT-02213,buyer
CLT-02214,seller
CLT-02215,seller
CLT-02216,buyer
CLT-02217,seller
CLT-02218,buyer
CLT-02219,seller
CLT-02220,seller
CLT-02221,seller
CLT-02222,buyer
CLT-02223,seller
CLT-02224,seller
CLT-02225,buyer
CLT-02226,seller
CLT-02227,seller
CLT-02228,buyer
CLT-02229,seller
CLT-02230,buyer
CLT-02231,buyer
CLT-02232,seller
CLT-02233,buyer
CLT-02234,seller
CLT-02235,seller
CLT-02236,seller
CLT-02237,seller
CLT-02238,seller
CLT-02239,buyer
CLT-02240,buyer
CLT-02241,buyer
CLT-02242,buyer
CLT-02243,buyer
CLT-02244,buyer
CLT-02245,seller
CLT-02246,buyer
CLT-02247,buyer
CLT-02248,seller
CLT-02249,seller
CLT-02250,seller
CLT-02251,buyer
CLT-02252,seller
CLT-02253,seller
CLT-02254,seller
CLT-02255,seller
CLT-02256,buyer
CLT-02257,buyer
CLT-02258,buyer
CLT-02259,seller
CLT-02260,seller
CLT-02261,buyer
CLT-02262,seller
CLT-02263,seller
CLT-02264,seller
CLT-02265,seller
CLT-02266,buyer
CLT-02267,buyer
CLT-02268,buyer
CLT-02269,seller
CLT-02270,seller
CLT-02271,seller
CLT-02272,seller
CLT-02273,seller
CLT-02274,buyer
CLT-02275,seller
CLT-02276,seller
CLT-02277,seller
CLT-02278,seller
CLT-02279,buyer
CLT-02280,seller
CLT-02281,seller
CLT-02282,seller
CLT-02283,seller
CLT-02284,buyer
CLT-02285,seller
CLT-02286,buyer
CLT-02287,buyer
CLT-02288,buyer
CLT-02289,seller
CLT-02290,buyer
CLT-02291,buyer
CLT-02292,buyer
CLT-02293,seller
CLT-02294,seller
CLT-02295,seller
CLT-02296,buyer
CLT-02297,buyer
CLT-02298,seller
CLT-02299,seller
CLT-02300,buyer
CLT-02301,buyer
CLT-02302,seller
CLT-02303,seller
CLT-02304,seller
CLT-02305,seller
CLT-02306,seller
CLT-02307,seller
CLT-02308,seller
CLT-02309,buyer
CLT-02310,seller
CLT-02311,buyer
CLT-02312,buyer
CLT-02313,seller
CLT-02314,buyer
CLT-02315,seller
CLT-02316,seller
CLT-02317,seller
CLT-02318,buyer
CLT-02319,buyer
CLT-02320,buyer
CLT-02321,buyer
CLT-02322,seller
CLT-02323,buyer
CLT-02324,seller
CLT-02325,buyer
CLT-02326,buyer
CLT-02327,seller
CLT-02328,seller
CLT-02329,seller
CLT-02330,buyer
CLT-02331,buyer
CLT-02332,seller
CLT-02333,seller
CLT-02334,seller
CLT-02335,seller
CLT-02336,buyer
CLT-02337,seller
CLT-02338,buyer
CLT-02339,seller
CLT-02340,seller
CLT-02341,buyer
CLT-02342,seller
CLT-02343,buyer
CLT-02344,seller
CLT-02345,buyer
CLT-02346,seller
CLT-02347,buyer
CLT-02348,seller
CLT-02349,seller
CLT-02350,buyer
CLT-02351,buyer
CLT-02352,buyer
CLT-02353,buyer
CLT-02354,seller
CLT-02355,seller
CLT-02356,seller
CLT-02357,buyer
CLT-02358,seller
CLT-02359,buyer
CLT-02360,seller
CLT-02361,buyer
CLT-02362,buyer
CLT-02363,seller
CLT-02364,seller
CLT-02365,seller
CLT-02366,buyer
CLT-02367,seller
CLT-02368,seller
CLT-02369,buyer
CLT-02370,buyer
CLT-02371,seller
CLT-02372,buyer
CLT-02373,seller
CLT-02374,buyer
CLT-02375,seller
CLT-02376,seller
CLT-02377,seller
CLT-02378,seller
CLT-02379,seller
CLT-02380,seller
CLT-02381,seller
CLT-02382,seller
CLT-02383,buyer
CLT-02384,buyer
CLT-02385,seller
CLT-02386,buyer
CLT-02387,buyer
CLT-02388,seller
CLT-02389,seller
CLT-02390,seller
CLT-02391,seller
CLT-02392,buyer
CLT-02393,seller
CLT-02394,seller
CLT-02395,seller
CLT-02396,seller
CLT-02397,seller
CLT-02398,buyer
CLT-02399,seller
CLT-02400,buyer
CLT-02401,buyer
CLT-02402,seller
CLT-02403,seller
CLT-02404,seller
CLT-02405,buyer
CLT-02406,buyer
CLT-02407,buyer
CLT-02408,seller
CLT-02409,seller
CLT-02410,buyer
CLT-02411,buyer
CLT-02412,buyer
CLT-02413,buyer
CLT-02414,buyer
CLT-02415,buyer
CLT-02416,buyer
CLT-02417,seller
CLT-02418,buyer
CLT-02419,seller
CLT-02420,seller
CLT-02421,buyer
CLT-02422,buyer
CLT-02423,buyer
CLT-02424,seller
CLT-02425,seller
CLT-02426,buyer
CLT-02427,buyer
CLT-02428,buyer
CLT-02429,buyer
CLT-02430,buyer
CLT-02431,seller
CLT-02432,seller
CLT-02433,seller
CLT-02434,seller
CLT-02435,seller
CLT-02436,buyer
CLT-02437,seller
CLT-02438,seller
CLT-02439,seller
CLT-02440,seller
CLT-02441,seller
CLT-02442,buyer
CLT-02443,seller
CLT-02444,seller
CLT-02445,buyer
CLT-02446,seller
CLT-02447,seller
CLT-02448,seller
CLT-02449,seller
CLT-02450,buyer
CLT-02451,seller
CLT-02452,seller
CLT-02453,buyer
CLT-02454,buyer
CLT-02455,seller
CLT-02456,seller
CLT-02457,buyer
CLT-02458,seller
CLT-02459,buyer
CLT-02460,seller
CLT-02461,seller
CLT-02462,buyer
CLT-02463,seller
CLT-02464,buyer
CLT-02465,buyer
CLT-02466,buyer
CLT-02467,seller
CLT-02468,seller
CLT-02469,seller
CLT-02470,seller
CLT-02471,seller
CLT-02472,seller
CLT-02473,buyer
CLT-02474,buyer
CLT-02475,seller
CLT-02476,buyer
CLT-02477,seller
CLT-02478,buyer
CLT-02479,seller
CLT-02480,seller
CLT-02481,buyer
CLT-02482,buyer
CLT-02483,buyer
CLT-02484,buyer
CLT-02485,seller
CLT-02486,seller
CLT-02487,seller
CLT-02488,buyer
CLT-02489,seller
CLT-02490,seller
CLT-02491,seller
CLT-02492,buyer
CLT-02493,buyer
CLT-02494,buyer
CLT-02495,seller
CLT-02496,seller
CLT-02497,seller
CLT-02498,seller
CLT-02499,seller
CLT-02500,seller
CLT-02501,buyer
CLT-02502,buyer
CLT-02503,buyer
CLT-02504,seller
CLT-02505,buyer
CLT-02506,seller
CLT-02507,seller
CLT-02508,buyer
CLT-02509,seller
CLT-02510,buyer
CLT-02511,buyer
CLT-02512,buyer
CLT-02513,seller
CLT-02514,buyer
CLT-02515,buyer
CLT-02516,seller
CLT-02517,buyer
CLT-02518,seller
CLT-02519,seller
CLT-02520,seller
CLT-02521,seller
CLT-02522,seller
CLT-02523,buyer
CLT-02524,buyer
CLT-02525,buyer
CLT-02526,buyer
CLT-02527,buyer
CLT-02528,buyer
CLT-02529,seller
CLT-02530,seller
CLT-02531,seller
CLT-02532,buyer
CLT-02533,seller
CLT-02534,seller
CLT-02535,buyer
CLT-02536,buyer
CLT-02537,seller
CLT-02538,seller
CLT-02539,buyer
CLT-02540,seller
CLT-02541,seller
CLT-02542,seller
CLT-02543,seller
CLT-02544,buyer
CLT-02545,seller
CLT-02546,seller
CLT-02547,buyer
CLT-02548,seller
CLT-02549,buyer
CLT-02550,buyer
CLT-02551,seller
CLT-02552,seller
CLT-02553,buyer
CLT-02554,buyer
CLT-02555,seller
CLT-02556,buyer
CLT-02557,seller
CLT-02558,seller
CLT-02559,buyer
CLT-02560,seller
CLT-02561,seller
CLT-02562,seller
CLT-02563,buyer
CLT-02564,seller
CLT-02565,seller
CLT-02566,seller
CLT-02567,seller
CLT-02568,seller
CLT-02569,seller
CLT-02570,buyer
CLT-02571,seller
CLT-02572,seller
CLT-02573,seller
CLT-02574,seller
CLT-02575,seller
CLT-02576,seller
CLT-02577,seller
CLT-02578,buyer
CLT-02579,buyer
CLT-02580,seller
CLT-02581,seller
CLT-02582,seller
CLT-02583,buyer
CLT-02584,seller
CLT-02585,buyer
CLT-02586,buyer
CLT-02587,buyer
CLT-02588,buyer
CLT-02589,seller
CLT-02590,buyer
CLT-02591,seller
CLT-02592,seller
CLT-02593,buyer
CLT-02594,buyer
CLT-02595,buyer
CLT-02596,buyer
CLT-02597,seller
CLT-02598,seller
CLT-02599,buyer
CLT-02600,seller
CLT-02601,seller
CLT-02602,buyer
CLT-02603,buyer
CLT-02604,seller
CLT-02605,buyer
CLT-02606,seller
CLT-02607,buyer
CLT-02608,buyer
CLT-02609,seller
CLT-02610,seller
CLT-02611,seller
CLT-02612,buyer
CLT-02613,seller
CLT-02614,seller
CLT-02615,buyer
CLT-02616,seller
CLT-02617,buyer
CLT-02618,seller
CLT-02619,seller
CLT-02620,buyer
CLT-02621,buyer
CLT-02622,seller
CLT-02623,seller
CLT-02624,buyer
CLT-02625,seller
CLT-02626,buyer
CLT-02627,buyer
CLT-02628,seller
CLT-02629,seller
CLT-02630,buyer
CLT-02631,buyer
CLT-02632,seller
CLT-02633,buyer
CLT-02634,buyer
CLT-02635,seller
CLT-02636,buyer
CLT-02637,seller
CLT-02638,buyer
CLT-02639,seller
CLT-02640,buyer
CLT-02641,seller
CLT-02642,seller
CLT-02643,buyer
CLT-02644,buyer
CLT-02645,buyer
CLT-02646,buyer
CLT-02647,buyer
CLT-02648,buyer
CLT-02649,seller
CLT-02650,buyer
CLT-02651,seller
CLT-02652,seller
CLT-02653,seller
CLT-02654,buyer
CLT-02655,buyer
CLT-02656,buyer
CLT-02657,seller
CLT-02658,seller
CLT-02659,buyer
CLT-02660,seller
CLT-02661,seller
CLT-02662,seller
CLT-02663,buyer
CLT-02664,buyer
CLT-02665,buyer
CLT-02666,seller
CLT-02667,buyer
CLT-02668,seller
CLT-02669,buyer
CLT-02670,buyer
CLT-02671,buyer
CLT-02672,seller
CLT-02673,buyer
CLT-02674,buyer
CLT-02675,seller
CLT-02676,seller
CLT-02677,buyer
CLT-02678,seller
CLT-02679,seller
CLT-02680,buyer
CLT-02681,seller
CLT-02682,seller
CLT-02683,buyer
CLT-02684,buyer
CLT-02685,buyer
CLT-02686,seller
CLT-02687,buyer
CLT-02688,buyer
CLT-02689,buyer
CLT-02690,seller
CLT-02691,seller
CLT-02692,buyer
CLT-02693,buyer
CLT-02694,seller
CLT-02695,seller
CLT-02696,buyer
CLT-02697,seller
CLT-02698,buyer
CLT-02699,buyer
CLT-02700,buyer
CLT-02701,seller
CLT-02702,buyer
CLT-02703,seller
CLT-02704,seller
CLT-02705,buyer
CLT-02706,buyer
CLT-02707,buyer
CLT-02708,seller
CLT-02709,buyer
CLT-02710,buyer
CLT-02711,seller
CLT-02712,buyer
CLT-02713,seller
CLT-02714,buyer
CLT-02715,seller
CLT-02716,seller
CLT-02717,buyer
CLT-02718,seller
CLT-02719,buyer
CLT-02720,buyer
CLT-02721,seller
CLT-02722,seller
CLT-02723,buyer
CLT-02724,seller
CLT-02725,buyer
CLT-02726,seller
CLT-02727,seller
CLT-02728,buyer
CLT-02729,seller
CLT-02730,seller
CLT-02731,buyer
CLT-02732,buyer
CLT-02733,seller
CLT-02734,buyer
CLT-02735,seller
CLT-02736,buyer
CLT-02737,buyer
CLT-02738,seller
CLT-02739,buyer
CLT-02740,seller
CLT-02741,buyer
CLT-02742,seller
CLT-02743,buyer
CLT-02744,buyer
CLT-02745,buyer
CLT-02746,seller
CLT-02747,seller
CLT-02748,buyer
CLT-02749,seller
CLT-02750,seller
CLT-02751,seller
CLT-02752,buyer
CLT-02753,seller
CLT-02754,seller
CLT-02755,buyer
CLT-02756,seller
CLT-02757,seller
CLT-02758,seller
CLT-02759,buyer
CLT-02760,seller
CLT-02761,seller
CLT-02762,buyer
CLT-02763,buyer
CLT-02764,buyer
CLT-02765,seller
CLT-02766,buyer
CLT-02767,seller
CLT-02768,buyer
CLT-02769,buyer
CLT-02770,buyer
CLT-02771,buyer
CLT-02772,buyer
CLT-02773,seller
CLT-02774,seller
CLT-02775,buyer
CLT-02776,buyer
CLT-02777,seller
CLT-02778,buyer
CLT-02779,seller
CLT-02780,seller
CLT-02781,buyer
CLT-02782,buyer
CLT-02783,seller
CLT-02784,buyer
CLT-02785,buyer
CLT-02786,seller
CLT-02787,seller
CLT-02788,seller
CLT-02789,buyer
CLT-02790,buyer
CLT-02791,buyer
CLT-02792,seller
CLT-02793,seller
CLT-02794,seller
CLT-02795,seller
CLT-02796,buyer
CLT-02797,seller
CLT-02798,seller
CLT-02799,seller
CLT-02800,buyer
CLT-02801,buyer
CLT-02802,buyer
CLT-02803,buyer
CLT-02804,seller
CLT-02805,buyer
CLT-02806,seller
CLT-02807,seller
CLT-02808,seller
CLT-02809,seller
CLT-02810,buyer
CLT-02811,buyer
CLT-02812,seller
CLT-02813,buyer
CLT-02814,seller
CLT-02815,buyer
CLT-02816,seller
CLT-02817,buyer
CLT-02818,buyer
CLT-02819,seller
CLT-02820,buyer
CLT-02821,buyer
CLT-02822,seller
CLT-02823,seller
CLT-02824,buyer
CLT-02825,seller
CLT-02826,buyer
CLT-02827,seller
CLT-02828,buyer
CLT-02829,buyer
CLT-02830,seller
CLT-02831,seller
CLT-02832,buyer
CLT-02833,seller
CLT-02834,buyer
CLT-02835,seller
CLT-02836,buyer
CLT-02837,seller
CLT-02838,buyer
CLT-02839,seller
CLT-02840,buyer
CLT-02841,buyer
CLT-02842,seller
CLT-02843,seller
CLT-02844,seller
CLT-02845,seller
CLT-02846,buyer
CLT-02847,seller
CLT-02848,seller
CLT-02849,buyer
CLT-02850,buyer
CLT-02851,buyer
CLT-02852,seller
CLT-02853,seller
CLT-02854,buyer
CLT-02855,seller
CLT-02856,buyer
CLT-02857,seller
CLT-02858,buyer
CLT-02859,seller
CLT-02860,seller
CLT-02861,seller
CLT-02862,seller
CLT-02863,buyer
CLT-02864,seller
CLT-02865,buyer
CLT-02866,buyer
CLT-02867,seller
CLT-02868,buyer
CLT-02869,buyer
CLT-02870,seller
CLT-02871,buyer
CLT-02872,seller
CLT-02873,seller
CLT-02874,seller
CLT-02875,seller
CLT-02876,buyer
CLT-02877,seller
CLT-02878,buyer
CLT-02879,seller
CLT-02880,buyer
CLT-02881,seller
CLT-02882,seller
CLT-02883,buyer
CLT-02884,seller
CLT-02885,buyer
CLT-02886,buyer
CLT-02887,buyer
CLT-02888,seller
CLT-02889,seller
CLT-02890,seller
CLT-02891,seller
CLT-02892,buyer
CLT-02893,buyer
CLT-02894,seller
CLT-02895,buyer
CLT-02896,buyer
CLT-02897,seller
CLT-02898,buyer
CLT-02899,buyer
CLT-02900,buyer
CLT-02901,buyer
CLT-02902,buyer
CLT-02903,buyer
CLT-02904,buyer
CLT-02905,buyer
CLT-02906,buyer
CLT-02907,seller
CLT-02908,seller
CLT-02909,seller
CLT-02910,seller
CLT-02911,buyer
CLT-02912,seller
CLT-02913,seller
CLT-02914,seller
CLT-02915,seller
CLT-02916,seller
CLT-02917,seller
CLT-02918,seller
CLT-02919,buyer
CLT-02920,buyer
CLT-02921,buyer
CLT-02922,seller
CLT-02923,buyer
CLT-02924,buyer
CLT-02925,buyer
CLT-02926,buyer
CLT-02927,seller
CLT-02928,buyer
CLT-02929,buyer
CLT-02930,buyer
CLT-02931,seller
CLT-02932,buyer
CLT-02933,seller
CLT-02934,buyer
CLT-02935,buyer
CLT-02936,seller
CLT-02937,seller
CLT-02938,seller
CLT-02939,seller
CLT-02940,seller
CLT-02941,buyer
CLT-02942,buyer
CLT-02943,seller
CLT-02944,buyer
CLT-02945,seller
CLT-02946,buyer
CLT-02947,buyer
CLT-02948,buyer
CLT-02949,buyer
CLT-02950,buyer
CLT-02951,buyer
CLT-02952,seller
CLT-02953,buyer
CLT-02954,seller
CLT-02955,seller
CLT-02956,seller
CLT-02957,buyer
CLT-02958,buyer
CLT-02959,seller
CLT-02960,buyer
CLT-02961,buyer
CLT-02962,seller
CLT-02963,seller
CLT-02964,seller
CLT-02965,seller
CLT-02966,buyer
CLT-02967,buyer
CLT-02968,seller
CLT-02969,buyer
CLT-02970,seller
CLT-02971,seller
CLT-02972,seller
CLT-02973,buyer
CLT-02974,seller
CLT-02975,seller
CLT-02976,buyer
CLT-02977,seller
CLT-02978,seller
CLT-02979,seller
CLT-02980,buyer
CLT-02981,buyer
CLT-02982,seller
CLT-02983,buyer
CLT-02984,seller
CLT-02985,buyer
CLT-02986,seller
CLT-02987,buyer
CLT-02988,seller
CLT-02989,seller
CLT-02990,buyer
CLT-02991,seller
CLT-02992,seller
CLT-02993,seller
CLT-02994,seller
CLT-02995,seller
CLT-02996,buyer
CLT-02997,buyer
CLT-02998,buyer
CLT-02999,buyer
CLT-03000,seller
CLT-03001,buyer
CLT-03002,buyer
CLT-03003,buyer
CLT-03004,seller
CLT-03005,seller
CLT-03006,buyer
CLT-03007,buyer
CLT-03008,buyer
CLT-03009,buyer
CLT-03010,buyer
CLT-03011,buyer
CLT-03012,seller
CLT-03013,seller
CLT-03014,seller
CLT-03015,buyer
CLT-03016,seller
CLT-03017,buyer
CLT-03018,seller
CLT-03019,buyer
CLT-03020,buyer
CLT-03021,seller
CLT-03022,buyer
CLT-03023,buyer
CLT-03024,buyer
CLT-03025,buyer
CLT-03026,buyer
CLT-03027,buyer
CLT-03028,seller
CLT-03029,buyer
CLT-03030,seller
CLT-03031,seller
CLT-03032,buyer
CLT-03033,seller
CLT-03034,seller
CLT-03035,seller
CLT-03036,buyer
CLT-03037,buyer
CLT-03038,seller
CLT-03039,buyer
CLT-03040,seller
CLT-03041,buyer
CLT-03042,seller
CLT-03043,buyer
CLT-03044,seller
CLT-03045,seller
CLT-03046,seller
CLT-03047,seller
CLT-03048,seller
CLT-03049,seller
CLT-03050,buyer
CLT-03051,seller
CLT-03052,seller
CLT-03053,seller
CLT-03054,seller
CLT-03055,seller
CLT-03056,buyer
CLT-03057,seller
CLT-03058,buyer
CLT-03059,seller
CLT-03060,buyer
CLT-03061,buyer
CLT-03062,seller
CLT-03063,seller
CLT-03064,buyer
CLT-03065,seller
CLT-03066,buyer
CLT-03067,buyer
CLT-03068,buyer
CLT-03069,buyer
CLT-03070,seller
CLT-03071,seller
CLT-03072,seller
CLT-03073,seller
CLT-03074,buyer
CLT-03075,seller
CLT-03076,buyer
CLT-03077,buyer
CLT-03078,buyer
CLT-03079,buyer
CLT-03080,seller
CLT-03081,buyer
CLT-03082,buyer
CLT-03083,buyer
CLT-03084,seller
CLT-03085,seller
CLT-03086,buyer
CLT-03087,buyer
CLT-03088,buyer
CLT-03089,buyer
CLT-03090,buyer
CLT-03091,buyer
CLT-03092,buyer
CLT-03093,buyer
CLT-03094,buyer
CLT-03095,seller
CLT-03096,seller
CLT-03097,seller
CLT-03098,buyer
CLT-03099,seller
CLT-03100,buyer
CLT-03101,seller
CLT-03102,seller
CLT-03103,seller
CLT-03104,buyer
CLT-03105,buyer
CLT-03106,buyer
CLT-03107,seller
CLT-03108,seller
CLT-03109,seller
CLT-03110,buyer
CLT-03111,buyer
CLT-03112,seller
CLT-03113,seller
CLT-03114,buyer
CLT-03115,seller
CLT-03116,buyer
CLT-03117,buyer
CLT-03118,seller
CLT-03119,seller
CLT-03120,seller
CLT-03121,buyer
CLT-03122,seller
CLT-03123,seller
CLT-03124,buyer
CLT-03125,buyer
CLT-03126,buyer
CLT-03127,buyer
CLT-03128,seller
CLT-03129,seller
CLT-03130,buyer
CLT-03131,seller
CLT-03132,buyer
CLT-03133,seller
CLT-03134,buyer
CLT-03135,buyer
CLT-03136,buyer
CLT-03137,seller
CLT-03138,buyer
CLT-03139,buyer
CLT-03140,buyer
CLT-03141,seller
CLT-03142,seller
CLT-03143,seller
CLT-03144,buyer
CLT-03145,seller
CLT-03146,seller
CLT-03147,buyer
CLT-03148,buyer
CLT-03149,buyer
CLT-03150,buyer
CLT-03151,buyer
CLT-03152,buyer
CLT-03153,seller
CLT-03154,buyer
CLT-03155,seller
CLT-03156,seller
CLT-03157,buyer
CLT-03158,seller
CLT-03159,buyer
CLT-03160,seller
CLT-03161,seller
CLT-03162,buyer
CLT-03163,buyer
CLT-03164,buyer
CLT-03165,buyer
CLT-03166,buyer
CLT-03167,seller
CLT-03168,seller
CLT-03169,buyer
CLT-03170,seller
CLT-03171,seller
CLT-03172,seller
CLT-03173,seller
CLT-03174,buyer
CLT-03175,buyer
CLT-03176,seller
CLT-03177,buyer
CLT-03178,seller
CLT-03179,buyer
CLT-03180,buyer
CLT-03181,buyer
CLT-03182,seller
CLT-03183,buyer
CLT-03184,buyer
CLT-03185,buyer
CLT-03186,buyer
CLT-03187,buyer
CLT-03188,seller
CLT-03189,seller
CLT-03190,seller
CLT-03191,seller
CLT-03192,buyer
CLT-03193,seller
CLT-03194,seller
CLT-03195,seller
CLT-03196,seller
CLT-03197,buyer
CLT-03198,buyer
CLT-03199,seller
CLT-03200,buyer
CLT-03201,buyer
CLT-03202,buyer
CLT-03203,seller
CLT-03204,seller
CLT-03205,seller
CLT-03206,buyer
CLT-03207,buyer
CLT-03208,seller
CLT-03209,seller
CLT-03210,buyer
CLT-03211,buyer
CLT-03212,seller
CLT-03213,buyer
CLT-03214,buyer
CLT-03215,buyer
CLT-03216,seller
CLT-03217,buyer
CLT-03218,seller
CLT-03219,buyer
CLT-03220,buyer
CLT-03221,seller
CLT-03222,seller
CLT-03223,seller
CLT-03224,buyer
CLT-03225,buyer
CLT-03226,buyer
CLT-03227,seller
CLT-03228,buyer
CLT-03229,seller
CLT-03230,buyer
CLT-03231,seller
CLT-03232,buyer
CLT-03233,seller
CLT-03234,buyer
CLT-03235,buyer
CLT-03236,seller
CLT-03237,seller
CLT-03238,seller
CLT-03239,buyer
CLT-03240,seller
CLT-03241,seller
CLT-03242,buyer
CLT-03243,seller
CLT-03244,buyer
CLT-03245,buyer
CLT-03246,seller
CLT-03247,buyer
CLT-03248,seller
CLT-03249,buyer
CLT-03250,buyer
CLT-03251,buyer
CLT-03252,buyer
CLT-03253,seller
CLT-03254,buyer
CLT-03255,seller
CLT-03256,seller
CLT-03257,buyer
CLT-03258,seller
CLT-03259,buyer
CLT-03260,buyer
CLT-03261,buyer
CLT-03262,buyer
CLT-03263,buyer
CLT-03264,buyer
CLT-03265,seller
CLT-03266,seller
CLT-03267,seller
CLT-03268,seller
CLT-03269,seller
CLT-03270,seller
CLT-03271,seller
CLT-03272,seller
CLT-03273,seller
CLT-03274,seller
CLT-03275,buyer
CLT-03276,seller
CLT-03277,buyer
CLT-03278,buyer
CLT-03279,buyer
CLT-03280,buyer
CLT-03281,buyer
CLT-03282,buyer
CLT-03283,seller
CLT-03284,buyer
CLT-03285,buyer
CLT-03286,seller
CLT-03287,seller
CLT-03288,buyer
CLT-03289,seller
CLT-03290,seller
CLT-03291,buyer
CLT-03292,buyer
CLT-03293,buyer
CLT-03294,buyer
CLT-03295,seller
CLT-03296,seller
CLT-03297,buyer
CLT-03298,buyer
CLT-03299,buyer
CLT-03300,buyer
CLT-03301,seller
CLT-03302,seller
CLT-03303,seller
CLT-03304,buyer
CLT-03305,buyer
CLT-03306,buyer
CLT-03307,buyer
CLT-03308,buyer
CLT-03309,seller
CLT-03310,buyer
CLT-03311,buyer
CLT-03312,buyer
CLT-03313,buyer
CLT-03314,seller
CLT-03315,seller
CLT-03316,seller
CLT-03317,buyer
CLT-03318,buyer
CLT-03319,buyer
CLT-03320,buyer
CLT-03321,seller
CLT-03322,seller
CLT-03323,buyer
CLT-03324,seller
CLT-03325,buyer
CLT-03326,seller
CLT-03327,buyer
CLT-03328,buyer
CLT-03329,seller
CLT-03330,seller
CLT-03331,seller
CLT-03332,seller
CLT-03333,seller
CLT-03334,seller
CLT-03335,buyer
CLT-03336,buyer
CLT-03337,seller
CLT-03338,seller
CLT-03339,buyer
CLT-03340,buyer
CLT-03341,seller
CLT-03342,seller
CLT-03343,buyer
CLT-03344,buyer
CLT-03345,seller
CLT-03346,seller
CLT-03347,buyer
CLT-03348,seller
CLT-03349,seller
CLT-03350,seller
CLT-03351,buyer
CLT-03352,buyer
CLT-03353,buyer
CLT-03354,seller
CLT-03355,seller
CLT-03356,seller
CLT-03357,buyer
CLT-03358,buyer
CLT-03359,seller
CLT-03360,buyer
CLT-03361,buyer
CLT-03362,buyer
CLT-03363,seller
CLT-03364,seller
CLT-03365,seller
CLT-03366,buyer
CLT-03367,seller
CLT-03368,buyer
CLT-03369,buyer
CLT-03370,seller
CLT-03371,seller
CLT-03372,buyer
CLT-03373,buyer
CLT-03374,buyer
CLT-03375,seller
CLT-03376,buyer
CLT-03377,seller
CLT-03378,seller
CLT-03379,seller
CLT-03380,buyer
CLT-03381,seller
CLT-03382,seller
CLT-03383,seller
CLT-03384,buyer
CLT-03385,buyer
CLT-03386,buyer
CLT-03387,buyer
CLT-03388,buyer
CLT-03389,seller
CLT-03390,buyer
CLT-03391,buyer
CLT-03392,buyer
CLT-03393,seller
CLT-03394,seller
CLT-03395,buyer
CLT-03396,buyer
CLT-03397,seller
CLT-03398,buyer
CLT-03399,buyer
CLT-03400,seller
CLT-03401,buyer
CLT-03402,buyer
CLT-03403,buyer
CLT-03404,seller
CLT-03405,seller
CLT-03406,seller
CLT-03407,seller
CLT-03408,buyer
CLT-03409,buyer
CLT-03410,buyer
CLT-03411,seller
CLT-03412,buyer
CLT-03413,seller
CLT-03414,seller
CLT-03415,buyer
CLT-03416,seller
CLT-03417,buyer
CLT-03418,seller
CLT-03419,seller
CLT-03420,seller
CLT-03421,seller
CLT-03422,seller
CLT-03423,buyer
CLT-03424,seller
CLT-03425,seller
CLT-03426,seller
CLT-03427,seller
CLT-03428,seller
CLT-03429,buyer
CLT-03430,seller
CLT-03431,seller
CLT-03432,buyer
CLT-03433,buyer
CLT-03434,seller
CLT-03435,buyer
CLT-03436,buyer
CLT-03437,seller
CLT-03438,buyer
CLT-03439,buyer
CLT-03440,seller
CLT-03441,buyer
CLT-03442,seller
CLT-03443,buyer
CLT-03444,buyer
CLT-03445,seller
CLT-03446,seller
CLT-03447,seller
CLT-03448,seller
CLT-03449,buyer
CLT-03450,seller
CLT-03451,buyer
CLT-03452,seller
CLT-03453,seller
CLT-03454,seller
CLT-03455,seller
CLT-03456,seller
CLT-03457,seller
CLT-03458,buyer
CLT-03459,buyer
CLT-03460,buyer
CLT-03461,buyer
CLT-03462,buyer
CLT-03463,seller
CLT-03464,seller
CLT-03465,buyer
CLT-03466,buyer
CLT-03467,seller
CLT-03468,seller
CLT-03469,buyer
CLT-03470,seller
CLT-03471,buyer
CLT-03472,seller
CLT-03473,seller
CLT-03474,seller
CLT-03475,seller
CLT-03476,buyer
CLT-03477,buyer
CLT-03478,buyer
CLT-03479,buyer
CLT-03480,buyer
CLT-03481,buyer
CLT-03482,buyer
CLT-03483,seller
CLT-03484,seller
CLT-03485,buyer
CLT-03486,seller
CLT-03487,seller
CLT-03488,buyer
CLT-03489,buyer
CLT-03490,buyer
CLT-03491,buyer
CLT-03492,buyer
CLT-03493,buyer
CLT-03494,seller
CLT-03495,buyer
CLT-03496,buyer
CLT-03497,buyer
CLT-03498,buyer
CLT-03499,seller
CLT-03500,seller
CLT-03501,seller
CLT-03502,buyer
CLT-03503,seller
CLT-03504,buyer
CLT-03505,buyer
CLT-03506,seller
CLT-03507,buyer
CLT-03508,buyer
CLT-03509,buyer
CLT-03510,buyer
CLT-03511,buyer
CLT-03512,buyer
CLT-03513,seller
CLT-03514,seller
CLT-03515,seller
CLT-03516,seller
CLT-03517,seller
CLT-03518,buyer
CLT-03519,buyer
CLT-03520,seller
CLT-03521,buyer
CLT-03522,buyer
CLT-03523,seller
CLT-03524,seller
CLT-03525,seller
CLT-03526,seller
CLT-03527,buyer
CLT-03528,buyer
CLT-03529,buyer
CLT-03530,buyer
CLT-03531,seller
CLT-03532,buyer
CLT-03533,seller
CLT-03534,buyer
CLT-03535,buyer
CLT-03536,buyer
CLT-03537,buyer
CLT-03538,buyer
CLT-03539,seller
CLT-03540,seller
CLT-03541,buyer
CLT-03542,buyer
CLT-03543,seller
CLT-03544,seller
CLT-03545,buyer
CLT-03546,seller
CLT-03547,seller
CLT-03548,seller
CLT-03549,buyer
CLT-03550,seller
CLT-03551,buyer
CLT-03552,seller
CLT-03553,buyer
CLT-03554,seller
CLT-03555,seller
CLT-03556,buyer
CLT-03557,buyer
CLT-03558,buyer
CLT-03559,seller
CLT-03560,buyer
CLT-03561,buyer
CLT-03562,seller
CLT-03563,seller
CLT-03564,seller
CLT-03565,buyer
CLT-03566,buyer
CLT-03567,seller
CLT-03568,seller
CLT-03569,buyer
CLT-03570,buyer
CLT-03571,seller
CLT-03572,buyer
CLT-03573,buyer
CLT-03574,buyer
CLT-03575,seller
CLT-03576,seller
CLT-03577,buyer
CLT-03578,buyer
CLT-03579,seller
CLT-03580,buyer
CLT-03581,buyer
CLT-03582,buyer
CLT-03583,buyer
CLT-03584,seller
CLT-03585,seller
CLT-03586,seller
CLT-03587,buyer
CLT-03588,buyer
CLT-03589,seller
CLT-03590,buyer
CLT-03591,seller
CLT-03592,seller
CLT-03593,seller
CLT-03594,buyer
CLT-03595,seller
CLT-03596,buyer
CLT-03597,buyer
CLT-03598,seller
CLT-03599,seller
CLT-03600,seller
CLT-03601,buyer
CLT-03602,buyer
CLT-03603,buyer
CLT-03604,seller
CLT-03605,seller
CLT-03606,buyer
CLT-03607,seller
CLT-03608,buyer
CLT-03609,buyer
CLT-03610,seller
CLT-03611,seller
CLT-03612,seller
CLT-03613,buyer
CLT-03614,buyer
CLT-03615,seller
CLT-03616,seller
CLT-03617,buyer
CLT-03618,buyer
CLT-03619,buyer
CLT-03620,seller
CLT-03621,buyer
CLT-03622,seller
CLT-03623,buyer
CLT-03624,buyer
CLT-03625,seller
CLT-03626,seller
CLT-03627,seller
CLT-03628,buyer
CLT-03629,seller
CLT-03630,seller
CLT-03631,seller
CLT-03632,seller
CLT-03633,buyer
CLT-03634,seller
CLT-03635,seller
CLT-03636,seller
CLT-03637,seller
CLT-03638,buyer
CLT-03639,buyer
CLT-03640,seller
CLT-03641,seller
CLT-03642,buyer
CLT-03643,seller
CLT-03644,buyer
CLT-03645,buyer
CLT-03646,buyer
CLT-03647,buyer
CLT-03648,seller
CLT-03649,buyer
CLT-03650,buyer
CLT-03651,buyer
CLT-03652,buyer
CLT-03653,seller
CLT-03654,buyer
CLT-03655,buyer
CLT-03656,seller
CLT-03657,seller
CLT-03658,buyer
CLT-03659,buyer
CLT-03660,seller
CLT-03661,buyer
CLT-03662,seller
CLT-03663,buyer
CLT-03664,seller
CLT-03665,buyer
CLT-03666,buyer
CLT-03667,buyer
CLT-03668,seller
CLT-03669,buyer
CLT-03670,buyer
CLT-03671,seller
CLT-03672,buyer
CLT-03673,seller
CLT-03674,buyer
CLT-03675,seller
CLT-03676,buyer
CLT-03677,buyer
CLT-03678,buyer
CLT-03679,buyer
CLT-03680,seller
CLT-03681,buyer
CLT-03682,buyer
CLT-03683,seller
CLT-03684,seller
CLT-03685,buyer
CLT-03686,buyer
CLT-03687,seller
CLT-03688,buyer
CLT-03689,buyer
CLT-03690,buyer
CLT-03691,seller
CLT-03692,seller
CLT-03693,seller
CLT-03694,buyer
CLT-03695,buyer
CLT-03696,buyer
CLT-03697,seller
CLT-03698,buyer
CLT-03699,buyer
CLT-03700,buyer
CLT-03701,buyer
CLT-03702,buyer
CLT-03703,seller
CLT-03704,buyer
CLT-03705,buyer
CLT-03706,buyer
CLT-03707,seller
CLT-03708,buyer
CLT-03709,buyer
CLT-03710,buyer
CLT-03711,buyer
CLT-03712,seller
CLT-03713,buyer
CLT-03714,seller
CLT-03715,buyer
CLT-03716,buyer
CLT-03717,seller
CLT-03718,buyer
CLT-03719,seller
CLT-03720,seller
CLT-03721,seller
CLT-03722,seller
CLT-03723,buyer
CLT-03724,buyer
CLT-03725,buyer
CLT-03726,buyer
CLT-03727,buyer
CLT-03728,seller
CLT-03729,buyer
CLT-03730,seller
CLT-03731,buyer
CLT-03732,seller
CLT-03733,seller
CLT-03734,seller
CLT-03735,seller
CLT-03736,buyer
CLT-03737,seller
CLT-03738,buyer
CLT-03739,buyer
CLT-03740,seller
CLT-03741,buyer
CLT-03742,buyer
CLT-03743,buyer
CLT-03744,seller
CLT-03745,buyer
CLT-03746,seller
CLT-03747,buyer
CLT-03748,seller
CLT-03749,seller
CLT-03750,buyer
CLT-03751,buyer
CLT-03752,seller
CLT-03753,buyer
CLT-03754,seller
CLT-03755,seller
CLT-03756,seller
CLT-03757,seller
CLT-03758,buyer
CLT-03759,buyer
CLT-03760,buyer
CLT-03761,seller
CLT-03762,seller
CLT-03763,buyer
CLT-03764,seller
CLT-03765,seller
CLT-03766,seller
CLT-03767,buyer
CLT-03768,buyer
CLT-03769,seller
CLT-03770,buyer
CLT-03771,buyer
CLT-03772,seller
CLT-03773,buyer
CLT-03774,buyer
CLT-03775,buyer
CLT-03776,buyer
CLT-03777,buyer
CLT-03778,seller
CLT-03779,seller
CLT-03780,buyer
CLT-03781,seller
CLT-03782,buyer
CLT-03783,buyer
CLT-03784,buyer
CLT-03785,buyer
CLT-03786,seller
CLT-03787,seller
CLT-03788,seller
CLT-03789,seller
CLT-03790,seller
CLT-03791,seller
CLT-03792,buyer
CLT-03793,seller
CLT-03794,buyer
CLT-03795,buyer
CLT-03796,buyer
CLT-03797,seller
CLT-03798,buyer
CLT-03799,buyer
CLT-03800,seller
CLT-03801,seller
CLT-03802,buyer
CLT-03803,seller
CLT-03804,seller
CLT-03805,buyer
CLT-03806,seller
CLT-03807,seller
CLT-03808,buyer
CLT-03809,seller
CLT-03810,seller
CLT-03811,seller
CLT-03812,buyer
CLT-03813,buyer
CLT-03814,buyer
CLT-03815,buyer
CLT-03816,seller
CLT-03817,buyer
CLT-03818,seller
CLT-03819,buyer
CLT-03820,buyer
CLT-03821,buyer
CLT-03822,seller
CLT-03823,seller
CLT-03824,seller
CLT-03825,buyer
CLT-03826,buyer
CLT-03827,buyer
CLT-03828,seller
CLT-03829,buyer
CLT-03830,seller
CLT-03831,buyer
CLT-03832,buyer
CLT-03833,seller
CLT-03834,buyer
CLT-03835,buyer
CLT-03836,buyer
CLT-03837,buyer
CLT-03838,seller
CLT-03839,seller
CLT-03840,seller
CLT-03841,buyer
CLT-03842,buyer
CLT-03843,buyer
CLT-03844,buyer
CLT-03845,buyer
CLT-03846,seller
CLT-03847,seller
CLT-03848,buyer
CLT-03849,seller
CLT-03850,buyer
CLT-03851,buyer
CLT-03852,buyer
CLT-03853,seller
CLT-03854,seller
CLT-03855,seller
CLT-03856,buyer
CLT-03857,buyer
CLT-03858,seller
CLT-03859,buyer
CLT-03860,seller
CLT-03861,buyer
CLT-03862,buyer
CLT-03863,buyer
CLT-03864,buyer
CLT-03865,buyer
CLT-03866,buyer
CLT-03867,seller
CLT-03868,seller
CLT-03869,seller
CLT-03870,buyer
CLT-03871,seller
CLT-03872,seller
CLT-03873,buyer
CLT-03874,seller
CLT-03875,buyer
CLT-03876,buyer
CLT-03877,buyer
CLT-03878,buyer
CLT-03879,buyer
CLT-03880,seller
CLT-03881,seller
CLT-03882,seller
CLT-03883,buyer
CLT-03884,seller
CLT-03885,seller
CLT-03886,buyer
CLT-03887,buyer
CLT-03888,seller
CLT-03889,seller
CLT-03890,buyer
CLT-03891,buyer
CLT-03892,buyer
CLT-03893,seller
CLT-03894,buyer
CLT-03895,buyer
CLT-03896,buyer
CLT-03897,seller
CLT-03898,seller
CLT-03899,seller
CLT-03900,seller
CLT-03901,buyer
CLT-03902,buyer
CLT-03903,buyer
CLT-03904,buyer
CLT-03905,buyer
CLT-03906,seller
CLT-03907,buyer
CLT-03908,seller
CLT-03909,seller
CLT-03910,buyer
CLT-03911,seller
CLT-03912,seller
CLT-03913,buyer
CLT-03914,seller
CLT-03915,buyer
CLT-03916,buyer
CLT-03917,buyer
CLT-03918,seller
CLT-03919,seller
CLT-03920,buyer
CLT-03921,seller
CLT-03922,buyer
CLT-03923,buyer
CLT-03924,seller
CLT-03925,seller
CLT-03926,seller
CLT-03927,seller
CLT-03928,seller
CLT-03929,seller
CLT-03930,seller
CLT-03931,buyer
CLT-03932,buyer
CLT-03933,buyer
CLT-03934,seller
CLT-03935,buyer
CLT-03936,buyer
CLT-03937,buyer
CLT-03938,seller
CLT-03939,seller
CLT-03940,buyer
CLT-03941,buyer
CLT-03942,buyer
CLT-03943,seller
CLT-03944,seller
CLT-03945,buyer
CLT-03946,buyer
CLT-03947,seller
CLT-03948,buyer
CLT-03949,buyer
CLT-03950,buyer
CLT-03951,seller
CLT-03952,seller
CLT-03953,buyer
CLT-03954,buyer
CLT-03955,seller
CLT-03956,buyer
CLT-03957,buyer
CLT-03958,seller
CLT-03959,buyer
CLT-03960,buyer
CLT-03961,buyer
CLT-03962,buyer
CLT-03963,seller
CLT-03964,buyer
CLT-03965,buyer
CLT-03966,buyer
CLT-03967,seller
CLT-03968,seller
CLT-03969,buyer
CLT-03970,seller
CLT-03971,buyer
CLT-03972,seller
CLT-03973,seller
CLT-03974,seller
CLT-03975,seller
CLT-03976,seller
CLT-03977,seller
CLT-03978,seller
CLT-03979,seller
CLT-03980,seller
CLT-03981,buyer
CLT-03982,seller
CLT-03983,seller
CLT-03984,buyer
CLT-03985,seller
CLT-03986,buyer
CLT-03987,buyer
CLT-03988,buyer
CLT-03989,buyer
CLT-03990,seller
CLT-03991,seller
CLT-03992,buyer
CLT-03993,buyer
CLT-03994,buyer
CLT-03995,seller
CLT-03996,buyer
CLT-03997,buyer
CLT-03998,seller
CLT-03999,seller
CLT-04000,buyer
CLT-04001,buyer
CLT-04002,buyer
CLT-04003,buyer
CLT-04004,buyer
CLT-04005,buyer
CLT-04006,buyer
CLT-04007,buyer
CLT-04008,buyer
CLT-04009,buyer
CLT-04010,buyer
CLT-04011,seller
CLT-04012,seller
CLT-04013,buyer
CLT-04014,buyer
CLT-04015,buyer
CLT-04016,seller
CLT-04017,buyer
CLT-04018,seller
CLT-04019,seller
CLT-04020,buyer
CLT-04021,buyer
CLT-04022,seller
CLT-04023,buyer
CLT-04024,buyer
CLT-04025,seller
CLT-04026,buyer
CLT-04027,seller
CLT-04028,seller
CLT-04029,buyer
CLT-04030,seller
CLT-04031,buyer
CLT-04032,seller
CLT-04033,seller
CLT-04034,buyer
CLT-04035,seller
CLT-04036,seller
CLT-04037,seller
CLT-04038,buyer
CLT-04039,seller
CLT-04040,seller
CLT-04041,seller
CLT-04042,seller
CLT-04043,seller
CLT-04044,seller
CLT-04045,seller
CLT-04046,seller
CLT-04047,seller
CLT-04048,seller
CLT-04049,buyer
CLT-04050,buyer
CLT-04051,buyer
CLT-04052,seller
CLT-04053,buyer
CLT-04054,buyer
CLT-04055,seller
CLT-04056,buyer
CLT-04057,seller
CLT-04058,buyer
CLT-04059,buyer
CLT-04060,buyer
CLT-04061,seller
CLT-04062,seller
CLT-04063,buyer
CLT-04064,buyer
CLT-04065,buyer
CLT-04066,seller
CLT-04067,seller
CLT-04068,buyer
CLT-04069,buyer
CLT-04070,buyer
CLT-04071,seller
CLT-04072,seller
CLT-04073,seller
CLT-04074,buyer
CLT-04075,seller
CLT-04076,seller
CLT-04077,seller
CLT-04078,seller
CLT-04079,seller
CLT-04080,seller
CLT-04081,seller
CLT-04082,buyer
CLT-04083,seller
CLT-04084,buyer
CLT-04085,buyer
CLT-04086,buyer
CLT-04087,buyer
CLT-04088,seller
CLT-04089,seller
CLT-04090,buyer
CLT-04091,buyer
CLT-04092,seller
CLT-04093,seller
CLT-04094,seller
CLT-04095,buyer
CLT-04096,seller
CLT-04097,seller
CLT-04098,seller
CLT-04099,seller
CLT-04100,buyer
CLT-04101,seller
CLT-04102,buyer
CLT-04103,seller
CLT-04104,buyer
CLT-04105,buyer
CLT-04106,seller
CLT-04107,seller
CLT-04108,seller
CLT-04109,seller
CLT-04110,buyer
CLT-04111,buyer
CLT-04112,seller
CLT-04113,seller
CLT-04114,buyer
CLT-04115,seller
CLT-04116,buyer
CLT-04117,buyer
CLT-04118,buyer
CLT-04119,buyer
CLT-04120,seller
CLT-04121,seller
CLT-04122,seller
CLT-04123,seller
CLT-04124,buyer
CLT-04125,buyer
CLT-04126,buyer
CLT-04127,buyer
CLT-04128,buyer
CLT-04129,buyer
CLT-04130,buyer
CLT-04131,buyer
CLT-04132,buyer
CLT-04133,seller
CLT-04134,buyer
CLT-04135,seller
CLT-04136,seller
CLT-04137,seller
CLT-04138,buyer
CLT-04139,buyer
CLT-04140,buyer
CLT-04141,buyer
CLT-04142,seller
CLT-04143,seller
CLT-04144,buyer
CLT-04145,buyer
CLT-04146,seller
CLT-04147,seller
CLT-04148,buyer
CLT-04149,buyer
CLT-04150,buyer
CLT-04151,seller
CLT-04152,buyer
CLT-04153,buyer
CLT-04154,seller
CLT-04155,buyer
CLT-04156,buyer
CLT-04157,buyer
CLT-04158,seller
CLT-04159,buyer
CLT-04160,seller
CLT-04161,buyer
CLT-04162,seller
CLT-04163,buyer
CLT-04164,seller
CLT-04165,seller
CLT-04166,seller
CLT-04167,seller
CLT-04168,seller
CLT-04169,buyer
CLT-04170,buyer
CLT-04171,seller
CLT-04172,seller
CLT-04173,seller
CLT-04174,seller
CLT-04175,buyer
CLT-04176,seller
CLT-04177,buyer
CLT-04178,buyer
CLT-04179,buyer
CLT-04180,buyer
CLT-04181,seller
CLT-04182,seller
CLT-04183,seller
CLT-04184,buyer
CLT-04185,buyer
CLT-04186,seller
CLT-04187,seller
CLT-04188,buyer
CLT-04189,buyer
CLT-04190,buyer
CLT-04191,buyer
CLT-04192,buyer
CLT-04193,buyer
CLT-04194,seller
CLT-04195,seller
CLT-04196,buyer
CLT-04197,seller
CLT-04198,buyer
CLT-04199,seller
CLT-04200,buyer
CLT-04201,buyer
CLT-04202,seller
CLT-04203,seller
CLT-04204,seller
CLT-04205,buyer
CLT-04206,seller
CLT-04207,buyer
CLT-04208,buyer
CLT-04209,buyer
CLT-04210,seller
CLT-04211,seller
CLT-04212,buyer
CLT-04213,seller
CLT-04214,buyer
CLT-04215,buyer
CLT-04216,buyer
CLT-04217,buyer
CLT-04218,buyer
CLT-04219,seller
CLT-04220,seller
CLT-04221,buyer
CLT-04222,buyer
CLT-04223,buyer
CLT-04224,buyer
CLT-04225,seller
CLT-04226,seller
CLT-04227,buyer
CLT-04228,buyer
CLT-04229,buyer
CLT-04230,seller
CLT-04231,seller
CLT-04232,seller
CLT-04233,buyer
CLT-04234,seller
CLT-04235,seller
CLT-04236,buyer
CLT-04237,seller
CLT-04238,seller
CLT-04239,buyer
CLT-04240,buyer
CLT-04241,seller
CLT-04242,buyer
CLT-04243,seller
CLT-04244,seller
CLT-04245,buyer
CLT-04246,seller
CLT-04247,seller
CLT-04248,buyer
CLT-04249,buyer
CLT-04250,seller
CLT-04251,buyer
CLT-04252,seller
CLT-04253,seller
CLT-04254,buyer
CLT-04255,buyer
CLT-04256,seller
CLT-04257,seller
CLT-04258,buyer
CLT-04259,seller
CLT-04260,buyer
CLT-04261,seller
CLT-04262,seller
CLT-04263,seller
CLT-04264,buyer
CLT-04265,seller
CLT-04266,seller
CLT-04267,seller
CLT-04268,buyer
CLT-04269,buyer
CLT-04270,buyer
CLT-04271,buyer
CLT-04272,seller
CLT-04273,seller
CLT-04274,seller
CLT-04275,seller
CLT-04276,seller
CLT-04277,seller
CLT-04278,buyer
CLT-04279,seller
CLT-04280,buyer
CLT-04281,seller
CLT-04282,seller
CLT-04283,buyer
CLT-04284,seller
CLT-04285,buyer
CLT-04286,buyer
CLT-04287,seller
CLT-04288,buyer
CLT-04289,seller
CLT-04290,seller
CLT-04291,buyer
CLT-04292,buyer
CLT-04293,buyer
CLT-04294,buyer
CLT-04295,seller
CLT-04296,seller
CLT-04297,buyer
CLT-04298,buyer
CLT-04299,seller
CLT-04300,seller
CLT-04301,seller
CLT-04302,buyer
CLT-04303,seller
CLT-04304,seller
CLT-04305,buyer
CLT-04306,seller
CLT-04307,buyer
CLT-04308,buyer
CLT-04309,seller
CLT-04310,buyer
CLT-04311,seller
CLT-04312,buyer
CLT-04313,buyer
CLT-04314,seller
CLT-04315,seller
CLT-04316,seller
CLT-04317,buyer
CLT-04318,buyer
CLT-04319,seller
CLT-04320,buyer
CLT-04321,seller
CLT-04322,buyer
CLT-04323,seller
CLT-04324,buyer
CLT-04325,buyer
CLT-04326,seller
CLT-04327,seller
CLT-04328,buyer
CLT-04329,seller
CLT-04330,seller
CLT-04331,seller
CLT-04332,seller
CLT-04333,seller
CLT-04334,seller
CLT-04335,seller
CLT-04336,buyer
CLT-04337,buyer
CLT-04338,buyer
CLT-04339,seller
CLT-04340,seller
CLT-04341,buyer
CLT-04342,seller
CLT-04343,buyer
CLT-04344,buyer
CLT-04345,seller
CLT-04346,buyer
CLT-04347,seller
CLT-04348,seller
CLT-04349,seller
CLT-04350,buyer
CLT-04351,buyer
CLT-04352,buyer
CLT-04353,buyer
CLT-04354,seller
CLT-04355,buyer
CLT-04356,seller
CLT-04357,seller
CLT-04358,buyer
CLT-04359,buyer
CLT-04360,seller
CLT-04361,seller
CLT-04362,seller
CLT-04363,buyer
CLT-04364,buyer
CLT-04365,buyer
CLT-04366,buyer
CLT-04367,seller
CLT-04368,buyer
CLT-04369,buyer
CLT-04370,buyer
CLT-04371,buyer
CLT-04372,buyer
CLT-04373,seller
CLT-04374,seller
CLT-04375,buyer
CLT-04376,seller
CLT-04377,buyer
CLT-04378,seller
CLT-04379,buyer
CLT-04380,seller
CLT-04381,buyer
CLT-04382,buyer
CLT-04383,seller
CLT-04384,buyer
CLT-04385,buyer
CLT-04386,buyer
CLT-04387,seller
CLT-04388,seller
CLT-04389,buyer
CLT-04390,seller
CLT-04391,seller
CLT-04392,buyer
CLT-04393,seller
CLT-04394,buyer
CLT-04395,seller
CLT-04396,buyer
CLT-04397,buyer
CLT-04398,seller
CLT-04399,buyer
CLT-04400,buyer
CLT-04401,buyer
CLT-04402,seller
CLT-04403,seller
CLT-04404,seller
CLT-04405,buyer
CLT-04406,buyer
CLT-04407,seller
CLT-04408,buyer
CLT-04409,seller
CLT-04410,buyer
CLT-04411,buyer
CLT-04412,seller
CLT-04413,buyer
CLT-04414,seller
CLT-04415,seller
CLT-04416,seller
CLT-04417,seller
CLT-04418,seller
CLT-04419,buyer
CLT-04420,seller
CLT-04421,buyer
CLT-04422,seller
CLT-04423,seller
CLT-04424,seller
CLT-04425,seller
CLT-04426,seller
CLT-04427,seller
CLT-04428,seller
CLT-04429,seller
CLT-04430,buyer
CLT-04431,buyer
CLT-04432,seller
CLT-04433,seller
CLT-04434,buyer
CLT-04435,seller
CLT-04436,buyer
CLT-04437,buyer
CLT-04438,seller
CLT-04439,buyer
CLT-04440,buyer
CLT-04441,seller
CLT-04442,buyer
CLT-04443,seller
CLT-04444,seller
CLT-04445,buyer
CLT-04446,seller
CLT-04447,seller
CLT-04448,seller
CLT-04449,buyer
CLT-04450,buyer
CLT-04451,buyer
CLT-04452,buyer
CLT-04453,buyer
CLT-04454,seller
CLT-04455,seller
CLT-04456,seller
CLT-04457,seller
CLT-04458,buyer
CLT-04459,seller
CLT-04460,seller
CLT-04461,seller
CLT-04462,buyer
CLT-04463,buyer
CLT-04464,seller
CLT-04465,buyer
CLT-04466,seller
CLT-04467,buyer
CLT-04468,buyer
CLT-04469,seller
CLT-04470,buyer
CLT-04471,seller
CLT-04472,seller
CLT-04473,buyer
CLT-04474,seller
CLT-04475,seller
CLT-04476,buyer
CLT-04477,seller
CLT-04478,seller
CLT-04479,seller
CLT-04480,seller
CLT-04481,seller
CLT-04482,buyer
CLT-04483,seller
CLT-04484,buyer
CLT-04485,seller
CLT-04486,seller
CLT-04487,seller
CLT-04488,buyer
CLT-04489,seller
CLT-04490,seller
CLT-04491,seller
CLT-04492,seller
CLT-04493,buyer
CLT-04494,seller
CLT-04495,buyer
CLT-04496,seller
CLT-04497,seller
CLT-04498,seller
CLT-04499,buyer
CLT-04500,seller
CLT-04501,seller
CLT-04502,seller
CLT-04503,seller
CLT-04504,buyer
CLT-04505,seller
CLT-04506,buyer
CLT-04507,buyer
CLT-04508,buyer
CLT-04509,seller
CLT-04510,seller
CLT-04511,buyer
CLT-04512,seller
CLT-04513,buyer
CLT-04514,seller
CLT-04515,buyer
CLT-04516,seller
CLT-04517,seller
CLT-04518,buyer
CLT-04519,seller
CLT-04520,seller
CLT-04521,seller
CLT-04522,seller
CLT-04523,buyer
CLT-04524,seller
CLT-04525,buyer
CLT-04526,seller
CLT-04527,seller
CLT-04528,buyer
CLT-04529,seller
CLT-04530,buyer
CLT-04531,seller
CLT-04532,buyer
CLT-04533,buyer
CLT-04534,buyer
CLT-04535,seller
CLT-04536,buyer
CLT-04537,seller
CLT-04538,buyer
CLT-04539,seller
CLT-04540,buyer
CLT-04541,seller
CLT-04542,seller
CLT-04543,buyer
CLT-04544,seller
CLT-04545,seller
CLT-04546,seller
CLT-04547,buyer
CLT-04548,seller
CLT-04549,buyer
CLT-04550,seller
CLT-04551,buyer
CLT-04552,seller
CLT-04553,seller
CLT-04554,seller
CLT-04555,seller
CLT-04556,buyer
CLT-04557,buyer
CLT-04558,seller
CLT-04559,buyer
CLT-04560,buyer
CLT-04561,buyer
CLT-04562,buyer
CLT-04563,seller
CLT-04564,seller
CLT-04565,seller
CLT-04566,buyer
CLT-04567,buyer
CLT-04568,seller
CLT-04569,seller
CLT-04570,seller
CLT-04571,seller
CLT-04572,seller
CLT-04573,seller
CLT-04574,seller
CLT-04575,buyer
CLT-04576,buyer
CLT-04577,buyer
CLT-04578,seller
CLT-04579,buyer
CLT-04580,buyer
CLT-04581,buyer
CLT-04582,seller
CLT-04583,buyer
CLT-04584,buyer
CLT-04585,seller
CLT-04586,buyer
CLT-04587,seller
CLT-04588,seller
CLT-04589,buyer
CLT-04590,seller
CLT-04591,seller
CLT-04592,seller
CLT-04593,buyer
CLT-04594,buyer
CLT-04595,buyer
CLT-04596,seller
CLT-04597,seller
CLT-04598,buyer
CLT-04599,buyer
CLT-04600,seller
CLT-04601,seller
CLT-04602,seller
CLT-04603,buyer
CLT-04604,seller
CLT-04605,seller
CLT-04606,seller
CLT-04607,seller
CLT-04608,seller
CLT-04609,seller
CLT-04610,buyer
CLT-04611,buyer
CLT-04612,buyer
CLT-04613,seller
CLT-04614,buyer
CLT-04615,buyer
CLT-04616,seller
CLT-04617,buyer
CLT-04618,buyer
CLT-04619,seller
CLT-04620,buyer
CLT-04621,seller
CLT-04622,buyer
CLT-04623,seller
CLT-04624,buyer
CLT-04625,seller
CLT-04626,buyer
CLT-04627,buyer
CLT-04628,buyer
CLT-04629,buyer
CLT-04630,buyer
CLT-04631,seller
CLT-04632,buyer
CLT-04633,buyer
CLT-04634,seller
CLT-04635,seller
CLT-04636,seller
CLT-04637,buyer
CLT-04638,seller
CLT-04639,buyer
CLT-04640,seller
CLT-04641,seller
CLT-04642,buyer
CLT-04643,seller
CLT-04644,seller
CLT-04645,seller
CLT-04646,buyer
CLT-04647,buyer
CLT-04648,buyer
CLT-04649,buyer
CLT-04650,buyer
CLT-04651,seller
CLT-04652,seller
CLT-04653,buyer
CLT-04654,buyer
CLT-04655,seller
CLT-04656,buyer
CLT-04657,seller
CLT-04658,buyer
CLT-04659,seller
CLT-04660,buyer
CLT-04661,seller
CLT-04662,buyer
CLT-04663,seller
CLT-04664,seller
CLT-04665,buyer
CLT-04666,buyer
CLT-04667,buyer
CLT-04668,seller
CLT-04669,seller
CLT-04670,seller
CLT-04671,buyer
CLT-04672,seller
CLT-04673,seller
CLT-04674,buyer
CLT-04675,buyer
CLT-04676,buyer
CLT-04677,buyer
CLT-04678,buyer
CLT-04679,buyer
CLT-04680,seller
CLT-04681,buyer
CLT-04682,seller
CLT-04683,buyer
CLT-04684,seller
CLT-04685,buyer
CLT-04686,buyer
CLT-04687,seller
CLT-04688,buyer
CLT-04689,seller
CLT-04690,buyer
CLT-04691,buyer
CLT-04692,buyer
CLT-04693,seller
CLT-04694,buyer
CLT-04695,seller
CLT-04696,seller
CLT-04697,seller
CLT-04698,seller
CLT-04699,seller
CLT-04700,buyer
CLT-04701,seller
CLT-04702,buyer
CLT-04703,seller
CLT-04704,buyer
CLT-04705,buyer
CLT-04706,seller
CLT-04707,buyer
CLT-04708,buyer
CLT-04709,seller
CLT-04710,buyer
CLT-04711,seller
CLT-04712,seller
CLT-04713,buyer
CLT-04714,buyer
CLT-04715,buyer
CLT-04716,buyer
CLT-04717,seller
CLT-04718,buyer
CLT-04719,seller
CLT-04720,seller
CLT-04721,buyer
CLT-04722,seller
CLT-04723,seller
CLT-04724,seller
CLT-04725,seller
CLT-04726,seller
CLT-04727,seller
CLT-04728,seller
CLT-04729,buyer
CLT-04730,buyer
CLT-04731,seller
CLT-04732,buyer
CLT-04733,seller
CLT-04734,seller
CLT-04735,buyer
CLT-04736,buyer
CLT-04737,buyer
CLT-04738,seller
CLT-04739,buyer
CLT-04740,buyer
CLT-04741,seller
CLT-04742,buyer
CLT-04743,seller
CLT-04744,seller
CLT-04745,seller
CLT-04746,buyer
CLT-04747,seller
CLT-04748,seller
CLT-04749,seller
CLT-04750,buyer
CLT-04751,buyer
CLT-04752,seller
CLT-04753,seller
CLT-04754,buyer
CLT-04755,buyer
CLT-04756,seller
CLT-04757,buyer
CLT-04758,buyer
CLT-04759,buyer
CLT-04760,buyer
CLT-04761,seller
CLT-04762,buyer
CLT-04763,buyer
CLT-04764,seller
CLT-04765,buyer
CLT-04766,buyer
CLT-04767,buyer
CLT-04768,seller
CLT-04769,seller
CLT-04770,buyer
CLT-04771,seller
CLT-04772,buyer
CLT-04773,seller
CLT-04774,buyer
CLT-04775,seller
CLT-04776,seller
CLT-04777,seller
CLT-04778,seller
CLT-04779,buyer
CLT-04780,seller
CLT-04781,buyer
CLT-04782,seller
CLT-04783,seller
CLT-04784,buyer
CLT-04785,seller
CLT-04786,seller
CLT-04787,buyer
CLT-04788,buyer
CLT-04789,buyer
CLT-04790,buyer
CLT-04791,buyer
CLT-04792,buyer
CLT-04793,buyer
CLT-04794,seller
CLT-04795,buyer
CLT-04796,buyer
CLT-04797,seller
CLT-04798,buyer
CLT-04799,buyer
CLT-04800,buyer
CLT-04801,buyer
CLT-04802,seller
CLT-04803,buyer
CLT-04804,seller
CLT-04805,seller
CLT-04806,seller
CLT-04807,buyer
CLT-04808,buyer
CLT-04809,seller
CLT-04810,seller
CLT-04811,seller
CLT-04812,seller
CLT-04813,buyer
CLT-04814,buyer
CLT-04815,buyer
CLT-04816,buyer
CLT-04817,buyer
CLT-04818,buyer
CLT-04819,buyer
CLT-04820,seller
CLT-04821,buyer
CLT-04822,buyer
CLT-04823,seller
CLT-04824,buyer
CLT-04825,seller
CLT-04826,seller
CLT-04827,seller
CLT-04828,buyer
CLT-04829,buyer
CLT-04830,seller
CLT-04831,buyer
CLT-04832,buyer
CLT-04833,buyer
CLT-04834,buyer
CLT-04835,buyer
CLT-04836,seller
CLT-04837,buyer
CLT-04838,seller
CLT-04839,buyer
CLT-04840,buyer
CLT-04841,seller
CLT-04842,seller
CLT-04843,seller
CLT-04844,buyer
CLT-04845,seller
CLT-04846,seller
CLT-04847,seller
CLT-04848,buyer
CLT-04849,seller
CLT-04850,buyer
CLT-04851,seller
CLT-04852,seller
CLT-04853,buyer
CLT-04854,seller
CLT-04855,buyer
CLT-04856,seller
CLT-04857,buyer
CLT-04858,buyer
CLT-04859,seller
CLT-04860,buyer
CLT-04861,seller
CLT-04862,buyer
CLT-04863,seller
CLT-04864,seller
CLT-04865,seller
CLT-04866,buyer
CLT-04867,seller
CLT-04868,seller
CLT-04869,buyer
CLT-04870,seller
CLT-04871,buyer
CLT-04872,seller
CLT-04873,buyer
CLT-04874,buyer
CLT-04875,seller
CLT-04876,buyer
CLT-04877,seller
CLT-04878,seller
CLT-04879,buyer
CLT-04880,buyer
CLT-04881,seller
CLT-04882,seller
CLT-04883,seller
CLT-04884,seller
CLT-04885,buyer
CLT-04886,buyer
CLT-04887,seller
CLT-04888,buyer
CLT-04889,seller
CLT-04890,buyer
CLT-04891,seller
CLT-04892,buyer
CLT-04893,buyer
CLT-04894,seller
CLT-04895,buyer
CLT-04896,seller
CLT-04897,seller
CLT-04898,buyer
CLT-04899,buyer
CLT-04900,seller
CLT-04901,seller
CLT-04902,seller
CLT-04903,seller
CLT-04904,buyer
CLT-04905,seller
CLT-04906,seller
CLT-04907,buyer
CLT-04908,buyer
CLT-04909,seller
CLT-04910,seller
CLT-04911,buyer
CLT-04912,seller
CLT-04913,buyer
CLT-04914,seller
CLT-04915,buyer
CLT-04916,seller
CLT-04917,buyer
CLT-04918,buyer
CLT-04919,buyer
CLT-04920,seller
CLT-04921,seller
CLT-04922,seller
CLT-04923,seller
CLT-04924,seller
CLT-04925,buyer
CLT-04926,seller
CLT-04927,buyer
CLT-04928,seller
CLT-04929,seller
CLT-04930,seller
CLT-04931,buyer
CLT-04932,seller
CLT-04933,seller
CLT-04934,seller
CLT-04935,seller
CLT-04936,buyer
CLT-04937,seller
CLT-04938,buyer
CLT-04939,seller
CLT-04940,buyer
CLT-04941,seller
CLT-04942,seller
CLT-04943,seller
CLT-04944,buyer
CLT-04945,buyer
CLT-04946,buyer
CLT-04947,buyer
CLT-04948,seller
CLT-04949,buyer
CLT-04950,seller
CLT-04951,buyer
CLT-04952,seller
CLT-04953,seller
CLT-04954,seller
CLT-04955,seller
CLT-04956,seller
CLT-04957,buyer
CLT-04958,seller
CLT-04959,seller
CLT-04960,seller
CLT-04961,seller
CLT-04962,buyer
CLT-04963,seller
CLT-04964,seller
CLT-04965,buyer
CLT-04966,seller
CLT-04967,seller
CLT-04968,buyer
CLT-04969,seller
CLT-04970,seller
CLT-04971,buyer
CLT-04972,seller
CLT-04973,seller
CLT-04974,buyer
CLT-04975,seller
CLT-04976,seller
CLT-04977,buyer
CLT-04978,buyer
CLT-04979,seller
CLT-04980,buyer
CLT-04981,seller
CLT-04982,seller
CLT-04983,seller
CLT-04984,buyer
CLT-04985,seller
CLT-04986,seller
CLT-04987,buyer
CLT-04988,seller
CLT-04989,seller
CLT-04990,seller
CLT-04991,seller
CLT-04992,seller
CLT-04993,seller
CLT-04994,buyer
CLT-04995,seller
CLT-04996,buyer
CLT-04997,buyer
CLT-04998,buyer
CLT-04999,buyer
CLT-05000,buyer
CLT-05001,buyer
CLT-05002,seller
CLT-05003,seller
CLT-05004,seller
CLT-05005,seller
CLT-05006,seller
CLT-05007,buyer
CLT-05008,buyer
CLT-05009,buyer
CLT-05010,seller
CLT-05011,seller
CLT-05012,seller
CLT-05013,seller
CLT-05014,seller
CLT-05015,buyer
CLT-05016,buyer
CLT-05017,buyer
CLT-05018,buyer
CLT-05019,seller
CLT-05020,buyer
CLT-05021,buyer
CLT-05022,buyer
CLT-05023,seller
CLT-05024,seller
CLT-05025,buyer
CLT-05026,buyer
CLT-05027,buyer
CLT-05028,buyer
CLT-05029,buyer
CLT-05030,buyer
CLT-05031,seller
CLT-05032,buyer
CLT-05033,buyer
CLT-05034,seller
CLT-05035,seller
CLT-05036,seller
CLT-05037,buyer
CLT-05038,buyer
CLT-05039,buyer
CLT-05040,seller
CLT-05041,buyer
CLT-05042,buyer
CLT-05043,seller
CLT-05044,buyer
CLT-05045,seller
CLT-05046,buyer
CLT-05047,seller
CLT-05048,buyer
CLT-05049,buyer
CLT-05050,seller
CLT-05051,seller
CLT-05052,buyer
CLT-05053,seller
CLT-05054,seller
CLT-05055,buyer
CLT-05056,seller
CLT-05057,buyer
CLT-05058,seller
CLT-05059,buyer
CLT-05060,buyer
CLT-05061,seller
CLT-05062,buyer
CLT-05063,seller
CLT-05064,buyer
CLT-05065,seller
CLT-05066,seller
CLT-05067,seller
CLT-05068,seller
CLT-05069,buyer
CLT-05070,buyer
CLT-05071,seller
CLT-05072,seller
CLT-05073,buyer
CLT-05074,buyer
CLT-05075,buyer
CLT-05076,seller
CLT-05077,seller
CLT-05078,buyer
CLT-05079,seller
CLT-05080,buyer
CLT-05081,buyer
CLT-05082,seller
CLT-05083,buyer
CLT-05084,buyer
CLT-05085,buyer
CLT-05086,seller
CLT-05087,buyer
CLT-05088,seller
CLT-05089,buyer
CLT-05090,seller
CLT-05091,seller
CLT-05092,buyer
CLT-05093,seller
CLT-05094,seller
CLT-05095,buyer
CLT-05096,seller
CLT-05097,buyer
CLT-05098,buyer
CLT-05099,buyer
CLT-05100,buyer
CLT-05101,buyer
CLT-05102,buyer
CLT-05103,seller
CLT-05104,seller
CLT-05105,buyer
CLT-05106,seller
CLT-05107,buyer
CLT-05108,buyer
CLT-05109,seller
CLT-05110,seller
CLT-05111,buyer
CLT-05112,seller
CLT-05113,seller
CLT-05114,seller
CLT-05115,buyer
CLT-05116,buyer
CLT-05117,buyer
CLT-05118,seller
CLT-05119,seller
CLT-05120,buyer
CLT-05121,buyer
CLT-05122,seller
CLT-05123,seller
CLT-05124,seller
CLT-05125,seller
CLT-05126,buyer
CLT-05127,buyer
CLT-05128,seller
CLT-05129,buyer
CLT-05130,buyer
CLT-05131,buyer
CLT-05132,buyer
CLT-05133,seller
CLT-05134,buyer
CLT-05135,seller
CLT-05136,buyer
CLT-05137,seller
CLT-05138,seller
CLT-05139,buyer
CLT-05140,seller
CLT-05141,buyer
CLT-05142,seller
CLT-05143,seller
CLT-05144,buyer
CLT-05145,buyer
CLT-05146,seller
CLT-05147,seller
CLT-05148,buyer
CLT-05149,buyer
CLT-05150,buyer
CLT-05151,buyer
CLT-05152,seller
CLT-05153,seller
CLT-05154,buyer
CLT-05155,buyer
CLT-05156,buyer
CLT-05157,seller
CLT-05158,buyer
CLT-05159,buyer
CLT-05160,buyer
CLT-05161,seller
CLT-05162,buyer
CLT-05163,buyer
CLT-05164,seller
CLT-05165,seller
CLT-05166,seller
CLT-05167,buyer
CLT-05168,seller
CLT-05169,buyer
CLT-05170,seller
CLT-05171,buyer
CLT-05172,seller
CLT-05173,buyer
CLT-05174,buyer
CLT-05175,buyer
CLT-05176,buyer
CLT-05177,buyer
CLT-05178,seller
CLT-05179,seller
CLT-05180,seller
CLT-05181,seller
CLT-05182,seller
CLT-05183,seller
CLT-05184,buyer
CLT-05185,seller
CLT-05186,seller
CLT-05187,buyer
CLT-05188,seller
CLT-05189,seller
CLT-05190,seller
CLT-05191,buyer
CLT-05192,seller
CLT-05193,seller
CLT-05194,seller
CLT-05195,seller
CLT-05196,seller
CLT-05197,buyer
CLT-05198,buyer
CLT-05199,seller
CLT-05200,buyer
CLT-05201,seller
CLT-05202,buyer
CLT-05203,buyer
CLT-05204,seller
CLT-05205,buyer
CLT-05206,buyer
CLT-05207,seller
CLT-05208,seller
CLT-05209,seller
CLT-05210,buyer
CLT-05211,seller
CLT-05212,seller
CLT-05213,seller
CLT-05214,buyer
CLT-05215,seller
CLT-05216,buyer
CLT-05217,seller
CLT-05218,buyer
CLT-05219,seller
CLT-05220,seller
CLT-05221,buyer
CLT-05222,seller
CLT-05223,seller
CLT-05224,buyer
CLT-05225,seller
CLT-05226,seller
CLT-05227,buyer
CLT-05228,buyer
CLT-05229,seller
CLT-05230,seller
CLT-05231,buyer
CLT-05232,seller
CLT-05233,seller
CLT-05234,buyer
CLT-05235,seller
CLT-05236,buyer
CLT-05237,buyer
CLT-05238,seller
CLT-05239,buyer
CLT-05240,seller
CLT-05241,seller
CLT-05242,buyer
CLT-05243,buyer
CLT-05244,buyer
CLT-05245,buyer
CLT-05246,buyer
CLT-05247,buyer
CLT-05248,buyer
CLT-05249,seller
CLT-05250,seller
CLT-05251,seller
CLT-05252,buyer
CLT-05253,buyer
CLT-05254,seller
CLT-05255,buyer
CLT-05256,buyer
CLT-05257,buyer
CLT-05258,buyer
CLT-05259,buyer
CLT-05260,buyer
CLT-05261,buyer
CLT-05262,seller
CLT-05263,seller
CLT-05264,buyer
CLT-05265,buyer
CLT-05266,buyer
CLT-05267,seller
CLT-05268,seller
CLT-05269,buyer
CLT-05270,seller
CLT-05271,seller
CLT-05272,buyer
CLT-05273,seller
CLT-05274,seller
CLT-05275,seller
CLT-05276,buyer
CLT-05277,buyer
CLT-05278,seller
CLT-05279,buyer
CLT-05280,seller
CLT-05281,buyer
CLT-05282,buyer
CLT-05283,buyer
CLT-05284,buyer
CLT-05285,buyer
CLT-05286,seller
CLT-05287,seller
CLT-05288,buyer
CLT-05289,seller
CLT-05290,buyer
CLT-05291,seller
CLT-05292,seller
CLT-05293,seller
CLT-05294,seller
CLT-05295,seller
CLT-05296,buyer
CLT-05297,buyer
CLT-05298,seller
CLT-05299,buyer
CLT-05300,seller
CLT-05301,seller
CLT-05302,seller
CLT-05303,seller
CLT-05304,seller
CLT-05305,seller
CLT-05306,seller
CLT-05307,seller
CLT-05308,buyer
CLT-05309,seller
CLT-05310,buyer
CLT-05311,buyer
CLT-05312,seller
CLT-05313,buyer
CLT-05314,seller
CLT-05315,buyer
CLT-05316,buyer
CLT-05317,buyer
CLT-05318,buyer
CLT-05319,seller
CLT-05320,seller
CLT-05321,seller
CLT-05322,seller
CLT-05323,buyer
CLT-05324,buyer
CLT-05325,seller
CLT-05326,buyer
CLT-05327,buyer
CLT-05328,seller
CLT-05329,buyer
CLT-05330,buyer
CLT-05331,seller
CLT-05332,buyer
CLT-05333,buyer
CLT-05334,seller
CLT-05335,buyer
CLT-05336,buyer
CLT-05337,seller
CLT-05338,seller
CLT-05339,buyer
CLT-05340,seller
CLT-05341,seller
CLT-05342,buyer
CLT-05343,seller
CLT-05344,buyer
CLT-05345,seller
CLT-05346,seller
CLT-05347,seller
CLT-05348,buyer
CLT-05349,seller
CLT-05350,seller
CLT-05351,buyer
CLT-05352,buyer
CLT-05353,seller
CLT-05354,seller
CLT-05355,seller
CLT-05356,seller
CLT-05357,buyer
CLT-05358,seller
CLT-05359,buyer
CLT-05360,seller
CLT-05361,seller
CLT-05362,buyer
CLT-05363,seller
CLT-05364,seller
CLT-05365,seller
CLT-05366,seller
CLT-05367,seller
CLT-05368,buyer
CLT-05369,seller
CLT-05370,buyer
CLT-05371,seller
CLT-05372,seller
CLT-05373,seller
CLT-05374,seller
CLT-05375,buyer
CLT-05376,seller
CLT-05377,seller
CLT-05378,seller
CLT-05379,buyer
CLT-05380,buyer
CLT-05381,buyer
CLT-05382,seller
CLT-05383,seller
CLT-05384,buyer
CLT-05385,seller
CLT-05386,seller
CLT-05387,buyer
CLT-05388,buyer
CLT-05389,buyer
CLT-05390,buyer
CLT-05391,seller
CLT-05392,buyer
CLT-05393,seller
CLT-05394,buyer
CLT-05395,buyer
CLT-05396,buyer
CLT-05397,buyer
CLT-05398,seller
CLT-05399,seller
CLT-05400,buyer
CLT-05401,seller
CLT-05402,seller
CLT-05403,buyer
CLT-05404,seller
CLT-05405,seller
CLT-05406,buyer
CLT-05407,seller
CLT-05408,seller
CLT-05409,seller
CLT-05410,seller
CLT-05411,buyer
CLT-05412,seller
CLT-05413,buyer
CLT-05414,buyer
CLT-05415,buyer
CLT-05416,buyer
CLT-05417,seller
CLT-05418,buyer
CLT-05419,buyer
CLT-05420,buyer
CLT-05421,buyer
CLT-05422,buyer
CLT-05423,seller
CLT-05424,seller
CLT-05425,seller
CLT-05426,seller
CLT-05427,buyer
CLT-05428,buyer
CLT-05429,seller
CLT-05430,buyer
CLT-05431,buyer
CLT-05432,buyer
CLT-05433,seller
CLT-05434,buyer
CLT-05435,seller
CLT-05436,seller
CLT-05437,seller
CLT-05438,buyer
CLT-05439,seller
CLT-05440,seller
CLT-05441,buyer
CLT-05442,seller
CLT-05443,buyer
CLT-05444,seller
CLT-05445,seller
CLT-05446,seller
CLT-05447,buyer
CLT-05448,seller
CLT-05449,buyer
CLT-05450,seller
CLT-05451,buyer
CLT-05452,buyer
CLT-05453,seller
CLT-05454,seller
CLT-05455,buyer
CLT-05456,buyer
CLT-05457,seller
CLT-05458,seller
CLT-05459,seller
CLT-05460,buyer
CLT-05461,buyer
CLT-05462,seller
CLT-05463,buyer
CLT-05464,seller
CLT-05465,buyer
CLT-05466,buyer
CLT-05467,seller
CLT-05468,seller
CLT-05469,buyer
CLT-05470,seller
CLT-05471,buyer
CLT-05472,buyer
CLT-05473,buyer
CLT-05474,buyer
CLT-05475,buyer
CLT-05476,buyer
CLT-05477,buyer
CLT-05478,buyer
CLT-05479,buyer
CLT-05480,seller
CLT-05481,buyer
CLT-05482,seller
CLT-05483,seller
CLT-05484,seller
CLT-05485,buyer
CLT-05486,seller
CLT-05487,seller
CLT-05488,buyer
CLT-05489,seller
CLT-05490,seller
CLT-05491,buyer
CLT-05492,seller
CLT-05493,seller
CLT-05494,seller
CLT-05495,seller
CLT-05496,buyer
CLT-05497,seller
CLT-05498,buyer
CLT-05499,buyer
CLT-05500,buyer
CLT-05501,seller
CLT-05502,buyer
CLT-05503,seller
CLT-05504,buyer
CLT-05505,buyer
CLT-05506,seller
CLT-05507,seller
CLT-05508,seller
CLT-05509,buyer
CLT-05510,seller
CLT-05511,buyer
CLT-05512,buyer
CLT-05513,seller
CLT-05514,buyer
CLT-05515,seller
CLT-05516,seller
CLT-05517,buyer
CLT-05518,buyer
CLT-05519,seller
CLT-05520,seller
CLT-05521,buyer
CLT-05522,seller
CLT-05523,buyer
CLT-05524,seller
CLT-05525,buyer
CLT-05526,seller
CLT-05527,seller
CLT-05528,seller
CLT-05529,buyer
CLT-05530,buyer
CLT-05531,seller
CLT-05532,seller
CLT-05533,seller
CLT-05534,seller
CLT-05535,buyer
CLT-05536,seller
CLT-05537,seller
CLT-05538,buyer
CLT-05539,buyer
CLT-05540,buyer
CLT-05541,seller
CLT-05542,buyer
CLT-05543,seller
CLT-05544,seller
CLT-05545,seller
CLT-05546,buyer
CLT-05547,seller
CLT-05548,buyer
CLT-05549,seller
CLT-05550,buyer
CLT-05551,seller
CLT-05552,seller
CLT-05553,buyer
CLT-05554,seller
CLT-05555,seller
CLT-05556,seller
CLT-05557,buyer
CLT-05558,seller
CLT-05559,buyer
CLT-05560,seller
CLT-05561,seller
CLT-05562,buyer
CLT-05563,seller
CLT-05564,seller
CLT-05565,buyer
CLT-05566,seller
CLT-05567,buyer
CLT-05568,buyer
CLT-05569,buyer
CLT-05570,buyer
CLT-05571,seller
CLT-05572,buyer
CLT-05573,seller
CLT-05574,buyer
CLT-05575,buyer
CLT-05576,seller
CLT-05577,seller
CLT-05578,buyer
CLT-05579,seller
CLT-05580,seller
CLT-05581,seller
CLT-05582,buyer
CLT-05583,buyer
CLT-05584,buyer
CLT-05585,seller
CLT-05586,buyer
CLT-05587,seller
CLT-05588,buyer
CLT-05589,seller
CLT-05590,seller
CLT-05591,buyer
CLT-05592,buyer
CLT-05593,buyer
CLT-05594,buyer
CLT-05595,buyer
CLT-05596,buyer
CLT-05597,buyer
CLT-05598,seller
CLT-05599,buyer
CLT-05600,seller
CLT-05601,buyer
CLT-05602,seller
CLT-05603,buyer
CLT-05604,seller
CLT-05605,seller
CLT-05606,buyer
CLT-05607,buyer
CLT-05608,seller
CLT-05609,seller
CLT-05610,buyer
CLT-05611,buyer
CLT-05612,seller
CLT-05613,buyer
CLT-05614,seller
CLT-05615,seller
CLT-05616,buyer
CLT-05617,seller
CLT-05618,seller
CLT-05619,seller
CLT-05620,buyer
CLT-05621,buyer
CLT-05622,seller
CLT-05623,seller
CLT-05624,buyer
CLT-05625,buyer
CLT-05626,seller
CLT-05627,seller
CLT-05628,seller
CLT-05629,buyer
CLT-05630,seller
CLT-05631,seller
CLT-05632,seller
CLT-05633,buyer
CLT-05634,seller
CLT-05635,seller
CLT-05636,seller
CLT-05637,buyer
CLT-05638,seller
CLT-05639,seller
CLT-05640,seller
CLT-05641,buyer
CLT-05642,buyer
CLT-05643,buyer
CLT-05644,seller
CLT-05645,seller
CLT-05646,buyer
CLT-05647,buyer
CLT-05648,seller
CLT-05649,seller
CLT-05650,seller
CLT-05651,seller
CLT-05652,seller
CLT-05653,seller
CLT-05654,buyer
CLT-05655,seller
CLT-05656,buyer
CLT-05657,seller
CLT-05658,buyer
CLT-05659,buyer
CLT-05660,buyer
CLT-05661,buyer
CLT-05662,buyer
CLT-05663,buyer
CLT-05664,seller
CLT-05665,buyer
CLT-05666,buyer
CLT-05667,buyer
CLT-05668,seller
CLT-05669,seller
CLT-05670,seller
CLT-05671,buyer
CLT-05672,buyer
CLT-05673,buyer
CLT-05674,seller
CLT-05675,buyer
CLT-05676,seller
CLT-05677,buyer
CLT-05678,seller
CLT-05679,seller
CLT-05680,buyer
CLT-05681,buyer
CLT-05682,buyer
CLT-05683,seller
CLT-05684,seller
CLT-05685,seller
CLT-05686,buyer
CLT-05687,buyer
CLT-05688,seller
CLT-05689,buyer
CLT-05690,buyer
CLT-05691,seller
CLT-05692,seller
CLT-05693,seller
CLT-05694,seller
CLT-05695,seller
CLT-05696,seller
CLT-05697,seller
CLT-05698,seller
CLT-05699,buyer
CLT-05700,buyer
CLT-05701,seller
CLT-05702,buyer
CLT-05703,seller
CLT-05704,buyer
CLT-05705,seller
CLT-05706,seller
CLT-05707,buyer
CLT-05708,seller
CLT-05709,buyer
CLT-05710,buyer
CLT-05711,buyer
CLT-05712,buyer
CLT-05713,seller
CLT-05714,buyer
CLT-05715,seller
CLT-05716,seller
CLT-05717,seller
CLT-05718,seller
CLT-05719,seller
CLT-05720,seller
CLT-05721,seller
CLT-05722,buyer
CLT-05723,seller
CLT-05724,buyer
CLT-05725,buyer
CLT-05726,seller
CLT-05727,seller
CLT-05728,buyer
CLT-05729,seller
CLT-05730,buyer
CLT-05731,seller
CLT-05732,buyer
CLT-05733,seller
CLT-05734,buyer
CLT-05735,buyer
CLT-05736,seller
CLT-05737,seller
CLT-05738,buyer
CLT-05739,seller
CLT-05740,seller
CLT-05741,buyer
CLT-05742,buyer
CLT-05743,buyer
CLT-05744,buyer
CLT-05745,seller
CLT-05746,buyer
CLT-05747,seller
CLT-05748,seller
CLT-05749,buyer
CLT-05750,buyer
CLT-05751,seller
CLT-05752,seller
CLT-05753,buyer
CLT-05754,seller
CLT-05755,seller
CLT-05756,buyer
CLT-05757,buyer
CLT-05758,buyer
CLT-05759,buyer
CLT-05760,buyer
CLT-05761,buyer
CLT-05762,buyer
CLT-05763,seller
CLT-05764,seller
CLT-05765,buyer
CLT-05766,buyer
CLT-05767,buyer
CLT-05768,seller
CLT-05769,buyer
CLT-05770,seller
CLT-05771,buyer
CLT-05772,buyer
CLT-05773,seller
CLT-05774,buyer
CLT-05775,buyer
CLT-05776,buyer
CLT-05777,seller
CLT-05778,buyer
CLT-05779,seller
CLT-05780,buyer
CLT-05781,buyer
CLT-05782,buyer
CLT-05783,seller
CLT-05784,buyer
CLT-05785,buyer
CLT-05786,seller
CLT-05787,buyer
CLT-05788,seller
CLT-05789,seller
CLT-05790,buyer
CLT-05791,buyer
CLT-05792,buyer
CLT-05793,buyer
CLT-05794,buyer
CLT-05795,seller
CLT-05796,buyer
CLT-05797,buyer
CLT-05798,seller
CLT-05799,seller
CLT-05800,buyer
CLT-05801,seller
CLT-05802,buyer
CLT-05803,seller
CLT-05804,buyer
CLT-05805,buyer
CLT-05806,buyer
CLT-05807,buyer
CLT-05808,seller
CLT-05809,seller
CLT-05810,seller
CLT-05811,buyer
CLT-05812,buyer
CLT-05813,seller
CLT-05814,seller
CLT-05815,seller
CLT-05816,buyer
CLT-05817,buyer
CLT-05818,buyer
CLT-05819,buyer
CLT-05820,buyer
CLT-05821,buyer
CLT-05822,buyer
CLT-05823,buyer
CLT-05824,seller
CLT-05825,buyer
CLT-05826,seller
CLT-05827,buyer
CLT-05828,buyer
CLT-05829,buyer
CLT-05830,buyer
CLT-05831,seller
CLT-05832,seller
CLT-05833,seller
CLT-05834,buyer
CLT-05835,buyer
CLT-05836,seller
CLT-05837,seller
CLT-05838,seller
CLT-05839,seller
CLT-05840,buyer
CLT-05841,seller
CLT-05842,seller
CLT-05843,seller
CLT-05844,seller
CLT-05845,seller
CLT-05846,buyer
CLT-05847,seller
CLT-05848,buyer
CLT-05849,seller
CLT-05850,buyer
CLT-05851,seller
CLT-05852,buyer
CLT-05853,seller
CLT-05854,seller
CLT-05855,seller
CLT-05856,buyer
CLT-05857,buyer
CLT-05858,seller
CLT-05859,seller
CLT-05860,buyer
CLT-05861,seller
CLT-05862,buyer
CLT-05863,buyer
CLT-05864,seller
CLT-05865,seller
CLT-05866,buyer
CLT-05867,seller
CLT-05868,seller
CLT-05869,buyer
CLT-05870,seller
CLT-05871,seller
CLT-05872,seller
CLT-05873,buyer
CLT-05874,buyer
CLT-05875,seller
CLT-05876,buyer
CLT-05877,buyer
CLT-05878,buyer
CLT-05879,seller
CLT-05880,seller
CLT-05881,seller
CLT-05882,seller
CLT-05883,buyer
CLT-05884,buyer
CLT-05885,buyer
CLT-05886,seller
CLT-05887,buyer
CLT-05888,seller
CLT-05889,seller
CLT-05890,buyer
CLT-05891,buyer
CLT-05892,buyer
CLT-05893,buyer
CLT-05894,buyer
CLT-05895,buyer
CLT-05896,seller
CLT-05897,seller
CLT-05898,buyer
CLT-05899,buyer
CLT-05900,buyer
CLT-05901,buyer
CLT-05902,buyer
CLT-05903,seller
CLT-05904,buyer
CLT-05905,seller
CLT-05906,buyer
CLT-05907,buyer
CLT-05908,seller
CLT-05909,buyer
CLT-05910,buyer
CLT-05911,seller
CLT-05912,seller
CLT-05913,seller
CLT-05914,buyer
CLT-05915,buyer
CLT-05916,buyer
CLT-05917,buyer
CLT-05918,buyer
CLT-05919,buyer
CLT-05920,seller
CLT-05921,buyer
CLT-05922,seller
CLT-05923,buyer
CLT-05924,buyer
CLT-05925,buyer
CLT-05926,buyer
CLT-05927,seller
CLT-05928,buyer
CLT-05929,seller
CLT-05930,buyer
CLT-05931,seller
CLT-05932,buyer
CLT-05933,seller
CLT-05934,buyer
CLT-05935,seller
CLT-05936,seller
CLT-05937,buyer
CLT-05938,buyer
CLT-05939,seller
CLT-05940,buyer
CLT-05941,buyer
CLT-05942,seller
CLT-05943,seller
CLT-05944,buyer
CLT-05945,buyer
CLT-05946,buyer
CLT-05947,buyer
CLT-05948,seller
CLT-05949,seller
CLT-05950,seller
CLT-05951,seller
CLT-05952,seller
CLT-05953,seller
CLT-05954,buyer
CLT-05955,seller
CLT-05956,buyer
CLT-05957,buyer
CLT-05958,buyer
CLT-05959,buyer
CLT-05960,seller
CLT-05961,buyer
CLT-05962,buyer
CLT-05963,buyer
CLT-05964,seller
CLT-05965,buyer
CLT-05966,buyer
CLT-05967,seller
CLT-05968,buyer
CLT-05969,seller
CLT-05970,buyer
CLT-05971,seller
CLT-05972,buyer
CLT-05973,buyer
CLT-05974,seller
CLT-05975,seller
CLT-05976,buyer
CLT-05977,buyer
CLT-05978,seller
CLT-05979,seller
CLT-05980,seller
CLT-05981,buyer
CLT-05982,buyer
CLT-05983,buyer
CLT-05984,buyer
CLT-05985,buyer
CLT-05986,buyer
CLT-05987,seller
CLT-05988,buyer
CLT-05989,seller
CLT-05990,buyer
CLT-05991,buyer
CLT-05992,buyer
CLT-05993,seller
CLT-05994,buyer
CLT-05995,seller
CLT-05996,seller
CLT-05997,seller
CLT-05998,seller
CLT-05999,buyer
CLT-06000,buyer
CLT-06001,seller
CLT-06002,seller
CLT-06003,seller
CLT-06004,buyer
CLT-06005,buyer
CLT-06006,seller
CLT-06007,buyer
CLT-06008,buyer
CLT-06009,buyer
CLT-06010,seller
CLT-06011,buyer
CLT-06012,buyer
CLT-06013,buyer
CLT-06014,buyer
CLT-06015,buyer
CLT-06016,seller
CLT-06017,seller
CLT-06018,buyer
CLT-06019,seller
CLT-06020,buyer
CLT-06021,buyer
CLT-06022,buyer
CLT-06023,buyer
CLT-06024,buyer
CLT-06025,buyer
CLT-06026,seller
CLT-06027,buyer
CLT-06028,buyer
CLT-06029,seller
CLT-06030,buyer
CLT-06031,seller
CLT-06032,buyer
CLT-06033,seller
CLT-06034,buyer
CLT-06035,buyer
CLT-06036,seller
CLT-06037,buyer
CLT-06038,seller
CLT-06039,seller
CLT-06040,seller
CLT-06041,seller
CLT-06042,seller
CLT-06043,buyer
CLT-06044,buyer
CLT-06045,seller
CLT-06046,buyer
CLT-06047,buyer
CLT-06048,buyer
CLT-06049,seller
CLT-06050,seller
CLT-06051,buyer
CLT-06052,seller
CLT-06053,buyer
CLT-06054,buyer
CLT-06055,seller
CLT-06056,buyer
CLT-06057,buyer
CLT-06058,buyer
CLT-06059,buyer
CLT-06060,buyer
CLT-06061,buyer
CLT-06062,seller
CLT-06063,seller
CLT-06064,buyer
CLT-06065,buyer
CLT-06066,buyer
CLT-06067,buyer
CLT-06068,seller
CLT-06069,seller
CLT-06070,buyer
CLT-06071,buyer
CLT-06072,buyer
CLT-06073,seller
CLT-06074,seller
CLT-06075,buyer
CLT-06076,seller
CLT-06077,seller
CLT-06078,seller
CLT-06079,seller
CLT-06080,seller
CLT-06081,buyer
CLT-06082,buyer
CLT-06083,seller
CLT-06084,buyer
CLT-06085,buyer
CLT-06086,buyer
CLT-06087,buyer
CLT-06088,buyer
CLT-06089,buyer
CLT-06090,buyer
CLT-06091,buyer
CLT-06092,buyer
CLT-06093,buyer
CLT-06094,seller
CLT-06095,seller
CLT-06096,seller
CLT-06097,seller
CLT-06098,buyer
CLT-06099,buyer
CLT-06100,buyer
CLT-06101,seller
CLT-06102,seller
CLT-06103,seller
CLT-06104,seller
CLT-06105,seller
CLT-06106,seller
CLT-06107,seller
CLT-06108,seller
CLT-06109,buyer
CLT-06110,buyer
CLT-06111,buyer
CLT-06112,buyer
CLT-06113,seller
CLT-06114,buyer
CLT-06115,seller
CLT-06116,seller
CLT-06117,buyer
CLT-06118,buyer
CLT-06119,buyer
CLT-06120,seller
CLT-06121,buyer
CLT-06122,buyer
CLT-06123,buyer
CLT-06124,buyer
CLT-06125,seller
CLT-06126,buyer
CLT-06127,seller
CLT-06128,buyer
CLT-06129,buyer
CLT-06130,buyer
CLT-06131,buyer
CLT-06132,seller
CLT-06133,seller
CLT-06134,buyer
CLT-06135,seller
CLT-06136,seller
CLT-06137,seller
CLT-06138,buyer
CLT-06139,seller
CLT-06140,seller
CLT-06141,buyer
CLT-06142,seller
CLT-06143,seller
CLT-06144,seller
CLT-06145,buyer
CLT-06146,buyer
CLT-06147,seller
CLT-06148,seller
CLT-06149,buyer
CLT-06150,seller
CLT-06151,seller
CLT-06152,seller
CLT-06153,seller
CLT-06154,seller
CLT-06155,seller
CLT-06156,seller
CLT-06157,buyer
CLT-06158,buyer
CLT-06159,seller
CLT-06160,buyer
CLT-06161,seller
CLT-06162,seller
CLT-06163,buyer
CLT-06164,seller
CLT-06165,buyer
CLT-06166,seller
CLT-06167,seller
CLT-06168,buyer
CLT-06169,buyer
CLT-06170,buyer
CLT-06171,seller
CLT-06172,buyer
CLT-06173,seller
CLT-06174,seller
CLT-06175,seller
CLT-06176,buyer
CLT-06177,seller
CLT-06178,buyer
CLT-06179,buyer
CLT-06180,seller
CLT-06181,buyer
CLT-06182,buyer
CLT-06183,buyer
CLT-06184,buyer
CLT-06185,buyer
CLT-06186,buyer
CLT-06187,seller
CLT-06188,buyer
CLT-06189,seller
CLT-06190,buyer
CLT-06191,seller
CLT-06192,buyer
CLT-06193,buyer
CLT-06194,buyer
CLT-06195,seller
CLT-06196,seller
CLT-06197,buyer
CLT-06198,seller
CLT-06199,buyer
CLT-06200,seller
CLT-06201,buyer
CLT-06202,seller
CLT-06203,seller
CLT-06204,buyer
CLT-06205,seller
CLT-06206,seller
CLT-06207,buyer
CLT-06208,buyer
CLT-06209,buyer
CLT-06210,buyer
CLT-06211,seller
CLT-06212,seller
CLT-06213,buyer
CLT-06214,seller
CLT-06215,buyer
CLT-06216,buyer
CLT-06217,buyer
CLT-06218,buyer
CLT-06219,seller
CLT-06220,buyer
CLT-06221,seller
CLT-06222,buyer
CLT-06223,seller
CLT-06224,seller
CLT-06225,buyer
CLT-06226,seller
CLT-06227,seller
CLT-06228,seller
CLT-06229,buyer
CLT-06230,buyer
CLT-06231,seller
CLT-06232,seller
CLT-06233,buyer
CLT-06234,seller
CLT-06235,buyer
CLT-06236,seller
CLT-06237,buyer
CLT-06238,seller
CLT-06239,seller
CLT-06240,buyer
CLT-06241,seller
CLT-06242,buyer
CLT-06243,buyer
CLT-06244,buyer
CLT-06245,buyer
CLT-06246,buyer
CLT-06247,seller
CLT-06248,seller
CLT-06249,seller
CLT-06250,seller
CLT-06251,seller
CLT-06252,seller
CLT-06253,buyer
CLT-06254,seller
CLT-06255,buyer
CLT-06256,buyer
CLT-06257,seller
CLT-06258,seller
CLT-06259,buyer
CLT-06260,seller
CLT-06261,buyer
CLT-06262,seller
CLT-06263,seller
CLT-06264,seller
CLT-06265,buyer
CLT-06266,seller
CLT-06267,seller
CLT-06268,seller
CLT-06269,seller
CLT-06270,seller
CLT-06271,buyer
CLT-06272,buyer
CLT-06273,seller
CLT-06274,seller
CLT-06275,seller
CLT-06276,seller
CLT-06277,seller
CLT-06278,seller
CLT-06279,buyer
CLT-06280,buyer
CLT-06281,buyer
CLT-06282,seller
CLT-06283,buyer
CLT-06284,seller
CLT-06285,seller
CLT-06286,seller
CLT-06287,buyer
CLT-06288,buyer
CLT-06289,seller
CLT-06290,buyer
CLT-06291,seller
CLT-06292,buyer
CLT-06293,seller
CLT-06294,seller
CLT-06295,seller
CLT-06296,seller
CLT-06297,seller
CLT-06298,seller
CLT-06299,seller
CLT-06300,seller
CLT-06301,buyer
CLT-06302,seller
CLT-06303,seller
CLT-06304,seller
CLT-06305,buyer
CLT-06306,buyer
CLT-06307,seller
CLT-06308,seller
CLT-06309,buyer
CLT-06310,seller
CLT-06311,seller
CLT-06312,seller
CLT-06313,seller
CLT-06314,seller
CLT-06315,seller
CLT-06316,buyer
CLT-06317,buyer
CLT-06318,seller
CLT-06319,seller
CLT-06320,buyer
CLT-06321,buyer
CLT-06322,buyer
CLT-06323,buyer
CLT-06324,seller
CLT-06325,buyer
CLT-06326,buyer
CLT-06327,buyer
CLT-06328,buyer
CLT-06329,seller
CLT-06330,seller
CLT-06331,seller
CLT-06332,buyer
CLT-06333,seller
CLT-06334,seller
CLT-06335,buyer
CLT-06336,seller
CLT-06337,buyer
CLT-06338,buyer
CLT-06339,buyer
CLT-06340,buyer
CLT-06341,buyer
CLT-06342,buyer
CLT-06343,buyer
CLT-06344,seller
CLT-06345,seller
CLT-06346,buyer
CLT-06347,seller
CLT-06348,seller
CLT-06349,buyer
CLT-06350,seller
CLT-06351,buyer
CLT-06352,buyer
CLT-06353,buyer
CLT-06354,seller
CLT-06355,seller
CLT-06356,buyer
CLT-06357,seller
CLT-06358,buyer
CLT-06359,buyer
CLT-06360,buyer
CLT-06361,seller
CLT-06362,seller
CLT-06363,buyer
CLT-06364,seller
CLT-06365,buyer
CLT-06366,seller
CLT-06367,seller
CLT-06368,seller
CLT-06369,buyer
CLT-06370,seller
CLT-06371,seller
CLT-06372,buyer
CLT-06373,seller
CLT-06374,seller
CLT-06375,seller
CLT-06376,seller
CLT-06377,buyer
CLT-06378,buyer
CLT-06379,buyer
CLT-06380,seller
CLT-06381,seller
CLT-06382,buyer
CLT-06383,buyer
CLT-06384,buyer
CLT-06385,buyer
CLT-06386,buyer
CLT-06387,seller
CLT-06388,buyer
CLT-06389,seller
CLT-06390,buyer
CLT-06391,seller
CLT-06392,seller
CLT-06393,buyer
CLT-06394,seller
CLT-06395,seller
CLT-06396,buyer
CLT-06397,seller
CLT-06398,buyer
CLT-06399,seller
CLT-06400,seller
CLT-06401,buyer
CLT-06402,buyer
CLT-06403,buyer
CLT-06404,buyer
CLT-06405,buyer
CLT-06406,seller
CLT-06407,seller
CLT-06408,seller
CLT-06409,seller
CLT-06410,buyer
CLT-06411,seller
CLT-06412,buyer
CLT-06413,buyer
CLT-06414,buyer
CLT-06415,buyer
CLT-06416,buyer
CLT-06417,seller
CLT-06418,buyer
CLT-06419,seller
CLT-06420,seller
CLT-06421,seller
CLT-06422,seller
CLT-06423,seller
CLT-06424,seller
CLT-06425,seller
CLT-06426,buyer
CLT-06427,buyer
CLT-06428,seller
CLT-06429,buyer
CLT-06430,buyer
CLT-06431,buyer
CLT-06432,seller
CLT-06433,buyer
CLT-06434,seller
CLT-06435,buyer
CLT-06436,buyer
CLT-06437,buyer
CLT-06438,buyer
CLT-06439,buyer
CLT-06440,seller
CLT-06441,buyer
CLT-06442,buyer
CLT-06443,buyer
CLT-06444,seller
CLT-06445,buyer
CLT-06446,seller
CLT-06447,buyer
CLT-06448,buyer
CLT-06449,seller
CLT-06450,buyer
CLT-06451,seller
CLT-06452,buyer
CLT-06453,seller
CLT-06454,seller
CLT-06455,buyer
CLT-06456,buyer
CLT-06457,seller
CLT-06458,seller
CLT-06459,buyer
CLT-06460,seller
CLT-06461,seller
CLT-06462,buyer
CLT-06463,buyer
CLT-06464,buyer
CLT-06465,seller
CLT-06466,buyer
CLT-06467,buyer
CLT-06468,seller
CLT-06469,seller
CLT-06470,buyer
CLT-06471,seller
CLT-06472,buyer
CLT-06473,seller
CLT-06474,buyer
CLT-06475,buyer
CLT-06476,buyer
CLT-06477,buyer
CLT-06478,buyer
CLT-06479,seller
CLT-06480,buyer
CLT-06481,seller
CLT-06482,seller
CLT-06483,buyer
CLT-06484,buyer
CLT-06485,seller
CLT-06486,seller
CLT-06487,buyer
CLT-06488,buyer
CLT-06489,seller
CLT-06490,buyer
CLT-06491,buyer
CLT-06492,buyer
CLT-06493,seller
CLT-06494,seller
CLT-06495,seller
CLT-06496,seller
CLT-06497,buyer
CLT-06498,seller
CLT-06499,buyer
CLT-06500,buyer
CLT-06501,seller
CLT-06502,seller
CLT-06503,buyer
CLT-06504,seller
CLT-06505,seller
CLT-06506,seller
CLT-06507,seller
CLT-06508,buyer
CLT-06509,buyer
CLT-06510,seller
CLT-06511,buyer
CLT-06512,buyer
CLT-06513,buyer
CLT-06514,buyer
CLT-06515,buyer
CLT-06516,seller
CLT-06517,buyer
CLT-06518,buyer
CLT-06519,buyer
CLT-06520,buyer
CLT-06521,buyer
CLT-06522,seller
CLT-06523,buyer
CLT-06524,seller
CLT-06525,seller
CLT-06526,buyer
CLT-06527,seller
CLT-06528,seller
CLT-06529,buyer
CLT-06530,seller
CLT-06531,seller
CLT-06532,seller
CLT-06533,buyer
CLT-06534,seller
CLT-06535,seller
CLT-06536,buyer
CLT-06537,seller
CLT-06538,buyer
CLT-06539,seller
CLT-06540,seller
CLT-06541,buyer
CLT-06542,seller
CLT-06543,buyer
CLT-06544,seller
CLT-06545,seller
CLT-06546,seller
CLT-06547,buyer
CLT-06548,buyer
CLT-06549,buyer
CLT-06550,buyer
CLT-06551,seller
CLT-06552,seller
CLT-06553,buyer
CLT-06554,buyer
CLT-06555,seller
CLT-06556,seller
CLT-06557,seller
CLT-06558,buyer
CLT-06559,buyer
CLT-06560,seller
CLT-06561,buyer
CLT-06562,seller
CLT-06563,seller
CLT-06564,seller
CLT-06565,buyer
CLT-06566,buyer
CLT-06567,buyer
CLT-06568,seller
CLT-06569,buyer
CLT-06570,seller
CLT-06571,buyer
CLT-06572,seller
CLT-06573,buyer
CLT-06574,buyer
CLT-06575,buyer
CLT-06576,buyer
CLT-06577,buyer
CLT-06578,buyer
CLT-06579,buyer
CLT-06580,buyer
CLT-06581,buyer
CLT-06582,buyer
CLT-06583,seller
CLT-06584,buyer
CLT-06585,seller
CLT-06586,seller
CLT-06587,buyer
CLT-06588,buyer
CLT-06589,buyer
CLT-06590,buyer
CLT-06591,buyer
CLT-06592,seller
CLT-06593,buyer
CLT-06594,seller
CLT-06595,seller
CLT-06596,buyer
CLT-06597,seller
CLT-06598,buyer
CLT-06599,seller
CLT-06600,buyer
CLT-06601,seller
CLT-06602,seller
CLT-06603,buyer
CLT-06604,buyer
CLT-06605,seller
CLT-06606,buyer
CLT-06607,seller
CLT-06608,seller
CLT-06609,seller
CLT-06610,buyer
CLT-06611,seller
CLT-06612,seller
CLT-06613,seller
CLT-06614,buyer
CLT-06615,seller
CLT-06616,seller
CLT-06617,seller
CLT-06618,seller
CLT-06619,seller
CLT-06620,seller
CLT-06621,buyer
CLT-06622,buyer
CLT-06623,seller
CLT-06624,buyer
CLT-06625,buyer
CLT-06626,buyer
CLT-06627,seller
CLT-06628,seller
CLT-06629,buyer
CLT-06630,buyer
CLT-06631,seller
CLT-06632,seller
CLT-06633,seller
CLT-06634,seller
CLT-06635,seller
CLT-06636,seller
CLT-06637,buyer
CLT-06638,seller
CLT-06639,seller
CLT-06640,seller
CLT-06641,buyer
CLT-06642,seller
CLT-06643,buyer
CLT-06644,seller
CLT-06645,seller
CLT-06646,seller
CLT-06647,seller
CLT-06648,buyer
CLT-06649,seller
CLT-06650,buyer
CLT-06651,seller
CLT-06652,buyer
CLT-06653,buyer
CLT-06654,buyer
CLT-06655,seller
CLT-06656,seller
CLT-06657,seller
CLT-06658,buyer
CLT-06659,buyer
CLT-06660,buyer
CLT-06661,seller
CLT-06662,seller
CLT-06663,buyer
CLT-06664,seller
CLT-06665,buyer
CLT-06666,buyer
CLT-06667,seller
CLT-06668,seller
CLT-06669,seller
CLT-06670,buyer
CLT-06671,buyer
CLT-06672,buyer
CLT-06673,buyer
CLT-06674,seller
CLT-06675,seller
CLT-06676,seller
CLT-06677,buyer
CLT-06678,buyer
CLT-06679,buyer
CLT-06680,seller
CLT-06681,seller
CLT-06682,buyer
CLT-06683,buyer
CLT-06684,buyer
CLT-06685,buyer
CLT-06686,seller
CLT-06687,seller
CLT-06688,buyer
CLT-06689,buyer
CLT-06690,buyer
CLT-06691,seller
CLT-06692,buyer
CLT-06693,buyer
CLT-06694,buyer
CLT-06695,buyer
CLT-06696,buyer
CLT-06697,seller
CLT-06698,buyer
CLT-06699,buyer
CLT-06700,seller
CLT-06701,seller
CLT-06702,buyer
CLT-06703,buyer
CLT-06704,seller
CLT-06705,buyer
CLT-06706,buyer
CLT-06707,seller
CLT-06708,buyer
CLT-06709,seller
CLT-06710,buyer
CLT-06711,buyer
CLT-06712,seller
CLT-06713,buyer
CLT-06714,buyer
CLT-06715,buyer
CLT-06716,buyer
CLT-06717,buyer
CLT-06718,buyer
CLT-06719,buyer
CLT-06720,seller
CLT-06721,buyer
CLT-06722,seller
CLT-06723,buyer
CLT-06724,buyer
CLT-06725,buyer
CLT-06726,seller
CLT-06727,buyer
CLT-06728,buyer
CLT-06729,buyer
CLT-06730,buyer
CLT-06731,seller
CLT-06732,seller
CLT-06733,buyer
CLT-06734,buyer
CLT-06735,buyer
CLT-06736,seller
CLT-06737,seller
CLT-06738,seller
CLT-06739,buyer
CLT-06740,seller
CLT-06741,seller
CLT-06742,seller
CLT-06743,seller
CLT-06744,seller
CLT-06745,buyer
CLT-06746,buyer
CLT-06747,buyer
CLT-06748,seller
CLT-06749,seller
CLT-06750,buyer
CLT-06751,seller
CLT-06752,seller
CLT-06753,seller
CLT-06754,seller
CLT-06755,buyer
CLT-06756,buyer
CLT-06757,buyer
CLT-06758,buyer
CLT-06759,seller
CLT-06760,buyer
CLT-06761,seller
CLT-06762,seller
CLT-06763,buyer
CLT-06764,buyer
CLT-06765,buyer
CLT-06766,buyer
CLT-06767,buyer
CLT-06768,buyer
CLT-06769,buyer
CLT-06770,buyer
CLT-06771,seller
CLT-06772,seller
CLT-06773,buyer
CLT-06774,seller
CLT-06775,buyer
CLT-06776,buyer
CLT-06777,buyer
CLT-06778,seller
CLT-06779,buyer
CLT-06780,buyer
CLT-06781,seller
CLT-06782,seller
CLT-06783,buyer
CLT-06784,seller
CLT-06785,buyer
CLT-06786,seller
CLT-06787,buyer
CLT-06788,buyer
CLT-06789,seller
CLT-06790,buyer
CLT-06791,seller
CLT-06792,buyer
CLT-06793,buyer
CLT-06794,buyer
CLT-06795,buyer
CLT-06796,buyer
CLT-06797,buyer
CLT-06798,seller
CLT-06799,buyer
CLT-06800,buyer
CLT-06801,buyer
CLT-06802,buyer
CLT-06803,seller
CLT-06804,seller
CLT-06805,seller
CLT-06806,buyer
CLT-06807,buyer
CLT-06808,seller
CLT-06809,buyer
CLT-06810,seller
CLT-06811,buyer
CLT-06812,buyer
CLT-06813,seller
CLT-06814,buyer
CLT-06815,buyer
CLT-06816,buyer
CLT-06817,buyer
CLT-06818,seller
CLT-06819,buyer
CLT-06820,buyer
CLT-06821,seller
CLT-06822,buyer
CLT-06823,seller
CLT-06824,buyer
CLT-06825,seller
CLT-06826,seller
CLT-06827,seller
CLT-06828,buyer
CLT-06829,seller
CLT-06830,buyer
CLT-06831,seller
CLT-06832,seller
CLT-06833,seller
CLT-06834,buyer
CLT-06835,buyer
CLT-06836,buyer
CLT-06837,seller
CLT-06838,buyer
CLT-06839,seller
CLT-06840,buyer
CLT-06841,seller
CLT-06842,seller
CLT-06843,seller
CLT-06844,buyer
CLT-06845,buyer
CLT-06846,seller
CLT-06847,seller
CLT-06848,buyer
CLT-06849,seller
CLT-06850,seller
CLT-06851,seller
CLT-06852,buyer
CLT-06853,buyer
CLT-06854,buyer
CLT-06855,buyer
CLT-06856,buyer
CLT-06857,seller
CLT-06858,seller
CLT-06859,buyer
CLT-06860,seller
CLT-06861,buyer
CLT-06862,seller
CLT-06863,buyer
CLT-06864,buyer
CLT-06865,seller
CLT-06866,buyer
CLT-06867,seller
CLT-06868,buyer
CLT-06869,buyer
CLT-06870,seller
CLT-06871,buyer
CLT-06872,buyer
CLT-06873,seller
CLT-06874,seller
CLT-06875,seller
CLT-06876,seller
CLT-06877,seller
CLT-06878,seller
CLT-06879,buyer
CLT-06880,seller
CLT-06881,seller
CLT-06882,seller
CLT-06883,seller
CLT-06884,seller
CLT-06885,buyer
CLT-06886,seller
CLT-06887,buyer
CLT-06888,buyer
CLT-06889,seller
CLT-06890,seller
CLT-06891,seller
CLT-06892,buyer
CLT-06893,seller
CLT-06894,seller
CLT-06895,seller
CLT-06896,seller
CLT-06897,buyer
CLT-06898,seller
CLT-06899,seller
CLT-06900,seller
CLT-06901,seller
CLT-06902,buyer
CLT-06903,seller
CLT-06904,seller
CLT-06905,seller
CLT-06906,buyer
CLT-06907,buyer
CLT-06908,seller
CLT-06909,seller
CLT-06910,seller
CLT-06911,seller
CLT-06912,seller
CLT-06913,buyer
CLT-06914,buyer
CLT-06915,seller
CLT-06916,buyer
CLT-06917,buyer
CLT-06918,seller
CLT-06919,buyer
CLT-06920,buyer
CLT-06921,seller
CLT-06922,buyer
CLT-06923,seller
CLT-06924,buyer
CLT-06925,buyer
CLT-06926,seller
CLT-06927,seller
CLT-06928,seller
CLT-06929,seller
CLT-06930,seller
CLT-06931,buyer
CLT-06932,buyer
CLT-06933,buyer
CLT-06934,buyer
CLT-06935,seller
CLT-06936,buyer
CLT-06937,seller
CLT-06938,buyer
CLT-06939,buyer
CLT-06940,seller
CLT-06941,seller
CLT-06942,buyer
CLT-06943,buyer
CLT-06944,buyer
CLT-06945,seller
CLT-06946,seller
CLT-06947,buyer
CLT-06948,buyer
CLT-06949,buyer
CLT-06950,seller
CLT-06951,seller
CLT-06952,seller
CLT-06953,buyer
CLT-06954,buyer
CLT-06955,seller
CLT-06956,seller
CLT-06957,buyer
CLT-06958,buyer
CLT-06959,buyer
CLT-06960,buyer
CLT-06961,buyer
CLT-06962,seller
CLT-06963,seller
CLT-06964,seller
CLT-06965,buyer
CLT-06966,seller
CLT-06967,buyer
CLT-06968,seller
CLT-06969,seller
CLT-06970,seller
CLT-06971,buyer
CLT-06972,seller
CLT-06973,seller
CLT-06974,seller
CLT-06975,seller
CLT-06976,buyer
CLT-06977,seller
CLT-06978,seller
CLT-06979,seller
CLT-06980,buyer
CLT-06981,seller
CLT-06982,buyer
CLT-06983,seller
CLT-06984,buyer
CLT-06985,seller
CLT-06986,buyer
CLT-06987,buyer
CLT-06988,seller
CLT-06989,buyer
CLT-06990,seller
CLT-06991,seller
CLT-06992,seller
CLT-06993,buyer
CLT-06994,buyer
CLT-06995,seller
CLT-06996,seller
CLT-06997,seller
CLT-06998,seller
CLT-06999,seller
CLT-07000,buyer
CLT-07001,seller
CLT-07002,buyer
CLT-07003,buyer
CLT-07004,buyer
CLT-07005,seller
CLT-07006,buyer
CLT-07007,seller
CLT-07008,seller
CLT-07009,buyer
CLT-07010,buyer
CLT-07011,buyer
CLT-07012,seller
CLT-07013,buyer
CLT-07014,buyer
CLT-07015,buyer
CLT-07016,buyer
CLT-07017,buyer
CLT-07018,buyer
CLT-07019,seller
CLT-07020,buyer
CLT-07021,seller
CLT-07022,buyer
CLT-07023,buyer
CLT-07024,seller
CLT-07025,buyer
CLT-07026,buyer
CLT-07027,buyer
CLT-07028,buyer
CLT-07029,buyer
CLT-07030,seller
CLT-07031,seller
CLT-07032,seller
CLT-07033,seller
CLT-07034,buyer
CLT-07035,seller
CLT-07036,buyer
CLT-07037,buyer
CLT-07038,seller
CLT-07039,seller
CLT-07040,seller
CLT-07041,buyer
CLT-07042,buyer
CLT-07043,buyer
CLT-07044,buyer
CLT-07045,seller
CLT-07046,seller
CLT-07047,seller
CLT-07048,buyer
CLT-07049,buyer
CLT-07050,buyer
CLT-07051,seller
CLT-07052,seller
CLT-07053,seller
CLT-07054,buyer
CLT-07055,seller
CLT-07056,seller
CLT-07057,buyer
CLT-07058,buyer
CLT-07059,buyer
CLT-07060,buyer
CLT-07061,buyer
CLT-07062,buyer
CLT-07063,seller
CLT-07064,seller
CLT-07065,seller
CLT-07066,buyer
CLT-07067,buyer
CLT-07068,seller
CLT-07069,seller
CLT-07070,seller
CLT-07071,seller
CLT-07072,seller
CLT-07073,buyer
CLT-07074,seller
CLT-07075,seller
CLT-07076,seller
CLT-07077,seller
CLT-07078,buyer
CLT-07079,seller
CLT-07080,buyer
CLT-07081,seller
CLT-07082,buyer
CLT-07083,seller
CLT-07084,seller
CLT-07085,seller
CLT-07086,buyer
CLT-07087,seller
CLT-07088,seller
CLT-07089,seller
CLT-07090,seller
CLT-07091,seller
CLT-07092,seller
CLT-07093,seller
CLT-07094,seller
CLT-07095,seller
CLT-07096,buyer
CLT-07097,seller
CLT-07098,buyer
CLT-07099,seller
CLT-07100,seller
CLT-07101,seller
CLT-07102,seller
CLT-07103,seller
CLT-07104,buyer
CLT-07105,buyer
CLT-07106,buyer
CLT-07107,seller
CLT-07108,buyer
CLT-07109,seller
CLT-07110,seller
CLT-07111,seller
CLT-07112,seller
CLT-07113,seller
CLT-07114,seller
CLT-07115,buyer
CLT-07116,seller
CLT-07117,buyer
CLT-07118,seller
CLT-07119,seller
CLT-07120,buyer
CLT-07121,seller
CLT-07122,buyer
CLT-07123,seller
CLT-07124,buyer
CLT-07125,buyer
CLT-07126,buyer
CLT-07127,seller
CLT-07128,seller
CLT-07129,seller
CLT-07130,buyer
CLT-07131,seller
CLT-07132,seller
CLT-07133,buyer
CLT-07134,seller
CLT-07135,seller
CLT-07136,buyer
CLT-07137,buyer
CLT-07138,seller
CLT-07139,buyer
CLT-07140,seller
CLT-07141,seller
CLT-07142,seller
CLT-07143,buyer
CLT-07144,seller
CLT-07145,buyer
CLT-07146,seller
CLT-07147,buyer
CLT-07148,buyer
CLT-07149,seller
CLT-07150,seller
CLT-07151,seller
CLT-07152,seller
CLT-07153,buyer
CLT-07154,seller
CLT-07155,buyer
CLT-07156,buyer
CLT-07157,buyer
CLT-07158,buyer
CLT-07159,seller
CLT-07160,seller
CLT-07161,seller
CLT-07162,buyer
CLT-07163,seller
CLT-07164,buyer
CLT-07165,seller
CLT-07166,buyer
CLT-07167,buyer
CLT-07168,buyer
CLT-07169,seller
CLT-07170,buyer
CLT-07171,buyer
CLT-07172,seller
CLT-07173,seller
CLT-07174,seller
CLT-07175,seller
CLT-07176,seller
CLT-07177,seller
CLT-07178,seller
CLT-07179,seller
CLT-07180,seller
CLT-07181,seller
CLT-07182,seller
CLT-07183,seller
CLT-07184,buyer
CLT-07185,seller
CLT-07186,seller
CLT-07187,buyer
CLT-07188,buyer
CLT-07189,buyer
CLT-07190,seller
CLT-07191,seller
CLT-07192,buyer
CLT-07193,seller
CLT-07194,buyer
CLT-07195,seller
CLT-07196,buyer
CLT-07197,buyer
CLT-07198,seller
CLT-07199,seller
CLT-07200,seller
CLT-07201,buyer
CLT-07202,buyer
CLT-07203,buyer
CLT-07204,seller
CLT-07205,seller
CLT-07206,buyer
CLT-07207,seller
CLT-07208,seller
CLT-07209,buyer
CLT-07210,buyer
CLT-07211,seller
CLT-07212,buyer
CLT-07213,seller
CLT-07214,seller
CLT-07215,seller
CLT-07216,seller
CLT-07217,seller
CLT-07218,buyer
CLT-07219,buyer
CLT-07220,buyer
CLT-07221,seller
CLT-07222,seller
CLT-07223,buyer
CLT-07224,seller
CLT-07225,seller
CLT-07226,buyer
CLT-07227,seller
CLT-07228,buyer
CLT-07229,buyer
CLT-07230,seller
CLT-07231,seller
CLT-07232,seller
CLT-07233,seller
CLT-07234,seller
CLT-07235,buyer
CLT-07236,buyer
CLT-07237,buyer
CLT-07238,seller
CLT-07239,seller
CLT-07240,seller
CLT-07241,buyer
CLT-07242,buyer
CLT-07243,buyer
CLT-07244,buyer
CLT-07245,seller
CLT-07246,seller
CLT-07247,seller
CLT-07248,buyer
CLT-07249,seller
CLT-07250,buyer
CLT-07251,buyer
CLT-07252,seller
CLT-07253,buyer
CLT-07254,buyer
CLT-07255,buyer
CLT-07256,buyer
CLT-07257,seller
CLT-07258,seller
CLT-07259,buyer
CLT-07260,seller
CLT-07261,seller
CLT-07262,seller
CLT-07263,buyer
CLT-07264,buyer
CLT-07265,seller
CLT-07266,seller
CLT-07267,seller
CLT-07268,seller
CLT-07269,buyer
CLT-07270,buyer
CLT-07271,buyer
CLT-07272,buyer
CLT-07273,buyer
CLT-07274,buyer
CLT-07275,buyer
CLT-07276,seller
CLT-07277,buyer
CLT-07278,buyer
CLT-07279,buyer
CLT-07280,buyer
CLT-07281,buyer
CLT-07282,buyer
CLT-07283,seller
CLT-07284,seller
CLT-07285,buyer
CLT-07286,buyer
CLT-07287,buyer
CLT-07288,buyer
CLT-07289,seller
CLT-07290,seller
CLT-07291,buyer
CLT-07292,seller
CLT-07293,seller
CLT-07294,seller
CLT-07295,seller
CLT-07296,seller
CLT-07297,buyer
CLT-07298,buyer
CLT-07299,seller
CLT-07300,seller
CLT-07301,seller
CLT-07302,seller
CLT-07303,buyer
CLT-07304,buyer
CLT-07305,seller
CLT-07306,buyer
CLT-07307,seller
CLT-07308,buyer
CLT-07309,seller
CLT-07310,buyer
CLT-07311,buyer
CLT-07312,buyer
CLT-07313,buyer
CLT-07314,seller
CLT-07315,buyer
CLT-07316,seller
CLT-07317,buyer
CLT-07318,seller
CLT-07319,buyer
CLT-07320,buyer
CLT-07321,seller
CLT-07322,seller
CLT-07323,seller
CLT-07324,buyer
CLT-07325,seller
CLT-07326,seller
CLT-07327,seller
CLT-07328,seller
CLT-07329,seller
CLT-07330,seller
CLT-07331,buyer
CLT-07332,buyer
CLT-07333,seller
CLT-07334,buyer
CLT-07335,buyer
CLT-07336,buyer
CLT-07337,buyer
CLT-07338,seller
CLT-07339,buyer
CLT-07340,seller
CLT-07341,buyer
CLT-07342,buyer
CLT-07343,buyer
CLT-07344,seller
CLT-07345,buyer
CLT-07346,seller
CLT-07347,buyer
CLT-07348,buyer
CLT-07349,buyer
CLT-07350,seller
CLT-07351,buyer
CLT-07352,buyer
CLT-07353,seller
CLT-07354,buyer
CLT-07355,seller
CLT-07356,buyer
CLT-07357,buyer
CLT-07358,buyer
CLT-07359,buyer
CLT-07360,seller
CLT-07361,seller
CLT-07362,buyer
CLT-07363,buyer
CLT-07364,seller
CLT-07365,buyer
CLT-07366,buyer
CLT-07367,buyer
CLT-07368,seller
CLT-07369,seller
CLT-07370,buyer
CLT-07371,seller
CLT-07372,seller
CLT-07373,seller
CLT-07374,buyer
CLT-07375,seller
CLT-07376,buyer
CLT-07377,seller
CLT-07378,seller
CLT-07379,buyer
CLT-07380,buyer
CLT-07381,seller
CLT-07382,buyer
CLT-07383,seller
CLT-07384,seller
CLT-07385,seller
CLT-07386,seller
CLT-07387,buyer
CLT-07388,seller
CLT-07389,buyer
CLT-07390,buyer
CLT-07391,seller
CLT-07392,seller
CLT-07393,buyer
CLT-07394,buyer
CLT-07395,seller
CLT-07396,buyer
CLT-07397,seller
CLT-07398,seller
CLT-07399,buyer
CLT-07400,seller
CLT-07401,buyer
CLT-07402,seller
CLT-07403,seller
CLT-07404,buyer
CLT-07405,seller
CLT-07406,seller
CLT-07407,seller
CLT-07408,buyer
CLT-07409,buyer
CLT-07410,buyer
CLT-07411,seller
CLT-07412,seller
CLT-07413,seller
CLT-07414,seller
CLT-07415,seller
CLT-07416,buyer
CLT-07417,buyer
CLT-07418,seller
CLT-07419,seller
CLT-07420,buyer
CLT-07421,seller
CLT-07422,seller
CLT-07423,buyer
CLT-07424,buyer
CLT-07425,buyer
CLT-07426,seller
CLT-07427,buyer
CLT-07428,seller
CLT-07429,seller
CLT-07430,seller
CLT-07431,seller
CLT-07432,seller
CLT-07433,seller
CLT-07434,buyer
CLT-07435,seller
CLT-07436,seller
CLT-07437,seller
CLT-07438,buyer
CLT-07439,seller
CLT-07440,seller
CLT-07441,seller
CLT-07442,buyer
CLT-07443,buyer
CLT-07444,buyer
CLT-07445,seller
CLT-07446,seller
CLT-07447,seller
CLT-07448,seller
CLT-07449,buyer
CLT-07450,buyer
CLT-07451,seller
CLT-07452,buyer
CLT-07453,seller
CLT-07454,seller
CLT-07455,seller
CLT-07456,buyer
CLT-07457,buyer
CLT-07458,seller
CLT-07459,buyer
CLT-07460,buyer
CLT-07461,seller
CLT-07462,seller
CLT-07463,seller
CLT-07464,buyer
CLT-07465,seller
CLT-07466,buyer
CLT-07467,buyer
CLT-07468,seller
CLT-07469,seller
CLT-07470,seller
CLT-07471,seller
CLT-07472,buyer
CLT-07473,seller
CLT-07474,buyer
CLT-07475,seller
CLT-07476,buyer
CLT-07477,buyer
CLT-07478,seller
CLT-07479,buyer
CLT-07480,buyer
CLT-07481,buyer
CLT-07482,seller
CLT-07483,seller
CLT-07484,buyer
CLT-07485,seller
CLT-07486,buyer
CLT-07487,buyer
CLT-07488,buyer
CLT-07489,buyer
CLT-07490,buyer
CLT-07491,seller
CLT-07492,seller
CLT-07493,seller
CLT-07494,seller
CLT-07495,buyer
CLT-07496,seller
CLT-07497,seller
CLT-07498,buyer
CLT-07499,seller
CLT-07500,seller
CLT-07501,seller
CLT-07502,seller
CLT-07503,buyer
CLT-07504,buyer
CLT-07505,buyer
CLT-07506,buyer
CLT-07507,seller
CLT-07508,buyer
CLT-07509,seller
CLT-07510,buyer
CLT-07511,seller
CLT-07512,buyer
CLT-07513,buyer
CLT-07514,seller
CLT-07515,buyer
CLT-07516,buyer
CLT-07517,buyer
CLT-07518,buyer
CLT-07519,buyer
CLT-07520,buyer
CLT-07521,seller
CLT-07522,buyer
CLT-07523,buyer
CLT-07524,buyer
CLT-07525,buyer
CLT-07526,seller
CLT-07527,seller
CLT-07528,buyer
CLT-07529,seller
CLT-07530,seller
CLT-07531,buyer
CLT-07532,seller
CLT-07533,buyer
CLT-07534,buyer
CLT-07535,seller
CLT-07536,seller
CLT-07537,seller
CLT-07538,buyer
CLT-07539,buyer
CLT-07540,seller
CLT-07541,seller
CLT-07542,seller
CLT-07543,buyer
CLT-07544,seller
CLT-07545,seller
CLT-07546,buyer
CLT-07547,buyer
CLT-07548,buyer
CLT-07549,buyer
CLT-07550,seller
CLT-07551,seller
CLT-07552,seller
CLT-07553,seller
CLT-07554,buyer
CLT-07555,seller
CLT-07556,seller
CLT-07557,buyer
CLT-07558,buyer
CLT-07559,buyer
CLT-07560,buyer
CLT-07561,seller
CLT-07562,seller
CLT-07563,buyer
CLT-07564,seller
CLT-07565,seller
CLT-07566,seller
CLT-07567,seller
CLT-07568,seller
CLT-07569,seller
CLT-07570,buyer
CLT-07571,seller
CLT-07572,buyer
CLT-07573,seller
CLT-07574,seller
CLT-07575,buyer
CLT-07576,buyer
CLT-07577,buyer
CLT-07578,seller
CLT-07579,seller
CLT-07580,seller
CLT-07581,seller
CLT-07582,buyer
CLT-07583,seller
CLT-07584,buyer
CLT-07585,seller
CLT-07586,buyer
CLT-07587,buyer
CLT-07588,seller
CLT-07589,seller
CLT-07590,buyer
CLT-07591,seller
CLT-07592,seller
CLT-07593,buyer
CLT-07594,buyer
CLT-07595,seller
CLT-07596,buyer
CLT-07597,seller
CLT-07598,seller
CLT-07599,seller
CLT-07600,buyer
CLT-07601,buyer
CLT-07602,buyer
CLT-07603,seller
CLT-07604,seller
CLT-07605,seller
CLT-07606,seller
CLT-07607,seller
CLT-07608,seller
CLT-07609,buyer
CLT-07610,buyer
CLT-07611,seller
CLT-07612,seller
CLT-07613,buyer
CLT-07614,seller
CLT-07615,buyer
CLT-07616,seller
CLT-07617,buyer
CLT-07618,buyer
CLT-07619,seller
CLT-07620,buyer
CLT-07621,buyer
CLT-07622,seller
CLT-07623,buyer
CLT-07624,buyer
CLT-07625,buyer
CLT-07626,seller
CLT-07627,buyer
CLT-07628,seller
CLT-07629,buyer
CLT-07630,seller
CLT-07631,buyer
CLT-07632,buyer
CLT-07633,seller
CLT-07634,buyer
CLT-07635,seller
CLT-07636,buyer
CLT-07637,buyer
CLT-07638,buyer
CLT-07639,buyer
CLT-07640,seller
CLT-07641,seller
CLT-07642,buyer
CLT-07643,buyer
CLT-07644,seller
CLT-07645,buyer
CLT-07646,seller
CLT-07647,seller
CLT-07648,buyer
CLT-07649,buyer
CLT-07650,buyer
CLT-07651,seller
CLT-07652,seller
CLT-07653,buyer
CLT-07654,seller
CLT-07655,buyer
CLT-07656,buyer
CLT-07657,buyer
CLT-07658,buyer
CLT-07659,buyer
CLT-07660,buyer
CLT-07661,seller
CLT-07662,seller
CLT-07663,buyer
CLT-07664,seller
CLT-07665,buyer
CLT-07666,seller
CLT-07667,seller
CLT-07668,buyer
CLT-07669,seller
CLT-07670,seller
CLT-07671,seller
CLT-07672,buyer
CLT-07673,buyer
CLT-07674,seller
CLT-07675,buyer
CLT-07676,seller
CLT-07677,buyer
CLT-07678,buyer
CLT-07679,seller
CLT-07680,buyer
CLT-07681,buyer
CLT-07682,buyer
CLT-07683,buyer
CLT-07684,seller
CLT-07685,seller
CLT-07686,seller
CLT-07687,seller
CLT-07688,buyer
CLT-07689,buyer
CLT-07690,seller
CLT-07691,seller
CLT-07692,seller
CLT-07693,seller
CLT-07694,seller
CLT-07695,buyer
CLT-07696,buyer
CLT-07697,seller
CLT-07698,buyer
CLT-07699,seller
CLT-07700,buyer
CLT-07701,seller
CLT-07702,buyer
CLT-07703,seller
CLT-07704,seller
CLT-07705,buyer
CLT-07706,seller
CLT-07707,seller
CLT-07708,seller
CLT-07709,buyer
CLT-07710,seller
CLT-07711,buyer
CLT-07712,seller
CLT-07713,buyer
CLT-07714,seller
CLT-07715,buyer
CLT-07716,seller
CLT-07717,seller
CLT-07718,seller
CLT-07719,buyer
CLT-07720,seller
CLT-07721,seller
CLT-07722,seller
CLT-07723,seller
CLT-07724,buyer
CLT-07725,buyer
CLT-07726,seller
CLT-07727,seller
CLT-07728,buyer
CLT-07729,seller
CLT-07730,seller
CLT-07731,seller
CLT-07732,seller
CLT-07733,seller
CLT-07734,buyer
CLT-07735,buyer
CLT-07736,seller
CLT-07737,buyer
CLT-07738,buyer
CLT-07739,buyer
CLT-07740,buyer
CLT-07741,seller
CLT-07742,seller
CLT-07743,buyer
CLT-07744,seller
CLT-07745,seller
CLT-07746,buyer
CLT-07747,seller
CLT-07748,buyer
CLT-07749,seller
CLT-07750,seller
CLT-07751,buyer
CLT-07752,seller
CLT-07753,seller
CLT-07754,seller
CLT-07755,seller
CLT-07756,seller
CLT-07757,buyer
CLT-07758,seller
CLT-07759,seller
CLT-07760,buyer
CLT-07761,seller
CLT-07762,seller
CLT-07763,buyer
CLT-07764,seller
CLT-07765,seller
CLT-07766,seller
CLT-07767,seller
CLT-07768,seller
CLT-07769,seller
CLT-07770,buyer
CLT-07771,seller
CLT-07772,buyer
CLT-07773,buyer
CLT-07774,seller
CLT-07775,seller
CLT-07776,seller
CLT-07777,buyer
CLT-07778,seller
CLT-07779,buyer
CLT-07780,buyer
CLT-07781,seller
CLT-07782,seller
CLT-07783,seller
CLT-07784,buyer
CLT-07785,buyer
CLT-07786,seller
CLT-07787,buyer
CLT-07788,seller
CLT-07789,buyer
CLT-07790,seller
CLT-07791,buyer
CLT-07792,seller
CLT-07793,buyer
CLT-07794,seller
CLT-07795,buyer
CLT-07796,buyer
CLT-07797,buyer
CLT-07798,seller
CLT-07799,buyer
CLT-07800,seller
CLT-07801,buyer
CLT-07802,seller
CLT-07803,buyer
CLT-07804,seller
CLT-07805,buyer
CLT-07806,buyer
CLT-07807,buyer
CLT-07808,buyer
CLT-07809,seller
CLT-07810,buyer
CLT-07811,seller
CLT-07812,buyer
CLT-07813,buyer
CLT-07814,buyer
CLT-07815,seller
CLT-07816,seller
CLT-07817,seller
CLT-07818,buyer
CLT-07819,seller
CLT-07820,buyer
CLT-07821,seller
CLT-07822,seller
CLT-07823,buyer
CLT-07824,seller
CLT-07825,buyer
CLT-07826,buyer
CLT-07827,buyer
CLT-07828,seller
CLT-07829,buyer
CLT-07830,buyer
CLT-07831,seller
CLT-07832,seller
CLT-07833,seller
CLT-07834,seller
CLT-07835,buyer
CLT-07836,buyer
CLT-07837,seller
CLT-07838,seller
CLT-07839,seller
CLT-07840,seller
CLT-07841,buyer
CLT-07842,seller
CLT-07843,buyer
CLT-07844,buyer
CLT-07845,buyer
CLT-07846,buyer
CLT-07847,buyer
CLT-07848,buyer
CLT-07849,buyer
CLT-07850,buyer
CLT-07851,seller
CLT-07852,seller
CLT-07853,buyer
CLT-07854,seller
CLT-07855,buyer
CLT-07856,seller
CLT-07857,buyer
CLT-07858,seller
CLT-07859,seller
CLT-07860,buyer
CLT-07861,buyer
CLT-07862,buyer
CLT-07863,buyer
CLT-07864,buyer
CLT-07865,seller
CLT-07866,seller
CLT-07867,buyer
CLT-07868,seller
CLT-07869,buyer
CLT-07870,buyer
CLT-07871,buyer
CLT-07872,buyer
CLT-07873,seller
CLT-07874,buyer
CLT-07875,seller
CLT-07876,buyer
CLT-07877,buyer
CLT-07878,seller
CLT-07879,seller
CLT-07880,seller
CLT-07881,buyer
CLT-07882,seller
CLT-07883,buyer
CLT-07884,buyer
CLT-07885,seller
CLT-07886,buyer
CLT-07887,buyer
CLT-07888,buyer
CLT-07889,seller
CLT-07890,seller
CLT-07891,seller
CLT-07892,seller
CLT-07893,buyer
CLT-07894,seller
CLT-07895,seller
CLT-07896,seller
CLT-07897,seller
CLT-07898,seller
CLT-07899,buyer
CLT-07900,buyer
CLT-07901,seller
CLT-07902,buyer
CLT-07903,seller
CLT-07904,seller
CLT-07905,seller
CLT-07906,seller
CLT-07907,seller
CLT-07908,seller
CLT-07909,buyer
CLT-07910,buyer
CLT-07911,seller
CLT-07912,buyer
CLT-07913,seller
CLT-07914,buyer
CLT-07915,seller
CLT-07916,seller
CLT-07917,seller
CLT-07918,seller
CLT-07919,seller
CLT-07920,seller
CLT-07921,buyer
CLT-07922,seller
CLT-07923,buyer
CLT-07924,seller
CLT-07925,seller
CLT-07926,seller
CLT-07927,buyer
CLT-07928,buyer
CLT-07929,buyer
CLT-07930,seller
CLT-07931,buyer
CLT-07932,seller
CLT-07933,buyer
CLT-07934,buyer
CLT-07935,buyer
CLT-07936,seller
CLT-07937,seller
CLT-07938,seller
CLT-07939,buyer
CLT-07940,seller
CLT-07941,buyer
CLT-07942,buyer
CLT-07943,seller
CLT-07944,buyer
CLT-07945,seller
CLT-07946,buyer
CLT-07947,buyer
CLT-07948,buyer
CLT-07949,seller
CLT-07950,buyer
CLT-07951,seller
CLT-07952,buyer
CLT-07953,seller
CLT-07954,buyer
CLT-07955,seller
CLT-07956,buyer
CLT-07957,seller
CLT-07958,buyer
CLT-07959,buyer
CLT-07960,buyer
CLT-07961,seller
CLT-07962,buyer
CLT-07963,seller
CLT-07964,buyer
CLT-07965,seller
CLT-07966,buyer
CLT-07967,seller
CLT-07968,seller
CLT-07969,buyer
CLT-07970,buyer
CLT-07971,seller
CLT-07972,buyer
CLT-07973,buyer
CLT-07974,buyer
CLT-07975,buyer
CLT-07976,buyer
CLT-07977,seller
CLT-07978,buyer
CLT-07979,seller
CLT-07980,buyer
CLT-07981,buyer
CLT-07982,buyer
CLT-07983,seller
CLT-07984,buyer
CLT-07985,buyer
CLT-07986,buyer
CLT-07987,seller
CLT-07988,seller
CLT-07989,buyer
CLT-07990,seller
CLT-07991,seller
CLT-07992,seller
CLT-07993,buyer
CLT-07994,seller
CLT-07995,buyer
CLT-07996,seller
CLT-07997,buyer
CLT-07998,buyer
CLT-07999,buyer
CLT-08000,buyer
CLT-08001,seller
CLT-08002,buyer
CLT-08003,seller
CLT-08004,buyer
CLT-08005,buyer
CLT-08006,seller
CLT-08007,seller
CLT-08008,buyer
CLT-08009,buyer
CLT-08010,seller
CLT-08011,seller
CLT-08012,buyer
CLT-08013,seller
CLT-08014,buyer
CLT-08015,buyer
CLT-08016,seller
CLT-08017,buyer
CLT-08018,seller
CLT-08019,buyer
CLT-08020,buyer
CLT-08021,buyer
CLT-08022,seller
CLT-08023,seller
CLT-08024,buyer
CLT-08025,buyer
CLT-08026,seller
CLT-08027,seller
CLT-08028,buyer
CLT-08029,seller
CLT-08030,buyer
CLT-08031,seller
CLT-08032,buyer
CLT-08033,buyer
CLT-08034,seller
CLT-08035,seller
CLT-08036,seller
CLT-08037,seller
CLT-08038,buyer
CLT-08039,seller
CLT-08040,seller
CLT-08041,seller
CLT-08042,seller
CLT-08043,buyer
CLT-08044,buyer
CLT-08045,buyer
CLT-08046,buyer
CLT-08047,buyer
CLT-08048,seller
CLT-08049,seller
CLT-08050,buyer
CLT-08051,seller
CLT-08052,buyer
CLT-08053,buyer
CLT-08054,buyer
CLT-08055,buyer
CLT-08056,buyer
CLT-08057,seller
CLT-08058,seller
CLT-08059,seller
CLT-08060,buyer
CLT-08061,seller
CLT-08062,seller
CLT-08063,seller
CLT-08064,seller
CLT-08065,seller
CLT-08066,seller
CLT-08067,buyer
CLT-08068,buyer
CLT-08069,buyer
CLT-08070,buyer
CLT-08071,buyer
CLT-08072,seller
CLT-08073,seller
CLT-08074,buyer
CLT-08075,seller
CLT-08076,seller
CLT-08077,buyer
CLT-08078,buyer
CLT-08079,seller
CLT-08080,seller
CLT-08081,buyer
CLT-08082,seller
CLT-08083,seller
CLT-08084,seller
CLT-08085,buyer
CLT-08086,seller
CLT-08087,seller
CLT-08088,seller
CLT-08089,buyer
CLT-08090,buyer
CLT-08091,seller
CLT-08092,seller
CLT-08093,seller
CLT-08094,buyer
CLT-08095,buyer
CLT-08096,seller
CLT-08097,seller
CLT-08098,buyer
CLT-08099,buyer
CLT-08100,seller
CLT-08101,seller
CLT-08102,buyer
CLT-08103,buyer
CLT-08104,seller
CLT-08105,seller
CLT-08106,seller
CLT-08107,seller
CLT-08108,buyer
CLT-08109,seller
CLT-08110,seller
CLT-08111,seller
CLT-08112,seller
CLT-08113,buyer
CLT-08114,seller
CLT-08115,seller
CLT-08116,seller
CLT-08117,seller
CLT-08118,seller
CLT-08119,seller
CLT-08120,buyer
CLT-08121,seller
CLT-08122,seller
CLT-08123,seller
CLT-08124,buyer
CLT-08125,seller
CLT-08126,seller
CLT-08127,buyer
CLT-08128,seller
CLT-08129,buyer
CLT-08130,seller
CLT-08131,buyer
CLT-08132,seller
CLT-08133,seller
CLT-08134,seller
CLT-08135,seller
CLT-08136,seller
CLT-08137,seller
CLT-08138,seller
CLT-08139,buyer
CLT-08140,buyer
CLT-08141,buyer
CLT-08142,seller
CLT-08143,seller
CLT-08144,seller
CLT-08145,buyer
CLT-08146,buyer
CLT-08147,buyer
CLT-08148,seller
CLT-08149,seller
CLT-08150,buyer
CLT-08151,seller
CLT-08152,buyer
CLT-08153,buyer
CLT-08154,buyer
CLT-08155,seller
CLT-08156,seller
CLT-08157,seller
CLT-08158,seller
CLT-08159,seller
CLT-08160,seller
CLT-08161,seller
CLT-08162,seller
CLT-08163,seller
CLT-08164,buyer
CLT-08165,seller
CLT-08166,buyer
CLT-08167,seller
CLT-08168,buyer
CLT-08169,buyer
CLT-08170,seller
CLT-08171,buyer
CLT-08172,seller
CLT-08173,buyer
CLT-08174,seller
CLT-08175,buyer
CLT-08176,buyer
CLT-08177,seller
CLT-08178,buyer
CLT-08179,seller
CLT-08180,buyer
CLT-08181,seller
CLT-08182,buyer
CLT-08183,seller
CLT-08184,buyer
CLT-08185,seller
CLT-08186,buyer
CLT-08187,seller
CLT-08188,seller
CLT-08189,seller
CLT-08190,seller
CLT-08191,seller
CLT-08192,seller
CLT-08193,seller
CLT-08194,buyer
CLT-08195,buyer
CLT-08196,seller
CLT-08197,buyer
CLT-08198,buyer
CLT-08199,buyer
CLT-08200,seller
CLT-08201,seller
CLT-08202,seller
CLT-08203,buyer
CLT-08204,seller
CLT-08205,buyer
CLT-08206,buyer
CLT-08207,seller
CLT-08208,seller
CLT-08209,seller
CLT-08210,buyer
CLT-08211,seller
CLT-08212,buyer
CLT-08213,buyer
CLT-08214,buyer
CLT-08215,buyer
CLT-08216,seller
CLT-08217,seller
CLT-08218,buyer
CLT-08219,buyer
CLT-08220,buyer
CLT-08221,seller
CLT-08222,buyer
CLT-08223,buyer
CLT-08224,seller
CLT-08225,seller
CLT-08226,buyer
CLT-08227,buyer
CLT-08228,seller
CLT-08229,seller
CLT-08230,buyer
CLT-08231,seller
CLT-08232,buyer
CLT-08233,seller
CLT-08234,buyer
CLT-08235,seller
CLT-08236,buyer
CLT-08237,buyer
CLT-08238,buyer
CLT-08239,buyer
CLT-08240,buyer
CLT-08241,seller
CLT-08242,seller
CLT-08243,seller
CLT-08244,seller
CLT-08245,seller
CLT-08246,seller
CLT-08247,buyer
CLT-08248,seller
CLT-08249,buyer
CLT-08250,seller
CLT-08251,buyer
CLT-08252,seller
CLT-08253,seller
CLT-08254,seller
CLT-08255,buyer
CLT-08256,seller
CLT-08257,buyer
CLT-08258,seller
CLT-08259,seller
CLT-08260,seller
CLT-08261,seller
CLT-08262,seller
CLT-08263,buyer
CLT-08264,seller
CLT-08265,seller
CLT-08266,buyer
CLT-08267,seller
CLT-08268,buyer
CLT-08269,seller
CLT-08270,buyer
CLT-08271,seller
CLT-08272,seller
CLT-08273,buyer
CLT-08274,seller
CLT-08275,seller
CLT-08276,buyer
CLT-08277,seller
CLT-08278,seller
CLT-08279,buyer
CLT-08280,seller
CLT-08281,seller
CLT-08282,buyer
CLT-08283,seller
CLT-08284,buyer
CLT-08285,seller
CLT-08286,buyer
CLT-08287,seller
CLT-08288,seller
CLT-08289,seller
CLT-08290,buyer
CLT-08291,seller
CLT-08292,buyer
CLT-08293,buyer
CLT-08294,buyer
CLT-08295,seller
CLT-08296,buyer
CLT-08297,buyer
CLT-08298,seller
CLT-08299,buyer
CLT-08300,buyer
CLT-08301,seller
CLT-08302,buyer
CLT-08303,buyer
CLT-08304,seller
CLT-08305,seller
CLT-08306,buyer
CLT-08307,seller
CLT-08308,seller
CLT-08309,buyer
CLT-08310,buyer
CLT-08311,buyer
CLT-08312,seller
CLT-08313,seller
CLT-08314,seller
CLT-08315,seller
CLT-08316,buyer
CLT-08317,buyer
CLT-08318,buyer
CLT-08319,seller
CLT-08320,seller
CLT-08321,buyer
CLT-08322,seller
CLT-08323,seller
CLT-08324,buyer
CLT-08325,buyer
CLT-08326,seller
CLT-08327,buyer
CLT-08328,seller
CLT-08329,seller
CLT-08330,seller
CLT-08331,buyer
CLT-08332,seller
CLT-08333,seller
CLT-08334,seller
CLT-08335,seller
CLT-08336,seller
CLT-08337,seller
CLT-08338,buyer
CLT-08339,seller
CLT-08340,buyer
CLT-08341,seller
CLT-08342,seller
CLT-08343,buyer
CLT-08344,seller
CLT-08345,seller
CLT-08346,buyer
CLT-08347,buyer
CLT-08348,seller
CLT-08349,seller
CLT-08350,seller
CLT-08351,seller
CLT-08352,buyer
CLT-08353,buyer
CLT-08354,buyer
CLT-08355,seller
CLT-08356,seller
CLT-08357,buyer
CLT-08358,buyer
CLT-08359,seller
CLT-08360,buyer
CLT-08361,seller
CLT-08362,seller
CLT-08363,seller
CLT-08364,seller
CLT-08365,seller
CLT-08366,seller
CLT-08367,seller
CLT-08368,buyer
CLT-08369,buyer
CLT-08370,buyer
CLT-08371,seller
CLT-08372,buyer
CLT-08373,seller
CLT-08374,buyer
CLT-08375,seller
CLT-08376,seller
CLT-08377,buyer
CLT-08378,seller
CLT-08379,seller
CLT-08380,seller
CLT-08381,seller
CLT-08382,buyer
CLT-08383,seller
CLT-08384,buyer
CLT-08385,buyer
CLT-08386,seller
CLT-08387,seller
CLT-08388,buyer
CLT-08389,buyer
CLT-08390,buyer
CLT-08391,buyer
CLT-08392,buyer
CLT-08393,seller
CLT-08394,seller
CLT-08395,buyer
CLT-08396,buyer
CLT-08397,seller
CLT-08398,buyer
CLT-08399,seller
CLT-08400,seller
CLT-08401,seller
CLT-08402,seller
CLT-08403,buyer
CLT-08404,buyer
CLT-08405,seller
CLT-08406,seller
CLT-08407,seller
CLT-08408,seller
CLT-08409,buyer
CLT-08410,buyer
CLT-08411,buyer
CLT-08412,buyer
CLT-08413,buyer
CLT-08414,buyer
CLT-08415,seller
CLT-08416,buyer
CLT-08417,buyer
CLT-08418,buyer
CLT-08419,buyer
CLT-08420,buyer
CLT-08421,buyer
CLT-08422,seller
CLT-08423,seller
CLT-08424,buyer
CLT-08425,buyer
CLT-08426,seller
CLT-08427,seller
CLT-08428,seller
CLT-08429,buyer
CLT-08430,seller
CLT-08431,seller
CLT-08432,buyer
CLT-08433,buyer
CLT-08434,seller
CLT-08435,buyer
CLT-08436,seller
CLT-08437,buyer
CLT-08438,buyer
CLT-08439,seller
CLT-08440,seller
CLT-08441,buyer
CLT-08442,buyer
CLT-08443,seller
CLT-08444,buyer
CLT-08445,buyer
CLT-08446,buyer
CLT-08447,seller
CLT-08448,seller
CLT-08449,seller
CLT-08450,buyer
CLT-08451,seller
CLT-08452,seller
CLT-08453,seller
CLT-08454,seller
CLT-08455,seller
CLT-08456,buyer
CLT-08457,buyer
CLT-08458,seller
CLT-08459,seller
CLT-08460,buyer
CLT-08461,seller
CLT-08462,buyer
CLT-08463,seller
CLT-08464,buyer
CLT-08465,seller
CLT-08466,buyer
CLT-08467,buyer
CLT-08468,seller
CLT-08469,buyer
CLT-08470,buyer
CLT-08471,buyer
CLT-08472,buyer
CLT-08473,buyer
CLT-08474,buyer
CLT-08475,buyer
CLT-08476,seller
CLT-08477,buyer
CLT-08478,seller
CLT-08479,buyer
CLT-08480,seller
CLT-08481,buyer
CLT-08482,buyer
CLT-08483,buyer
CLT-08484,buyer
CLT-08485,seller
CLT-08486,seller
CLT-08487,buyer
CLT-08488,buyer
CLT-08489,seller
CLT-08490,seller
CLT-08491,buyer
CLT-08492,seller
CLT-08493,seller
CLT-08494,seller
CLT-08495,seller
CLT-08496,seller
CLT-08497,buyer
CLT-08498,buyer
CLT-08499,seller
CLT-08500,buyer
CLT-08501,buyer
CLT-08502,seller
CLT-08503,seller
CLT-08504,seller
CLT-08505,buyer
CLT-08506,buyer
CLT-08507,buyer
CLT-08508,seller
CLT-08509,buyer
CLT-08510,seller
CLT-08511,seller
CLT-08512,seller
CLT-08513,seller
CLT-08514,buyer
CLT-08515,buyer
CLT-08516,seller
CLT-08517,buyer
CLT-08518,buyer
CLT-08519,seller
CLT-08520,seller
CLT-08521,seller
CLT-08522,buyer
CLT-08523,seller
CLT-08524,seller
CLT-08525,seller
CLT-08526,buyer
CLT-08527,buyer
CLT-08528,seller
CLT-08529,seller
CLT-08530,seller
CLT-08531,seller
CLT-08532,seller
CLT-08533,buyer
CLT-08534,seller
CLT-08535,seller
CLT-08536,seller
CLT-08537,seller
CLT-08538,seller
CLT-08539,seller
CLT-08540,buyer
CLT-08541,seller
CLT-08542,seller
CLT-08543,buyer
CLT-08544,buyer
CLT-08545,seller
CLT-08546,buyer
CLT-08547,seller
CLT-08548,buyer
CLT-08549,buyer
CLT-08550,seller
CLT-08551,seller
CLT-08552,seller
CLT-08553,buyer
CLT-08554,buyer
CLT-08555,seller
CLT-08556,buyer
CLT-08557,seller
CLT-08558,seller
CLT-08559,seller
CLT-08560,buyer
CLT-08561,buyer
CLT-08562,seller
CLT-08563,buyer
CLT-08564,seller
CLT-08565,seller
CLT-08566,seller
CLT-08567,seller
CLT-08568,buyer
CLT-08569,seller
CLT-08570,seller
CLT-08571,buyer
CLT-08572,buyer
CLT-08573,seller
CLT-08574,seller
CLT-08575,seller
CLT-08576,seller
CLT-08577,buyer
CLT-08578,seller
CLT-08579,buyer
CLT-08580,buyer
CLT-08581,seller
CLT-08582,seller
CLT-08583,seller
CLT-08584,buyer
CLT-08585,seller
CLT-08586,buyer
CLT-08587,seller
CLT-08588,seller
CLT-08589,buyer
CLT-08590,seller
CLT-08591,buyer
CLT-08592,buyer
CLT-08593,buyer
CLT-08594,buyer
CLT-08595,buyer
CLT-08596,buyer
CLT-08597,seller
CLT-08598,seller
CLT-08599,buyer
CLT-08600,seller
CLT-08601,seller
CLT-08602,buyer
CLT-08603,buyer
CLT-08604,seller
CLT-08605,seller
CLT-08606,buyer
CLT-08607,seller
CLT-08608,buyer
CLT-08609,buyer
CLT-08610,buyer
CLT-08611,buyer
CLT-08612,buyer
CLT-08613,buyer
CLT-08614,seller
CLT-08615,buyer
CLT-08616,seller
CLT-08617,buyer
CLT-08618,seller
CLT-08619,buyer
CLT-08620,buyer
CLT-08621,seller
CLT-08622,buyer
CLT-08623,buyer
CLT-08624,buyer
CLT-08625,buyer
CLT-08626,seller
CLT-08627,seller
CLT-08628,buyer
CLT-08629,buyer
CLT-08630,seller
CLT-08631,buyer
CLT-08632,buyer
CLT-08633,buyer
CLT-08634,buyer
CLT-08635,buyer
CLT-08636,seller
CLT-08637,seller
CLT-08638,buyer
CLT-08639,buyer
CLT-08640,buyer
CLT-08641,buyer
CLT-08642,buyer
CLT-08643,seller
CLT-08644,seller
CLT-08645,buyer
CLT-08646,buyer
CLT-08647,buyer
CLT-08648,buyer
CLT-08649,seller
CLT-08650,buyer
CLT-08651,buyer
CLT-08652,seller
CLT-08653,buyer
CLT-08654,buyer
CLT-08655,buyer
CLT-08656,buyer
CLT-08657,seller
CLT-08658,seller
CLT-08659,seller
CLT-08660,buyer
CLT-08661,buyer
CLT-08662,seller
CLT-08663,buyer
CLT-08664,buyer
CLT-08665,seller
CLT-08666,buyer
CLT-08667,buyer
CLT-08668,seller
CLT-08669,seller
CLT-08670,seller
CLT-08671,seller
CLT-08672,seller
CLT-08673,buyer
CLT-08674,buyer
CLT-08675,seller
CLT-08676,buyer
CLT-08677,seller
CLT-08678,buyer
CLT-08679,seller
CLT-08680,buyer
CLT-08681,seller
CLT-08682,buyer
CLT-08683,seller
CLT-08684,seller
CLT-08685,seller
CLT-08686,seller
CLT-08687,buyer
CLT-08688,buyer
CLT-08689,seller
CLT-08690,buyer
CLT-08691,seller
CLT-08692,seller
CLT-08693,buyer
CLT-08694,buyer
CLT-08695,seller
CLT-08696,seller
CLT-08697,buyer
CLT-08698,buyer
CLT-08699,buyer
CLT-08700,seller
CLT-08701,seller
CLT-08702,seller
CLT-08703,seller
CLT-08704,buyer
CLT-08705,seller
CLT-08706,seller
CLT-08707,buyer
CLT-08708,buyer
CLT-08709,buyer
CLT-08710,seller
CLT-08711,buyer
CLT-08712,buyer
CLT-08713,buyer
CLT-08714,buyer
CLT-08715,seller
CLT-08716,buyer
CLT-08717,seller
CLT-08718,buyer
CLT-08719,buyer
CLT-08720,buyer
CLT-08721,buyer
CLT-08722,buyer
CLT-08723,seller
CLT-08724,seller
CLT-08725,seller
CLT-08726,buyer
CLT-08727,buyer
CLT-08728,buyer
CLT-08729,seller
CLT-08730,buyer
CLT-08731,seller
CLT-08732,seller
CLT-08733,seller
CLT-08734,seller
CLT-08735,seller
CLT-08736,buyer
CLT-08737,seller
CLT-08738,buyer
CLT-08739,buyer
CLT-08740,buyer
CLT-08741,seller
CLT-08742,buyer
CLT-08743,buyer
CLT-08744,buyer
CLT-08745,seller
CLT-08746,buyer
CLT-08747,seller
CLT-08748,seller
CLT-08749,buyer
CLT-08750,seller
CLT-08751,seller
CLT-08752,seller
CLT-08753,seller
CLT-08754,seller
CLT-08755,buyer
CLT-08756,seller
CLT-08757,buyer
CLT-08758,seller
CLT-08759,buyer
CLT-08760,seller
CLT-08761,buyer
CLT-08762,seller
CLT-08763,buyer
CLT-08764,seller
CLT-08765,seller
CLT-08766,seller
CLT-08767,buyer
CLT-08768,buyer
CLT-08769,seller
CLT-08770,seller
CLT-08771,seller
CLT-08772,seller
CLT-08773,buyer
CLT-08774,seller
CLT-08775,buyer
CLT-08776,seller
CLT-08777,buyer
CLT-08778,seller
CLT-08779,buyer
CLT-08780,buyer
CLT-08781,buyer
CLT-08782,buyer
CLT-08783,buyer
CLT-08784,buyer
CLT-08785,buyer
CLT-08786,buyer
CLT-08787,seller
CLT-08788,buyer
CLT-08789,buyer
CLT-08790,seller
CLT-08791,buyer
CLT-08792,seller
CLT-08793,buyer
CLT-08794,buyer
CLT-08795,buyer
CLT-08796,buyer
CLT-08797,buyer
CLT-08798,buyer
CLT-08799,buyer
CLT-08800,buyer
CLT-08801,buyer
CLT-08802,seller
CLT-08803,buyer
CLT-08804,buyer
CLT-08805,buyer
CLT-08806,seller
CLT-08807,buyer
CLT-08808,seller
CLT-08809,buyer
CLT-08810,buyer
CLT-08811,buyer
CLT-08812,seller
CLT-08813,buyer
CLT-08814,seller
CLT-08815,seller
CLT-08816,seller
CLT-08817,buyer
CLT-08818,seller
CLT-08819,buyer
CLT-08820,seller
CLT-08821,seller
CLT-08822,buyer
CLT-08823,seller
CLT-08824,seller
CLT-08825,seller
CLT-08826,buyer
CLT-08827,seller
CLT-08828,buyer
CLT-08829,buyer
CLT-08830,seller
CLT-08831,buyer
CLT-08832,buyer
CLT-08833,buyer
CLT-08834,seller
CLT-08835,buyer
CLT-08836,buyer
CLT-08837,seller
CLT-08838,seller
CLT-08839,seller
CLT-08840,buyer
CLT-08841,seller
CLT-08842,buyer
CLT-08843,seller
CLT-08844,buyer
CLT-08845,buyer
CLT-08846,buyer
CLT-08847,seller
CLT-08848,buyer
CLT-08849,buyer
CLT-08850,buyer
CLT-08851,buyer
CLT-08852,buyer
CLT-08853,seller
CLT-08854,buyer
CLT-08855,buyer
CLT-08856,seller
CLT-08857,buyer
CLT-08858,seller
CLT-08859,seller
CLT-08860,seller
CLT-08861,seller
CLT-08862,seller
CLT-08863,buyer
CLT-08864,seller
CLT-08865,buyer
CLT-08866,buyer
CLT-08867,seller
CLT-08868,seller
CLT-08869,seller
CLT-08870,buyer
CLT-08871,buyer
CLT-08872,buyer
CLT-08873,buyer
CLT-08874,seller
CLT-08875,buyer
CLT-08876,buyer
CLT-08877,buyer
CLT-08878,buyer
CLT-08879,buyer
CLT-08880,seller
CLT-08881,buyer
CLT-08882,seller
CLT-08883,buyer
CLT-08884,seller
CLT-08885,seller
CLT-08886,seller
CLT-08887,buyer
CLT-08888,buyer
CLT-08889,buyer
CLT-08890,seller
CLT-08891,seller
CLT-08892,buyer
CLT-08893,buyer
CLT-08894,seller
CLT-08895,seller
CLT-08896,seller
CLT-08897,buyer
CLT-08898,buyer
CLT-08899,buyer
CLT-08900,seller
CLT-08901,buyer
CLT-08902,buyer
CLT-08903,buyer
CLT-08904,seller
CLT-08905,buyer
CLT-08906,seller
CLT-08907,buyer
CLT-08908,seller
CLT-08909,seller
CLT-08910,seller
CLT-08911,buyer
CLT-08912,seller
CLT-08913,seller
CLT-08914,seller
CLT-08915,seller
CLT-08916,buyer
CLT-08917,seller
CLT-08918,seller
CLT-08919,seller
CLT-08920,seller
CLT-08921,buyer
CLT-08922,buyer
CLT-08923,seller
CLT-08924,seller
CLT-08925,seller
CLT-08926,seller
CLT-08927,seller
CLT-08928,buyer
CLT-08929,seller
CLT-08930,buyer
CLT-08931,buyer
CLT-08932,seller
CLT-08933,seller
CLT-08934,seller
CLT-08935,buyer
CLT-08936,buyer
CLT-08937,seller
CLT-08938,seller
CLT-08939,buyer
CLT-08940,seller
CLT-08941,seller
CLT-08942,buyer
CLT-08943,seller
CLT-08944,buyer
CLT-08945,seller
CLT-08946,buyer
CLT-08947,buyer
CLT-08948,seller
CLT-08949,buyer
CLT-08950,buyer
CLT-08951,buyer
CLT-08952,buyer
CLT-08953,seller
CLT-08954,seller
CLT-08955,buyer
CLT-08956,seller
CLT-08957,buyer
CLT-08958,seller
CLT-08959,buyer
CLT-08960,seller
CLT-08961,seller
CLT-08962,seller
CLT-08963,seller
CLT-08964,buyer
CLT-08965,seller
CLT-08966,buyer
CLT-08967,seller
CLT-08968,buyer
CLT-08969,buyer
CLT-08970,buyer
CLT-08971,buyer
CLT-08972,seller
CLT-08973,seller
CLT-08974,buyer
CLT-08975,buyer
CLT-08976,buyer
CLT-08977,seller
CLT-08978,seller
CLT-08979,seller
CLT-08980,seller
CLT-08981,buyer
CLT-08982,seller
CLT-08983,seller
CLT-08984,seller
CLT-08985,seller
CLT-08986,seller
CLT-08987,buyer
CLT-08988,seller
CLT-08989,buyer
CLT-08990,seller
CLT-08991,buyer
CLT-08992,seller
CLT-08993,buyer
CLT-08994,seller
CLT-08995,buyer
CLT-08996,seller
CLT-08997,seller
CLT-08998,seller
CLT-08999,seller
CLT-09000,seller
CLT-09001,seller
CLT-09002,buyer
CLT-09003,seller
CLT-09004,buyer
CLT-09005,buyer
CLT-09006,seller
CLT-09007,seller
CLT-09008,seller
CLT-09009,buyer
CLT-09010,buyer
CLT-09011,seller
CLT-09012,buyer
CLT-09013,buyer
CLT-09014,seller
CLT-09015,buyer
CLT-09016,buyer
CLT-09017,seller
CLT-09018,buyer
CLT-09019,seller
CLT-09020,seller
CLT-09021,seller
CLT-09022,buyer
CLT-09023,buyer
CLT-09024,seller
CLT-09025,seller
CLT-09026,buyer
CLT-09027,seller
CLT-09028,buyer
CLT-09029,buyer
CLT-09030,seller
CLT-09031,seller
CLT-09032,seller
CLT-09033,seller
CLT-09034,buyer
CLT-09035,buyer
CLT-09036,seller
CLT-09037,seller
CLT-09038,buyer
CLT-09039,seller
CLT-09040,buyer
CLT-09041,buyer
CLT-09042,buyer
CLT-09043,buyer
CLT-09044,buyer
CLT-09045,seller
CLT-09046,buyer
CLT-09047,buyer
CLT-09048,seller
CLT-09049,seller
CLT-09050,seller
CLT-09051,seller
CLT-09052,buyer
CLT-09053,seller
CLT-09054,buyer
CLT-09055,seller
CLT-09056,buyer
CLT-09057,seller
CLT-09058,seller
CLT-09059,buyer
CLT-09060,buyer
CLT-09061,seller
CLT-09062,buyer
CLT-09063,seller
CLT-09064,seller
CLT-09065,buyer
CLT-09066,buyer
CLT-09067,seller
CLT-09068,buyer
CLT-09069,seller
CLT-09070,buyer
CLT-09071,buyer
CLT-09072,seller
CLT-09073,seller
CLT-09074,buyer
CLT-09075,seller
CLT-09076,seller
CLT-09077,seller
CLT-09078,buyer
CLT-09079,seller
CLT-09080,seller
CLT-09081,buyer
CLT-09082,seller
CLT-09083,seller
CLT-09084,seller
CLT-09085,buyer
CLT-09086,buyer
CLT-09087,buyer
CLT-09088,seller
CLT-09089,buyer
CLT-09090,buyer
CLT-09091,seller
CLT-09092,buyer
CLT-09093,buyer
CLT-09094,seller
CLT-09095,buyer
CLT-09096,buyer
CLT-09097,buyer
CLT-09098,buyer
CLT-09099,buyer
CLT-09100,buyer
CLT-09101,seller
CLT-09102,seller
CLT-09103,seller
CLT-09104,buyer
CLT-09105,buyer
CLT-09106,buyer
CLT-09107,seller
CLT-09108,seller
CLT-09109,seller
CLT-09110,seller
CLT-09111,buyer
CLT-09112,seller
CLT-09113,buyer
CLT-09114,buyer
CLT-09115,buyer
CLT-09116,seller
CLT-09117,seller
CLT-09118,buyer
CLT-09119,buyer
CLT-09120,seller
CLT-09121,seller
CLT-09122,buyer
CLT-09123,buyer
CLT-09124,seller
CLT-09125,buyer
CLT-09126,seller
CLT-09127,buyer
CLT-09128,seller
CLT-09129,buyer
CLT-09130,seller
CLT-09131,seller
CLT-09132,buyer
CLT-09133,seller
CLT-09134,buyer
CLT-09135,buyer
CLT-09136,seller
CLT-09137,buyer
CLT-09138,seller
CLT-09139,buyer
CLT-09140,seller
CLT-09141,seller
CLT-09142,buyer
CLT-09143,buyer
CLT-09144,seller
CLT-09145,buyer
CLT-09146,seller
CLT-09147,buyer
CLT-09148,buyer
CLT-09149,buyer
CLT-09150,buyer
CLT-09151,seller
CLT-09152,buyer
CLT-09153,seller
CLT-09154,seller
CLT-09155,buyer
CLT-09156,buyer
CLT-09157,seller
CLT-09158,buyer
CLT-09159,buyer
CLT-09160,buyer
CLT-09161,buyer
CLT-09162,buyer
CLT-09163,seller
CLT-09164,buyer
CLT-09165,buyer
CLT-09166,seller
CLT-09167,buyer
CLT-09168,buyer
CLT-09169,buyer
CLT-09170,buyer
CLT-09171,buyer
CLT-09172,buyer
CLT-09173,seller
CLT-09174,buyer
CLT-09175,buyer
CLT-09176,buyer
CLT-09177,buyer
CLT-09178,buyer
CLT-09179,seller
CLT-09180,buyer
CLT-09181,seller
CLT-09182,seller
CLT-09183,seller
CLT-09184,seller
CLT-09185,seller
CLT-09186,seller
CLT-09187,buyer
CLT-09188,seller
CLT-09189,seller
CLT-09190,buyer
CLT-09191,buyer
CLT-09192,seller
CLT-09193,buyer
CLT-09194,seller
CLT-09195,buyer
CLT-09196,seller
CLT-09197,seller
CLT-09198,buyer
CLT-09199,seller
CLT-09200,buyer
CLT-09201,seller
CLT-09202,seller
CLT-09203,seller
CLT-09204,buyer
CLT-09205,buyer
CLT-09206,seller
CLT-09207,seller
CLT-09208,seller
CLT-09209,seller
CLT-09210,buyer
CLT-09211,buyer
CLT-09212,buyer
CLT-09213,seller
CLT-09214,seller
CLT-09215,seller
CLT-09216,seller
CLT-09217,seller
CLT-09218,buyer
CLT-09219,seller
CLT-09220,buyer
CLT-09221,seller
CLT-09222,buyer
CLT-09223,seller
CLT-09224,buyer
CLT-09225,buyer
CLT-09226,buyer
CLT-09227,buyer
CLT-09228,buyer
CLT-09229,buyer
CLT-09230,buyer
CLT-09231,buyer
CLT-09232,seller
CLT-09233,buyer
CLT-09234,seller
CLT-09235,seller
CLT-09236,buyer
CLT-09237,buyer
CLT-09238,buyer
CLT-09239,seller
CLT-09240,buyer
CLT-09241,buyer
CLT-09242,buyer
CLT-09243,buyer
CLT-09244,seller
CLT-09245,seller
CLT-09246,seller
CLT-09247,seller
CLT-09248,buyer
CLT-09249,buyer
CLT-09250,seller
CLT-09251,buyer
CLT-09252,buyer
CLT-09253,seller
CLT-09254,buyer
CLT-09255,seller
CLT-09256,buyer
CLT-09257,buyer
CLT-09258,buyer
CLT-09259,buyer
CLT-09260,buyer
CLT-09261,seller
CLT-09262,buyer
CLT-09263,buyer
CLT-09264,seller
CLT-09265,buyer
CLT-09266,buyer
CLT-09267,seller
CLT-09268,buyer
CLT-09269,buyer
CLT-09270,buyer
CLT-09271,buyer
CLT-09272,seller
CLT-09273,seller
CLT-09274,buyer
CLT-09275,seller
CLT-09276,seller
CLT-09277,buyer
CLT-09278,buyer
CLT-09279,seller
CLT-09280,buyer
CLT-09281,seller
CLT-09282,buyer
CLT-09283,seller
CLT-09284,buyer
CLT-09285,buyer
CLT-09286,seller
CLT-09287,seller
CLT-09288,buyer
CLT-09289,buyer
CLT-09290,buyer
CLT-09291,buyer
CLT-09292,buyer
CLT-09293,seller
CLT-09294,buyer
CLT-09295,seller
CLT-09296,buyer
CLT-09297,buyer
CLT-09298,seller
CLT-09299,seller
CLT-09300,buyer
CLT-09301,buyer
CLT-09302,seller
CLT-09303,seller
CLT-09304,seller
CLT-09305,buyer
CLT-09306,buyer
CLT-09307,buyer
CLT-09308,buyer
CLT-09309,seller
CLT-09310,seller
CLT-09311,seller
CLT-09312,seller
CLT-09313,buyer
CLT-09314,seller
CLT-09315,buyer
CLT-09316,buyer
CLT-09317,seller
CLT-09318,seller
CLT-09319,buyer
CLT-09320,buyer
CLT-09321,seller
CLT-09322,buyer
CLT-09323,seller
CLT-09324,buyer
CLT-09325,buyer
CLT-09326,buyer
CLT-09327,buyer
CLT-09328,buyer
CLT-09329,buyer
CLT-09330,buyer
CLT-09331,buyer
CLT-09332,buyer
CLT-09333,seller
CLT-09334,buyer
CLT-09335,buyer
CLT-09336,buyer
CLT-09337,seller
CLT-09338,buyer
CLT-09339,seller
CLT-09340,buyer
CLT-09341,buyer
CLT-09342,buyer
CLT-09343,seller
CLT-09344,buyer
CLT-09345,seller
CLT-09346,seller
CLT-09347,seller
CLT-09348,seller
CLT-09349,seller
CLT-09350,seller
CLT-09351,buyer
CLT-09352,seller
CLT-09353,seller
CLT-09354,buyer
CLT-09355,buyer
CLT-09356,buyer
CLT-09357,buyer
CLT-09358,buyer
CLT-09359,seller
CLT-09360,seller
CLT-09361,buyer
CLT-09362,buyer
CLT-09363,buyer
CLT-09364,seller
CLT-09365,buyer
CLT-09366,seller
CLT-09367,seller
CLT-09368,buyer
CLT-09369,seller
CLT-09370,buyer
CLT-09371,seller
CLT-09372,buyer
CLT-09373,seller
CLT-09374,seller
CLT-09375,seller
CLT-09376,buyer
CLT-09377,buyer
CLT-09378,buyer
CLT-09379,seller
CLT-09380,seller
CLT-09381,seller
CLT-09382,seller
CLT-09383,seller
CLT-09384,buyer
CLT-09385,seller
CLT-09386,seller
CLT-09387,buyer
CLT-09388,seller
CLT-09389,seller
CLT-09390,seller
CLT-09391,buyer
CLT-09392,seller
CLT-09393,buyer
CLT-09394,seller
CLT-09395,seller
CLT-09396,seller
CLT-09397,seller
CLT-09398,buyer
CLT-09399,buyer
CLT-09400,buyer
CLT-09401,buyer
CLT-09402,seller
CLT-09403,seller
CLT-09404,buyer
CLT-09405,buyer
CLT-09406,buyer
CLT-09407,seller
CLT-09408,seller
CLT-09409,seller
CLT-09410,buyer
CLT-09411,buyer
CLT-09412,buyer
CLT-09413,seller
CLT-09414,buyer
CLT-09415,seller
CLT-09416,seller
CLT-09417,seller
CLT-09418,buyer
CLT-09419,buyer
CLT-09420,seller
CLT-09421,buyer
CLT-09422,buyer
CLT-09423,buyer
CLT-09424,buyer
CLT-09425,seller
CLT-09426,buyer
CLT-09427,buyer
CLT-09428,seller
CLT-09429,seller
CLT-09430,buyer
CLT-09431,buyer
CLT-09432,buyer
CLT-09433,buyer
CLT-09434,seller
CLT-09435,buyer
CLT-09436,buyer
CLT-09437,seller
CLT-09438,seller
CLT-09439,seller
CLT-09440,buyer
CLT-09441,seller
CLT-09442,seller
CLT-09443,seller
CLT-09444,buyer
CLT-09445,buyer
CLT-09446,seller
CLT-09447,seller
CLT-09448,seller
CLT-09449,seller
CLT-09450,seller
CLT-09451,buyer
CLT-09452,seller
CLT-09453,buyer
CLT-09454,buyer
CLT-09455,seller
CLT-09456,seller
CLT-09457,buyer
CLT-09458,buyer
CLT-09459,buyer
CLT-09460,seller
CLT-09461,seller
CLT-09462,seller
CLT-09463,buyer
CLT-09464,seller
CLT-09465,buyer
CLT-09466,buyer
CLT-09467,seller
CLT-09468,seller
CLT-09469,seller
CLT-09470,seller
CLT-09471,buyer
CLT-09472,buyer
CLT-09473,buyer
CLT-09474,seller
CLT-09475,buyer
CLT-09476,buyer
CLT-09477,buyer
CLT-09478,seller
CLT-09479,seller
CLT-09480,buyer
CLT-09481,seller
CLT-09482,buyer
CLT-09483,buyer
CLT-09484,seller
CLT-09485,seller
CLT-09486,seller
CLT-09487,buyer
CLT-09488,buyer
CLT-09489,seller
CLT-09490,buyer
CLT-09491,seller
CLT-09492,seller
CLT-09493,buyer
CLT-09494,seller
CLT-09495,seller
CLT-09496,seller
CLT-09497,buyer
CLT-09498,buyer
CLT-09499,buyer
CLT-09500,seller
CLT-09501,buyer
CLT-09502,seller
CLT-09503,seller
CLT-09504,buyer
CLT-09505,seller
CLT-09506,seller
CLT-09507,seller
CLT-09508,seller
CLT-09509,buyer
CLT-09510,buyer
CLT-09511,buyer
CLT-09512,buyer
CLT-09513,buyer
CLT-09514,seller
CLT-09515,seller
CLT-09516,seller
CLT-09517,buyer
CLT-09518,buyer
CLT-09519,buyer
CLT-09520,buyer
CLT-09521,buyer
CLT-09522,seller
CLT-09523,buyer
CLT-09524,buyer
CLT-09525,buyer
CLT-09526,buyer
CLT-09527,buyer
CLT-09528,seller
CLT-09529,seller
CLT-09530,seller
CLT-09531,buyer
CLT-09532,seller
CLT-09533,seller
CLT-09534,buyer
CLT-09535,seller
CLT-09536,buyer
CLT-09537,seller
CLT-09538,seller
CLT-09539,seller
CLT-09540,buyer
CLT-09541,buyer
CLT-09542,buyer
CLT-09543,buyer
CLT-09544,seller
CLT-09545,buyer
CLT-09546,buyer
CLT-09547,seller
CLT-09548,seller
CLT-09549,buyer
CLT-09550,buyer
CLT-09551,seller
CLT-09552,buyer
CLT-09553,seller
CLT-09554,seller
CLT-09555,seller
CLT-09556,seller
CLT-09557,buyer
CLT-09558,seller
CLT-09559,buyer
CLT-09560,buyer
CLT-09561,seller
CLT-09562,seller
CLT-09563,buyer
CLT-09564,seller
CLT-09565,seller
CLT-09566,seller
CLT-09567,seller
CLT-09568,seller
CLT-09569,buyer
CLT-09570,buyer
CLT-09571,buyer
CLT-09572,buyer
CLT-09573,seller
CLT-09574,seller
CLT-09575,seller
CLT-09576,buyer
CLT-09577,seller
CLT-09578,buyer
CLT-09579,seller
CLT-09580,seller
CLT-09581,buyer
CLT-09582,seller
CLT-09583,buyer
CLT-09584,seller
CLT-09585,buyer
CLT-09586,buyer
CLT-09587,buyer
CLT-09588,seller
CLT-09589,buyer
CLT-09590,seller
CLT-09591,seller
CLT-09592,buyer
CLT-09593,seller
CLT-09594,buyer
CLT-09595,buyer
CLT-09596,buyer
CLT-09597,buyer
CLT-09598,buyer
CLT-09599,seller
CLT-09600,seller
CLT-09601,seller
CLT-09602,buyer
CLT-09603,buyer
CLT-09604,buyer
CLT-09605,buyer
CLT-09606,buyer
CLT-09607,buyer
CLT-09608,seller
CLT-09609,buyer
CLT-09610,buyer
CLT-09611,buyer
CLT-09612,buyer
CLT-09613,buyer
CLT-09614,seller
CLT-09615,buyer
CLT-09616,buyer
CLT-09617,buyer
CLT-09618,seller
CLT-09619,buyer
CLT-09620,buyer
CLT-09621,seller
CLT-09622,buyer
CLT-09623,seller
CLT-09624,buyer
CLT-09625,buyer
CLT-09626,buyer
CLT-09627,buyer
CLT-09628,seller
CLT-09629,seller
CLT-09630,buyer
CLT-09631,buyer
CLT-09632,buyer
CLT-09633,buyer
CLT-09634,seller
CLT-09635,buyer
CLT-09636,buyer
CLT-09637,seller
CLT-09638,seller
CLT-09639,buyer
CLT-09640,seller
CLT-09641,buyer
CLT-09642,seller
CLT-09643,buyer
CLT-09644,buyer
CLT-09645,buyer
CLT-09646,seller
CLT-09647,buyer
CLT-09648,seller
CLT-09649,buyer
CLT-09650,buyer
CLT-09651,seller
CLT-09652,seller
CLT-09653,buyer
CLT-09654,seller
CLT-09655,buyer
CLT-09656,seller
CLT-09657,buyer
CLT-09658,seller
CLT-09659,seller
CLT-09660,buyer
CLT-09661,buyer
CLT-09662,seller
CLT-09663,seller
CLT-09664,buyer
CLT-09665,buyer
CLT-09666,seller
CLT-09667,buyer
CLT-09668,seller
CLT-09669,seller
CLT-09670,buyer
CLT-09671,buyer
CLT-09672,buyer
CLT-09673,buyer
CLT-09674,buyer
CLT-09675,buyer
CLT-09676,seller
CLT-09677,buyer
CLT-09678,buyer
CLT-09679,seller
CLT-09680,buyer
CLT-09681,seller
CLT-09682,buyer
CLT-09683,buyer
CLT-09684,buyer
CLT-09685,seller
CLT-09686,seller
CLT-09687,buyer
CLT-09688,buyer
CLT-09689,seller
CLT-09690,buyer
CLT-09691,seller
CLT-09692,seller
CLT-09693,seller
CLT-09694,buyer
CLT-09695,seller
CLT-09696,seller
CLT-09697,buyer
CLT-09698,seller
CLT-09699,seller
CLT-09700,seller
CLT-09701,seller
CLT-09702,seller
CLT-09703,buyer
CLT-09704,buyer
CLT-09705,buyer
CLT-09706,seller
CLT-09707,seller
CLT-09708,seller
CLT-09709,buyer
CLT-09710,seller
CLT-09711,seller
CLT-09712,buyer
CLT-09713,buyer
CLT-09714,seller
CLT-09715,buyer
CLT-09716,seller
CLT-09717,seller
CLT-09718,buyer
CLT-09719,seller
CLT-09720,buyer
CLT-09721,seller
CLT-09722,buyer
CLT-09723,buyer
CLT-09724,buyer
CLT-09725,seller
CLT-09726,buyer
CLT-09727,buyer
CLT-09728,seller
CLT-09729,seller
CLT-09730,buyer
CLT-09731,buyer
CLT-09732,buyer
CLT-09733,seller
CLT-09734,seller
CLT-09735,seller
CLT-09736,seller
CLT-09737,seller
CLT-09738,buyer
CLT-09739,seller
CLT-09740,seller
CLT-09741,seller
CLT-09742,seller
CLT-09743,buyer
CLT-09744,buyer
CLT-09745,seller
CLT-09746,seller
CLT-09747,buyer
CLT-09748,buyer
CLT-09749,buyer
CLT-09750,seller
CLT-09751,buyer
CLT-09752,buyer
CLT-09753,buyer
CLT-09754,buyer
CLT-09755,seller
CLT-09756,buyer
CLT-09757,seller
CLT-09758,buyer
CLT-09759,buyer
CLT-09760,seller
CLT-09761,seller
CLT-09762,seller
CLT-09763,seller
CLT-09764,buyer
CLT-09765,seller
CLT-09766,buyer
CLT-09767,buyer
CLT-09768,buyer
CLT-09769,buyer
CLT-09770,seller
CLT-09771,seller
CLT-09772,buyer
CLT-09773,seller
CLT-09774,seller
CLT-09775,buyer
CLT-09776,buyer
CLT-09777,seller
CLT-09778,seller
CLT-09779,buyer
CLT-09780,seller
CLT-09781,seller
CLT-09782,buyer
CLT-09783,buyer
CLT-09784,seller
CLT-09785,buyer
CLT-09786,seller
CLT-09787,buyer
CLT-09788,buyer
CLT-09789,seller
CLT-09790,buyer
CLT-09791,buyer
CLT-09792,seller
CLT-09793,buyer
CLT-09794,buyer
CLT-09795,seller
CLT-09796,seller
CLT-09797,buyer
CLT-09798,seller
CLT-09799,seller
CLT-09800,buyer
CLT-09801,buyer
CLT-09802,buyer
CLT-09803,buyer
CLT-09804,buyer
CLT-09805,buyer
CLT-09806,buyer
CLT-09807,seller
CLT-09808,buyer
CLT-09809,seller
CLT-09810,seller
CLT-09811,seller
CLT-09812,seller
CLT-09813,seller
CLT-09814,buyer
CLT-09815,buyer
CLT-09816,buyer
CLT-09817,buyer
CLT-09818,buyer
CLT-09819,buyer
CLT-09820,buyer
CLT-09821,seller
CLT-09822,buyer
CLT-09823,buyer
CLT-09824,buyer
CLT-09825,buyer
CLT-09826,buyer
CLT-09827,seller
CLT-09828,seller
CLT-09829,buyer
CLT-09830,buyer
CLT-09831,seller
CLT-09832,seller
CLT-09833,seller
CLT-09834,buyer
CLT-09835,seller
CLT-09836,buyer
CLT-09837,buyer
CLT-09838,seller
CLT-09839,buyer
CLT-09840,buyer
CLT-09841,seller
CLT-09842,buyer
CLT-09843,seller
CLT-09844,buyer
CLT-09845,buyer
CLT-09846,seller
CLT-09847,seller
CLT-09848,buyer
CLT-09849,buyer
CLT-09850,seller
CLT-09851,seller
CLT-09852,seller
CLT-09853,seller
CLT-09854,seller
CLT-09855,seller
CLT-09856,seller
CLT-09857,buyer
CLT-09858,buyer
CLT-09859,seller
CLT-09860,buyer
CLT-09861,buyer
CLT-09862,seller
CLT-09863,buyer
CLT-09864,seller
CLT-09865,buyer
CLT-09866,seller
CLT-09867,buyer
CLT-09868,seller
CLT-09869,buyer
CLT-09870,seller
CLT-09871,buyer
CLT-09872,seller
CLT-09873,seller
CLT-09874,seller
CLT-09875,seller
CLT-09876,buyer
CLT-09877,seller
CLT-09878,seller
CLT-09879,seller
CLT-09880,seller
CLT-09881,seller
CLT-09882,seller
CLT-09883,buyer
CLT-09884,buyer
CLT-09885,buyer
CLT-09886,buyer
CLT-09887,buyer
CLT-09888,seller
CLT-09889,seller
CLT-09890,buyer
CLT-09891,seller
CLT-09892,seller
CLT-09893,buyer
CLT-09894,seller
CLT-09895,seller
CLT-09896,seller
CLT-09897,buyer
CLT-09898,seller
CLT-09899,seller
CLT-09900,buyer
CLT-09901,buyer
CLT-09902,seller
CLT-09903,seller
CLT-09904,seller
CLT-09905,buyer
CLT-09906,buyer
CLT-09907,buyer
CLT-09908,seller
CLT-09909,seller
CLT-09910,seller
CLT-09911,buyer
CLT-09912,buyer
CLT-09913,buyer
CLT-09914,buyer
CLT-09915,seller
CLT-09916,seller
CLT-09917,buyer
CLT-09918,buyer
CLT-09919,seller
CLT-09920,seller
CLT-09921,buyer
CLT-09922,buyer
CLT-09923,seller
CLT-09924,buyer
CLT-09925,seller
CLT-09926,seller
CLT-09927,buyer
CLT-09928,buyer
CLT-09929,buyer
CLT-09930,buyer
CLT-09931,buyer
CLT-09932,seller
CLT-09933,buyer
CLT-09934,seller
CLT-09935,buyer
CLT-09936,buyer
CLT-09937,buyer
CLT-09938,buyer
CLT-09939,buyer
CLT-09940,seller
CLT-09941,buyer
CLT-09942,seller
CLT-09943,seller
CLT-09944,buyer
CLT-09945,seller
CLT-09946,seller
CLT-09947,buyer
CLT-09948,seller
CLT-09949,buyer
CLT-09950,buyer
CLT-09951,buyer
CLT-09952,seller
CLT-09953,seller
CLT-09954,seller
CLT-09955,buyer
CLT-09956,buyer
CLT-09957,buyer
CLT-09958,buyer
CLT-09959,buyer
CLT-09960,seller
CLT-09961,seller
CLT-09962,seller
CLT-09963,buyer
CLT-09964,seller
CLT-09965,buyer
CLT-09966,seller
CLT-09967,buyer
CLT-09968,buyer
CLT-09969,buyer
CLT-09970,buyer
CLT-09971,seller
CLT-09972,buyer
CLT-09973,buyer
CLT-09974,seller
CLT-09975,buyer
CLT-09976,seller
CLT-09977,buyer
CLT-09978,buyer
CLT-09979,buyer
CLT-09980,seller
CLT-09981,seller
CLT-09982,seller
CLT-09983,buyer
CLT-09984,seller
CLT-09985,buyer
CLT-09986,seller
CLT-09987,seller
CLT-09988,seller
CLT-09989,seller
CLT-09990,seller
CLT-09991,buyer
CLT-09992,buyer
CLT-09993,buyer
CLT-09994,buyer
CLT-09995,buyer
CLT-09996,seller
CLT-09997,buyer
CLT-09998,seller
CLT-09999,seller
CLT-10000,seller
CLT-10001,seller
CLT-10002,buyer
CLT-10003,seller
CLT-10004,buyer
CLT-10005,seller
CLT-10006,seller
CLT-10007,buyer
CLT-10008,seller
CLT-10009,buyer
CLT-10010,buyer
CLT-10011,seller
CLT-10012,seller
CLT-10013,seller
CLT-10014,buyer
CLT-10015,buyer
CLT-10016,buyer
CLT-10017,buyer
CLT-10018,buyer
CLT-10019,buyer
CLT-10020,seller
CLT-10021,buyer
CLT-10022,buyer
CLT-10023,seller
CLT-10024,buyer
CLT-10025,seller
CLT-10026,seller
CLT-10027,buyer
CLT-10028,seller
CLT-10029,seller
CLT-10030,seller
CLT-10031,seller
CLT-10032,buyer
CLT-10033,buyer
CLT-10034,buyer
CLT-10035,buyer
CLT-10036,buyer
CLT-10037,seller
CLT-10038,buyer
CLT-10039,buyer
CLT-10040,seller
CLT-10041,buyer
CLT-10042,buyer
CLT-10043,seller
CLT-10044,buyer
CLT-10045,buyer
CLT-10046,buyer
CLT-10047,buyer
CLT-10048,seller
CLT-10049,seller
CLT-10050,buyer
CLT-10051,seller
CLT-10052,buyer
CLT-10053,seller
CLT-10054,buyer
CLT-10055,buyer
CLT-10056,buyer
CLT-10057,seller
CLT-10058,buyer
CLT-10059,buyer
CLT-10060,seller
CLT-10061,buyer
CLT-10062,buyer
CLT-10063,buyer
CLT-10064,buyer
CLT-10065,seller
CLT-10066,seller
CLT-10067,buyer
CLT-10068,seller
CLT-10069,buyer
CLT-10070,seller
CLT-10071,buyer
CLT-10072,seller
CLT-10073,buyer
CLT-10074,buyer
CLT-10075,buyer
CLT-10076,buyer
CLT-10077,seller
CLT-10078,buyer
CLT-10079,buyer
CLT-10080,buyer
CLT-10081,buyer
CLT-10082,buyer
CLT-10083,seller
CLT-10084,seller
CLT-10085,seller
CLT-10086,buyer
CLT-10087,seller
CLT-10088,buyer
CLT-10089,seller
CLT-10090,seller
CLT-10091,buyer
CLT-10092,seller
CLT-10093,buyer
CLT-10094,seller
CLT-10095,buyer
CLT-10096,seller
CLT-10097,seller
CLT-10098,buyer
CLT-10099,buyer
CLT-10100,seller
CLT-10101,seller
CLT-10102,seller
CLT-10103,seller
CLT-10104,seller
CLT-10105,buyer
CLT-10106,seller
CLT-10107,buyer
CLT-10108,buyer
CLT-10109,buyer
CLT-10110,buyer
CLT-10111,buyer
CLT-10112,seller
CLT-10113,buyer
CLT-10114,seller
CLT-10115,buyer
CLT-10116,seller
CLT-10117,buyer
CLT-10118,buyer
CLT-10119,seller
CLT-10120,buyer
CLT-10121,seller
CLT-10122,buyer
CLT-10123,seller
CLT-10124,seller
CLT-10125,seller
CLT-10126,buyer
CLT-10127,seller
CLT-10128,seller
CLT-10129,buyer
CLT-10130,buyer
CLT-10131,seller
CLT-10132,seller
CLT-10133,buyer
CLT-10134,buyer
CLT-10135,seller
CLT-10136,seller
CLT-10137,seller
CLT-10138,buyer
CLT-10139,buyer
CLT-10140,seller
CLT-10141,seller
CLT-10142,seller
CLT-10143,buyer
CLT-10144,seller
CLT-10145,buyer
CLT-10146,seller
CLT-10147,seller
CLT-10148,seller
CLT-10149,buyer
CLT-10150,seller
CLT-10151,seller
CLT-10152,seller
CLT-10153,buyer
CLT-10154,seller
CLT-10155,seller
CLT-10156,seller
CLT-10157,seller
CLT-10158,seller
CLT-10159,seller
CLT-10160,seller
CLT-10161,buyer
CLT-10162,seller
CLT-10163,buyer
CLT-10164,buyer
CLT-10165,buyer
CLT-10166,seller
CLT-10167,buyer
CLT-10168,seller
CLT-10169,seller
CLT-10170,seller
CLT-10171,seller
CLT-10172,seller
CLT-10173,seller
CLT-10174,seller
CLT-10175,seller
CLT-10176,buyer
CLT-10177,seller
CLT-10178,seller
CLT-10179,buyer
CLT-10180,seller
CLT-10181,buyer
CLT-10182,buyer
CLT-10183,buyer
CLT-10184,buyer
CLT-10185,seller
CLT-10186,buyer
CLT-10187,buyer
CLT-10188,seller
CLT-10189,seller
CLT-10190,buyer
CLT-10191,seller
CLT-10192,buyer
CLT-10193,buyer
CLT-10194,seller
CLT-10195,buyer
CLT-10196,buyer
CLT-10197,seller
CLT-10198,buyer
CLT-10199,seller
CLT-10200,buyer
CLT-10201,seller
CLT-10202,seller
CLT-10203,buyer
CLT-10204,seller
CLT-10205,buyer
CLT-10206,buyer
CLT-10207,seller
CLT-10208,buyer
CLT-10209,seller
CLT-10210,buyer
CLT-10211,buyer
CLT-10212,buyer
CLT-10213,buyer
CLT-10214,buyer
CLT-10215,seller
CLT-10216,seller
CLT-10217,seller
CLT-10218,buyer
CLT-10219,buyer
CLT-10220,seller
CLT-10221,buyer
CLT-10222,buyer
CLT-10223,buyer
CLT-10224,seller
CLT-10225,buyer
CLT-10226,buyer
CLT-10227,seller
CLT-10228,seller
CLT-10229,seller
CLT-10230,seller
CLT-10231,buyer
CLT-10232,seller
CLT-10233,seller
CLT-10234,seller
CLT-10235,buyer
CLT-10236,buyer
CLT-10237,buyer
CLT-10238,seller
CLT-10239,buyer
CLT-10240,buyer
CLT-10241,seller
CLT-10242,seller
CLT-10243,seller
CLT-10244,seller
CLT-10245,buyer
CLT-10246,seller
CLT-10247,seller
CLT-10248,buyer
CLT-10249,buyer
CLT-10250,seller
CLT-10251,seller
CLT-10252,seller
CLT-10253,seller
CLT-10254,seller
CLT-10255,seller
CLT-10256,buyer
CLT-10257,buyer
CLT-10258,seller
CLT-10259,buyer
CLT-10260,seller
CLT-10261,seller
CLT-10262,seller
CLT-10263,buyer
CLT-10264,seller
CLT-10265,seller
CLT-10266,buyer
CLT-10267,seller
CLT-10268,buyer
CLT-10269,seller
CLT-10270,buyer
CLT-10271,buyer
CLT-10272,buyer
CLT-10273,buyer
CLT-10274,seller
CLT-10275,seller
CLT-10276,seller
CLT-10277,buyer
CLT-10278,buyer
CLT-10279,seller
CLT-10280,buyer
CLT-10281,buyer
CLT-10282,seller
CLT-10283,seller
CLT-10284,seller
CLT-10285,seller
CLT-10286,seller
CLT-10287,buyer
CLT-10288,buyer
CLT-10289,seller
CLT-10290,buyer
CLT-10291,seller
CLT-10292,buyer
CLT-10293,seller
CLT-10294,seller
CLT-10295,buyer
CLT-10296,seller
CLT-10297,seller
CLT-10298,buyer
CLT-10299,buyer
CLT-10300,buyer
CLT-10301,buyer
CLT-10302,seller
CLT-10303,buyer
CLT-10304,buyer
CLT-10305,seller
CLT-10306,seller
CLT-10307,seller
CLT-10308,buyer
CLT-10309,seller
CLT-10310,buyer
CLT-10311,seller
CLT-10312,seller
CLT-10313,seller
CLT-10314,buyer
CLT-10315,buyer
CLT-10316,seller
CLT-10317,buyer
CLT-10318,seller
CLT-10319,buyer
CLT-10320,seller
CLT-10321,seller
CLT-10322,seller
CLT-10323,seller
CLT-10324,buyer
CLT-10325,seller
CLT-10326,buyer
CLT-10327,seller
CLT-10328,seller
CLT-10329,seller
CLT-10330,buyer
CLT-10331,seller
CLT-10332,buyer
CLT-10333,buyer
CLT-10334,seller
CLT-10335,seller
CLT-10336,buyer
CLT-10337,seller
CLT-10338,seller
CLT-10339,seller
CLT-10340,buyer
CLT-10341,seller
CLT-10342,seller
CLT-10343,seller
CLT-10344,buyer
CLT-10345,seller
CLT-10346,buyer
CLT-10347,buyer
CLT-10348,buyer
CLT-10349,seller
CLT-10350,seller
CLT-10351,buyer
CLT-10352,seller
CLT-10353,buyer
CLT-10354,seller
CLT-10355,seller
CLT-10356,seller
CLT-10357,seller
CLT-10358,seller
CLT-10359,buyer
CLT-10360,seller
CLT-10361,buyer
CLT-10362,seller
CLT-10363,buyer
CLT-10364,buyer
CLT-10365,buyer
CLT-10366,buyer
CLT-10367,buyer
CLT-10368,seller
CLT-10369,buyer
CLT-10370,seller
CLT-10371,buyer
CLT-10372,seller
CLT-10373,seller
CLT-10374,buyer
CLT-10375,buyer
CLT-10376,buyer
CLT-10377,seller
CLT-10378,seller
CLT-10379,buyer
CLT-10380,seller
CLT-10381,buyer
CLT-10382,buyer
CLT-10383,buyer
CLT-10384,buyer
CLT-10385,buyer
CLT-10386,buyer
CLT-10387,buyer
CLT-10388,seller
CLT-10389,seller
CLT-10390,seller
CLT-10391,seller
CLT-10392,buyer
CLT-10393,seller
CLT-10394,seller
CLT-10395,buyer
CLT-10396,seller
CLT-10397,seller
CLT-10398,buyer
CLT-10399,buyer
CLT-10400,buyer
CLT-10401,seller
CLT-10402,buyer
CLT-10403,seller
CLT-10404,buyer
CLT-10405,seller
CLT-10406,seller
CLT-10407,seller
CLT-10408,seller
CLT-10409,buyer
CLT-10410,buyer
CLT-10411,buyer
CLT-10412,seller
CLT-10413,buyer
CLT-10414,seller
CLT-10415,seller
CLT-10416,buyer
CLT-10417,buyer
CLT-10418,seller
CLT-10419,buyer
CLT-10420,buyer
CLT-10421,seller
CLT-10422,buyer
CLT-10423,buyer
CLT-10424,buyer
CLT-10425,seller
CLT-10426,buyer
CLT-10427,seller
CLT-10428,seller
CLT-10429,seller
CLT-10430,seller
CLT-10431,buyer
CLT-10432,buyer
CLT-10433,buyer
CLT-10434,buyer
CLT-10435,seller
CLT-10436,seller
CLT-10437,seller
CLT-10438,buyer
CLT-10439,buyer
CLT-10440,seller
CLT-10441,seller
CLT-10442,buyer
CLT-10443,buyer
CLT-10444,buyer
CLT-10445,buyer
CLT-10446,seller
CLT-10447,buyer
CLT-10448,seller
CLT-10449,buyer
CLT-10450,buyer
CLT-10451,seller
CLT-10452,buyer
CLT-10453,buyer
CLT-10454,seller
CLT-10455,buyer
CLT-10456,seller
CLT-10457,seller
CLT-10458,buyer
CLT-10459,seller
CLT-10460,seller
CLT-10461,buyer
CLT-10462,buyer
CLT-10463,seller
CLT-10464,buyer
CLT-10465,buyer
CLT-10466,buyer
CLT-10467,seller
CLT-10468,seller
CLT-10469,buyer
CLT-10470,seller
CLT-10471,seller
CLT-10472,buyer
CLT-10473,buyer
CLT-10474,seller
CLT-10475,seller
CLT-10476,buyer
CLT-10477,buyer
CLT-10478,buyer
CLT-10479,buyer
CLT-10480,buyer
CLT-10481,seller
CLT-10482,buyer
CLT-10483,seller
CLT-10484,seller
CLT-10485,seller
CLT-10486,buyer
CLT-10487,buyer
CLT-10488,seller
CLT-10489,buyer
CLT-10490,buyer
CLT-10491,buyer
CLT-10492,buyer
CLT-10493,seller
CLT-10494,buyer
CLT-10495,seller
CLT-10496,buyer
CLT-10497,buyer
CLT-10498,seller
CLT-10499,buyer
CLT-10500,seller
CLT-10501,seller
CLT-10502,buyer
CLT-10503,buyer
CLT-10504,buyer
CLT-10505,seller
CLT-10506,buyer
CLT-10507,buyer
CLT-10508,buyer
CLT-10509,buyer
CLT-10510,seller
CLT-10511,buyer
CLT-10512,buyer
CLT-10513,buyer
CLT-10514,buyer
CLT-10515,seller
CLT-10516,seller
CLT-10517,buyer
CLT-10518,buyer
CLT-10519,seller
CLT-10520,seller
CLT-10521,seller
CLT-10522,buyer
CLT-10523,buyer
CLT-10524,seller
CLT-10525,buyer
CLT-10526,seller
CLT-10527,buyer
CLT-10528,seller
CLT-10529,seller
CLT-10530,seller
CLT-10531,buyer
CLT-10532,seller
CLT-10533,buyer
CLT-10534,seller
CLT-10535,buyer
CLT-10536,buyer
CLT-10537,seller
CLT-10538,seller
CLT-10539,seller
CLT-10540,seller
CLT-10541,buyer
CLT-10542,seller
CLT-10543,seller
CLT-10544,seller
CLT-10545,buyer
CLT-10546,seller
CLT-10547,seller
CLT-10548,buyer
CLT-10549,buyer
CLT-10550,seller
CLT-10551,seller
CLT-10552,seller
CLT-10553,seller
CLT-10554,seller
CLT-10555,buyer
CLT-10556,seller
CLT-10557,seller
CLT-10558,seller
CLT-10559,seller
CLT-10560,seller
CLT-10561,buyer
CLT-10562,seller
CLT-10563,seller
CLT-10564,seller
CLT-10565,seller
CLT-10566,buyer
CLT-10567,buyer
CLT-10568,buyer
CLT-10569,seller
CLT-10570,seller
CLT-10571,buyer
CLT-10572,buyer
CLT-10573,buyer
CLT-10574,buyer
CLT-10575,seller
CLT-10576,buyer
CLT-10577,buyer
CLT-10578,buyer
CLT-10579,seller
CLT-10580,seller
CLT-10581,buyer
CLT-10582,seller
CLT-10583,buyer
CLT-10584,buyer
CLT-10585,buyer
CLT-10586,seller
CLT-10587,seller
CLT-10588,seller
CLT-10589,seller
CLT-10590,buyer
CLT-10591,buyer
CLT-10592,buyer
CLT-10593,buyer
CLT-10594,buyer
CLT-10595,seller
CLT-10596,seller
CLT-10597,seller
CLT-10598,seller
CLT-10599,seller
CLT-10600,buyer
CLT-10601,buyer
CLT-10602,seller
CLT-10603,seller
CLT-10604,buyer
CLT-10605,buyer
CLT-10606,buyer
CLT-10607,buyer
CLT-10608,buyer
CLT-10609,seller
CLT-10610,seller
CLT-10611,seller
CLT-10612,seller
CLT-10613,buyer
CLT-10614,seller
CLT-10615,seller
CLT-10616,seller
CLT-10617,seller
CLT-10618,buyer
CLT-10619,buyer
CLT-10620,buyer
CLT-10621,buyer
CLT-10622,seller
CLT-10623,buyer
CLT-10624,seller
CLT-10625,seller
CLT-10626,buyer
CLT-10627,buyer
CLT-10628,buyer
CLT-10629,buyer
CLT-10630,seller
CLT-10631,seller
CLT-10632,seller
CLT-10633,buyer
CLT-10634,buyer
CLT-10635,seller
CLT-10636,buyer
CLT-10637,seller
CLT-10638,seller
CLT-10639,buyer
CLT-10640,buyer
CLT-10641,seller
CLT-10642,seller
CLT-10643,seller
CLT-10644,buyer
CLT-10645,buyer
CLT-10646,buyer
CLT-10647,buyer
CLT-10648,seller
CLT-10649,seller
CLT-10650,buyer
CLT-10651,buyer
CLT-10652,seller
CLT-10653,seller
CLT-10654,buyer
CLT-10655,buyer
CLT-10656,buyer
CLT-10657,seller
CLT-10658,buyer
CLT-10659,buyer
CLT-10660,seller
CLT-10661,buyer
CLT-10662,buyer
CLT-10663,buyer
CLT-10664,seller
CLT-10665,buyer
CLT-10666,seller
CLT-10667,buyer
CLT-10668,seller
CLT-10669,buyer
CLT-10670,buyer
CLT-10671,seller
CLT-10672,seller
CLT-10673,seller
CLT-10674,buyer
CLT-10675,seller
CLT-10676,buyer
CLT-10677,buyer
CLT-10678,buyer
CLT-10679,seller
CLT-10680,seller
CLT-10681,buyer
CLT-10682,seller
CLT-10683,seller
CLT-10684,seller
CLT-10685,buyer
CLT-10686,seller
CLT-10687,seller
CLT-10688,buyer
CLT-10689,buyer
CLT-10690,seller
CLT-10691,seller
CLT-10692,seller
CLT-10693,buyer
CLT-10694,seller
CLT-10695,buyer
CLT-10696,buyer
CLT-10697,buyer
CLT-10698,seller
CLT-10699,seller
CLT-10700,buyer
CLT-10701,seller
CLT-10702,buyer
CLT-10703,buyer
CLT-10704,seller
CLT-10705,buyer
CLT-10706,seller
CLT-10707,seller
CLT-10708,seller
CLT-10709,seller
CLT-10710,seller
CLT-10711,buyer
CLT-10712,seller
CLT-10713,seller
CLT-10714,seller
CLT-10715,seller
CLT-10716,buyer
CLT-10717,seller
CLT-10718,buyer
CLT-10719,buyer
CLT-10720,seller
CLT-10721,seller
CLT-10722,buyer
CLT-10723,seller
CLT-10724,seller
CLT-10725,buyer
CLT-10726,seller
CLT-10727,seller
CLT-10728,buyer
CLT-10729,seller
CLT-10730,buyer
CLT-10731,seller
CLT-10732,buyer
CLT-10733,seller
CLT-10734,seller
CLT-10735,buyer
CLT-10736,buyer
CLT-10737,buyer
CLT-10738,buyer
CLT-10739,seller
CLT-10740,buyer
CLT-10741,buyer
CLT-10742,buyer
CLT-10743,seller
CLT-10744,buyer
CLT-10745,seller
CLT-10746,seller
CLT-10747,buyer
CLT-10748,seller
CLT-10749,buyer
CLT-10750,buyer
CLT-10751,buyer
CLT-10752,buyer
CLT-10753,buyer
CLT-10754,seller
CLT-10755,buyer
CLT-10756,buyer
CLT-10757,seller
CLT-10758,seller
CLT-10759,buyer
CLT-10760,seller
CLT-10761,seller
CLT-10762,seller
CLT-10763,seller
CLT-10764,buyer
CLT-10765,seller
CLT-10766,seller
CLT-10767,buyer
CLT-10768,buyer
CLT-10769,buyer
CLT-10770,seller
CLT-10771,seller
CLT-10772,seller
CLT-10773,seller
CLT-10774,buyer
CLT-10775,buyer
CLT-10776,seller
CLT-10777,seller
CLT-10778,seller
CLT-10779,buyer
CLT-10780,buyer
CLT-10781,seller
CLT-10782,seller
CLT-10783,seller
CLT-10784,buyer
CLT-10785,seller
CLT-10786,seller
CLT-10787,buyer
CLT-10788,buyer
CLT-10789,buyer
CLT-10790,buyer
CLT-10791,seller
CLT-10792,buyer
CLT-10793,seller
CLT-10794,buyer
CLT-10795,seller
CLT-10796,buyer
CLT-10797,seller
CLT-10798,seller
CLT-10799,buyer
CLT-10800,buyer
CLT-10801,buyer
CLT-10802,buyer
CLT-10803,seller
CLT-10804,seller
CLT-10805,seller
CLT-10806,seller
CLT-10807,seller
CLT-10808,buyer
CLT-10809,seller
CLT-10810,buyer
CLT-10811,seller
CLT-10812,seller
CLT-10813,buyer
CLT-10814,seller
CLT-10815,seller
CLT-10816,buyer
CLT-10817,buyer
CLT-10818,buyer
CLT-10819,buyer
CLT-10820,buyer
CLT-10821,buyer
CLT-10822,seller
CLT-10823,buyer
CLT-10824,buyer
CLT-10825,buyer
CLT-10826,seller
CLT-10827,seller
CLT-10828,seller
CLT-10829,seller
CLT-10830,buyer
CLT-10831,seller
CLT-10832,buyer
CLT-10833,seller
CLT-10834,seller
CLT-10835,buyer
CLT-10836,seller
CLT-10837,buyer
CLT-10838,buyer
CLT-10839,seller
CLT-10840,seller
CLT-10841,buyer
CLT-10842,seller
CLT-10843,buyer
CLT-10844,seller
CLT-10845,seller
CLT-10846,seller
CLT-10847,seller
CLT-10848,buyer
CLT-10849,seller
CLT-10850,seller
CLT-10851,seller
CLT-10852,buyer
CLT-10853,buyer
CLT-10854,seller
CLT-10855,seller
CLT-10856,buyer
CLT-10857,buyer
CLT-10858,buyer
CLT-10859,seller
CLT-10860,seller
CLT-10861,seller
CLT-10862,seller
CLT-10863,seller
CLT-10864,seller
CLT-10865,seller
CLT-10866,seller
CLT-10867,seller
CLT-10868,buyer
CLT-10869,seller
CLT-10870,buyer
CLT-10871,buyer
CLT-10872,seller
CLT-10873,buyer
CLT-10874,seller
CLT-10875,buyer
CLT-10876,seller
CLT-10877,seller
CLT-10878,buyer
CLT-10879,seller
CLT-10880,buyer
CLT-10881,seller
CLT-10882,seller
CLT-10883,seller
CLT-10884,buyer
CLT-10885,buyer
CLT-10886,seller
CLT-10887,buyer
CLT-10888,seller
CLT-10889,buyer
CLT-10890,seller
CLT-10891,seller
CLT-10892,seller
CLT-10893,buyer
CLT-10894,buyer
CLT-10895,buyer
CLT-10896,buyer
CLT-10897,seller
CLT-10898,seller
CLT-10899,seller
CLT-10900,seller
CLT-10901,buyer
CLT-10902,buyer
CLT-10903,buyer
CLT-10904,seller
CLT-10905,seller
CLT-10906,seller
CLT-10907,seller
CLT-10908,buyer
CLT-10909,buyer
CLT-10910,buyer
CLT-10911,buyer
CLT-10912,seller
CLT-10913,buyer
CLT-10914,seller
CLT-10915,buyer
CLT-10916,buyer
CLT-10917,seller
CLT-10918,buyer
CLT-10919,seller
CLT-10920,buyer
CLT-10921,seller
CLT-10922,buyer
CLT-10923,buyer
CLT-10924,buyer
CLT-10925,buyer
CLT-10926,buyer
CLT-10927,buyer
CLT-10928,seller
CLT-10929,buyer
CLT-10930,seller
CLT-10931,buyer
CLT-10932,buyer
CLT-10933,buyer
CLT-10934,seller
CLT-10935,buyer
CLT-10936,buyer
CLT-10937,buyer
CLT-10938,seller
CLT-10939,seller
CLT-10940,seller
CLT-10941,seller
CLT-10942,seller
CLT-10943,seller
CLT-10944,buyer
CLT-10945,seller
CLT-10946,seller
CLT-10947,buyer
CLT-10948,buyer
CLT-10949,seller
CLT-10950,seller
CLT-10951,seller
CLT-10952,buyer
CLT-10953,seller
CLT-10954,seller
CLT-10955,buyer
CLT-10956,buyer
CLT-10957,buyer
CLT-10958,seller
CLT-10959,seller
CLT-10960,seller
CLT-10961,buyer
CLT-10962,seller
CLT-10963,seller
CLT-10964,buyer
CLT-10965,buyer
CLT-10966,seller
CLT-10967,seller
CLT-10968,seller
CLT-10969,seller
CLT-10970,seller
CLT-10971,seller
CLT-10972,seller
CLT-10973,seller
CLT-10974,seller
CLT-10975,buyer
CLT-10976,seller
CLT-10977,seller
CLT-10978,buyer
CLT-10979,buyer
CLT-10980,seller
CLT-10981,seller
CLT-10982,seller
CLT-10983,seller
CLT-10984,seller
CLT-10985,seller
CLT-10986,buyer
CLT-10987,seller
CLT-10988,buyer
CLT-10989,seller
CLT-10990,seller
CLT-10991,seller
CLT-10992,seller
CLT-10993,buyer
CLT-10994,buyer
CLT-10995,seller
CLT-10996,seller
CLT-10997,seller
CLT-10998,buyer
CLT-10999,buyer
CLT-11000,seller
CLT-11001,seller
CLT-11002,buyer
CLT-11003,seller
CLT-11004,seller
CLT-11005,buyer
CLT-11006,buyer
CLT-11007,buyer
CLT-11008,seller
CLT-11009,buyer
CLT-11010,seller
CLT-11011,buyer
CLT-11012,seller
CLT-11013,seller
CLT-11014,buyer
CLT-11015,seller
CLT-11016,seller
CLT-11017,buyer
CLT-11018,seller
CLT-11019,buyer
CLT-11020,seller
CLT-11021,buyer
CLT-11022,buyer
CLT-11023,buyer
CLT-11024,buyer
CLT-11025,seller
CLT-11026,seller
CLT-11027,buyer
CLT-11028,buyer
CLT-11029,buyer
CLT-11030,seller
CLT-11031,buyer
CLT-11032,buyer
CLT-11033,buyer
CLT-11034,seller
CLT-11035,buyer
CLT-11036,buyer
CLT-11037,seller
CLT-11038,buyer
CLT-11039,seller
CLT-11040,seller
CLT-11041,seller
CLT-11042,seller
CLT-11043,seller
CLT-11044,buyer
CLT-11045,seller
CLT-11046,buyer
CLT-11047,seller
CLT-11048,buyer
CLT-11049,seller
CLT-11050,seller
CLT-11051,seller
CLT-11052,buyer
CLT-11053,seller
CLT-11054,buyer
CLT-11055,buyer
CLT-11056,buyer
CLT-11057,seller
CLT-11058,seller
CLT-11059,buyer
CLT-11060,seller
CLT-11061,buyer
CLT-11062,buyer
CLT-11063,buyer
CLT-11064,seller
CLT-11065,buyer
CLT-11066,buyer
CLT-11067,buyer
CLT-11068,seller
CLT-11069,buyer
CLT-11070,seller
CLT-11071,seller
CLT-11072,buyer
CLT-11073,buyer
CLT-11074,seller
CLT-11075,seller
CLT-11076,buyer
CLT-11077,seller
CLT-11078,buyer
CLT-11079,seller
CLT-11080,seller
CLT-11081,buyer
CLT-11082,buyer
CLT-11083,buyer
CLT-11084,seller
CLT-11085,buyer
CLT-11086,seller
CLT-11087,buyer
CLT-11088,buyer
CLT-11089,seller
CLT-11090,seller
CLT-11091,buyer
CLT-11092,seller
CLT-11093,seller
CLT-11094,seller
CLT-11095,buyer
CLT-11096,seller
CLT-11097,seller
CLT-11098,seller
CLT-11099,seller
CLT-11100,buyer
CLT-11101,buyer
CLT-11102,seller
CLT-11103,seller
CLT-11104,buyer
CLT-11105,seller
CLT-11106,buyer
CLT-11107,buyer
CLT-11108,seller
CLT-11109,seller
CLT-11110,seller
CLT-11111,seller
CLT-11112,buyer
CLT-11113,seller
CLT-11114,buyer
CLT-11115,buyer
CLT-11116,buyer
CLT-11117,seller
CLT-11118,buyer
CLT-11119,seller
CLT-11120,seller
CLT-11121,seller
CLT-11122,seller
CLT-11123,buyer
CLT-11124,buyer
CLT-11125,seller
CLT-11126,buyer
CLT-11127,buyer
CLT-11128,seller
CLT-11129,seller
CLT-11130,buyer
CLT-11131,seller
CLT-11132,buyer
CLT-11133,buyer
CLT-11134,buyer
CLT-11135,buyer
CLT-11136,buyer
CLT-11137,buyer
CLT-11138,buyer
CLT-11139,seller
CLT-11140,buyer
CLT-11141,seller
CLT-11142,seller
CLT-11143,buyer
CLT-11144,seller
CLT-11145,buyer
CLT-11146,seller
CLT-11147,buyer
CLT-11148,seller
CLT-11149,seller
CLT-11150,buyer
CLT-11151,buyer
CLT-11152,seller
CLT-11153,buyer
CLT-11154,seller
CLT-11155,buyer
CLT-11156,seller
CLT-11157,buyer
CLT-11158,buyer
CLT-11159,buyer
CLT-11160,buyer
CLT-11161,seller
CLT-11162,seller
CLT-11163,seller
CLT-11164,seller
CLT-11165,seller
CLT-11166,buyer
CLT-11167,seller
CLT-11168,seller
CLT-11169,buyer
CLT-11170,seller
CLT-11171,seller
CLT-11172,seller
CLT-11173,buyer
CLT-11174,buyer
CLT-11175,seller
CLT-11176,seller
CLT-11177,seller
CLT-11178,buyer
CLT-11179,seller
CLT-11180,buyer
CLT-11181,buyer
CLT-11182,buyer
CLT-11183,buyer
CLT-11184,buyer
CLT-11185,buyer
CLT-11186,buyer
CLT-11187,seller
CLT-11188,seller
CLT-11189,seller
CLT-11190,buyer
CLT-11191,buyer
CLT-11192,buyer
CLT-11193,seller
CLT-11194,buyer
CLT-11195,buyer
CLT-11196,seller
CLT-11197,seller
CLT-11198,buyer
CLT-11199,seller
CLT-11200,seller
CLT-11201,seller
CLT-11202,seller
CLT-11203,seller
CLT-11204,seller
CLT-11205,buyer
CLT-11206,seller
CLT-11207,seller
CLT-11208,seller
CLT-11209,seller
CLT-11210,seller
CLT-11211,buyer
CLT-11212,buyer
CLT-11213,seller
CLT-11214,seller
CLT-11215,seller
CLT-11216,buyer
CLT-11217,seller
CLT-11218,seller
CLT-11219,seller
CLT-11220,buyer
CLT-11221,buyer
CLT-11222,seller
CLT-11223,seller
CLT-11224,seller
CLT-11225,buyer
CLT-11226,seller
CLT-11227,buyer
CLT-11228,seller
CLT-11229,seller
CLT-11230,seller
CLT-11231,seller
CLT-11232,seller
CLT-11233,buyer
CLT-11234,seller
CLT-11235,seller
CLT-11236,buyer
CLT-11237,seller
CLT-11238,buyer
CLT-11239,seller
CLT-11240,seller
CLT-11241,buyer
CLT-11242,buyer
CLT-11243,buyer
CLT-11244,buyer
CLT-11245,buyer
CLT-11246,seller
CLT-11247,seller
CLT-11248,buyer
CLT-11249,seller
CLT-11250,seller
CLT-11251,buyer
CLT-11252,buyer
CLT-11253,seller
CLT-11254,buyer
CLT-11255,buyer
CLT-11256,buyer
CLT-11257,seller
CLT-11258,buyer
CLT-11259,seller
CLT-11260,seller
CLT-11261,buyer
CLT-11262,buyer
CLT-11263,buyer
CLT-11264,seller
CLT-11265,buyer
CLT-11266,buyer
CLT-11267,buyer
CLT-11268,buyer
CLT-11269,seller
CLT-11270,buyer
CLT-11271,buyer
CLT-11272,seller
CLT-11273,seller
CLT-11274,seller
CLT-11275,seller
CLT-11276,seller
CLT-11277,buyer
CLT-11278,seller
CLT-11279,buyer
CLT-11280,seller
CLT-11281,seller
CLT-11282,buyer
CLT-11283,buyer
CLT-11284,seller
CLT-11285,buyer
CLT-11286,seller
CLT-11287,seller
CLT-11288,seller
CLT-11289,seller
CLT-11290,seller
CLT-11291,seller
CLT-11292,seller
CLT-11293,buyer
CLT-11294,seller
CLT-11295,seller
CLT-11296,seller
CLT-11297,buyer
CLT-11298,buyer
CLT-11299,seller
CLT-11300,seller
CLT-11301,seller
CLT-11302,buyer
CLT-11303,buyer
CLT-11304,seller
CLT-11305,seller
CLT-11306,seller
CLT-11307,buyer
CLT-11308,seller
CLT-11309,seller
CLT-11310,buyer
CLT-11311,seller
CLT-11312,buyer
CLT-11313,buyer
CLT-11314,seller
CLT-11315,seller
CLT-11316,seller
CLT-11317,seller
CLT-11318,buyer
CLT-11319,buyer
CLT-11320,seller
CLT-11321,seller
CLT-11322,seller
CLT-11323,buyer
CLT-11324,buyer
CLT-11325,buyer
CLT-11326,seller
CLT-11327,seller
CLT-11328,buyer
CLT-11329,seller
CLT-11330,seller
CLT-11331,buyer
CLT-11332,buyer
CLT-11333,seller
CLT-11334,buyer
CLT-11335,seller
CLT-11336,buyer
CLT-11337,seller
CLT-11338,buyer
CLT-11339,buyer
CLT-11340,buyer
CLT-11341,buyer
CLT-11342,seller
CLT-11343,buyer
CLT-11344,buyer
CLT-11345,seller
CLT-11346,seller
CLT-11347,seller
CLT-11348,buyer
CLT-11349,buyer
CLT-11350,buyer
CLT-11351,seller
CLT-11352,buyer
CLT-11353,seller
CLT-11354,seller
CLT-11355,seller
CLT-11356,seller
CLT-11357,buyer
CLT-11358,buyer
CLT-11359,seller
CLT-11360,seller
CLT-11361,seller
CLT-11362,buyer
CLT-11363,buyer
CLT-11364,buyer
CLT-11365,seller
CLT-11366,buyer
CLT-11367,seller
CLT-11368,seller
CLT-11369,seller
CLT-11370,seller
CLT-11371,seller
CLT-11372,seller
CLT-11373,seller
CLT-11374,seller
CLT-11375,seller
CLT-11376,seller
CLT-11377,buyer
CLT-11378,buyer
CLT-11379,buyer
CLT-11380,seller
CLT-11381,buyer
CLT-11382,seller
CLT-11383,buyer
CLT-11384,seller
CLT-11385,seller
CLT-11386,buyer
CLT-11387,seller
CLT-11388,seller
CLT-11389,seller
CLT-11390,seller
CLT-11391,seller
CLT-11392,seller
CLT-11393,seller
CLT-11394,seller
CLT-11395,buyer
CLT-11396,buyer
CLT-11397,seller
CLT-11398,seller
CLT-11399,seller
CLT-11400,seller
CLT-11401,buyer
CLT-11402,seller
CLT-11403,buyer
CLT-11404,buyer
CLT-11405,seller
CLT-11406,buyer
CLT-11407,buyer
CLT-11408,buyer
CLT-11409,seller
CLT-11410,seller
CLT-11411,seller
CLT-11412,buyer
CLT-11413,buyer
CLT-11414,buyer
CLT-11415,buyer
CLT-11416,seller
CLT-11417,buyer
CLT-11418,buyer
CLT-11419,seller
CLT-11420,buyer
CLT-11421,seller
CLT-11422,buyer
CLT-11423,seller
CLT-11424,buyer
CLT-11425,seller
CLT-11426,buyer
CLT-11427,buyer
CLT-11428,seller
CLT-11429,seller
CLT-11430,buyer
CLT-11431,buyer
CLT-11432,seller
CLT-11433,seller
CLT-11434,seller
CLT-11435,seller
CLT-11436,buyer
CLT-11437,seller
CLT-11438,seller
CLT-11439,buyer
CLT-11440,seller
CLT-11441,buyer
CLT-11442,seller
CLT-11443,buyer
CLT-11444,buyer
CLT-11445,buyer
CLT-11446,seller
CLT-11447,buyer
CLT-11448,seller
CLT-11449,buyer
CLT-11450,buyer
CLT-11451,buyer
CLT-11452,buyer
CLT-11453,buyer
CLT-11454,buyer
CLT-11455,seller
CLT-11456,seller
CLT-11457,buyer
CLT-11458,buyer
CLT-11459,buyer
CLT-11460,seller
CLT-11461,seller
CLT-11462,buyer
CLT-11463,seller
CLT-11464,buyer
CLT-11465,seller
CLT-11466,buyer
CLT-11467,buyer
CLT-11468,buyer
CLT-11469,seller
CLT-11470,buyer
CLT-11471,seller
CLT-11472,seller
CLT-11473,seller
CLT-11474,seller
CLT-11475,seller
CLT-11476,buyer
CLT-11477,seller
CLT-11478,seller
CLT-11479,seller
CLT-11480,buyer
CLT-11481,seller
CLT-11482,seller
CLT-11483,buyer
CLT-11484,buyer
CLT-11485,buyer
CLT-11486,buyer
CLT-11487,seller
CLT-11488,seller
CLT-11489,buyer
CLT-11490,seller
CLT-11491,buyer
CLT-11492,buyer
CLT-11493,buyer
CLT-11494,buyer
CLT-11495,seller
CLT-11496,buyer
CLT-11497,buyer
CLT-11498,seller
CLT-11499,buyer
CLT-11500,buyer
CLT-11501,seller
CLT-11502,seller
CLT-11503,buyer
CLT-11504,buyer
CLT-11505,seller
CLT-11506,buyer
CLT-11507,seller
CLT-11508,buyer
CLT-11509,buyer
CLT-11510,buyer
CLT-11511,seller
CLT-11512,buyer
CLT-11513,seller
CLT-11514,buyer
CLT-11515,buyer
CLT-11516,seller
CLT-11517,seller
CLT-11518,buyer
CLT-11519,buyer
CLT-11520,seller
CLT-11521,seller
CLT-11522,buyer
CLT-11523,seller
CLT-11524,seller
CLT-11525,seller
CLT-11526,buyer
CLT-11527,seller
CLT-11528,buyer
CLT-11529,seller
CLT-11530,buyer
CLT-11531,seller
CLT-11532,seller
CLT-11533,buyer
CLT-11534,buyer
CLT-11535,seller
CLT-11536,seller
CLT-11537,buyer
CLT-11538,buyer
CLT-11539,seller
CLT-11540,buyer
CLT-11541,buyer
CLT-11542,buyer
CLT-11543,seller
CLT-11544,seller
CLT-11545,seller
CLT-11546,seller
CLT-11547,seller
CLT-11548,buyer
CLT-11549,buyer
CLT-11550,buyer
CLT-11551,buyer
CLT-11552,buyer
CLT-11553,seller
CLT-11554,seller
CLT-11555,seller
CLT-11556,seller
CLT-11557,seller
CLT-11558,buyer
CLT-11559,seller
CLT-11560,buyer
CLT-11561,buyer
CLT-11562,seller
CLT-11563,buyer
CLT-11564,buyer
CLT-11565,buyer
CLT-11566,buyer
CLT-11567,buyer
CLT-11568,buyer
CLT-11569,buyer
CLT-11570,buyer
CLT-11571,buyer
CLT-11572,buyer
CLT-11573,buyer
CLT-11574,seller
CLT-11575,seller
CLT-11576,buyer
CLT-11577,seller
CLT-11578,buyer
CLT-11579,seller
CLT-11580,seller
CLT-11581,buyer
CLT-11582,seller
CLT-11583,buyer
CLT-11584,seller
CLT-11585,buyer
CLT-11586,seller
CLT-11587,seller
CLT-11588,seller
CLT-11589,buyer
CLT-11590,seller
CLT-11591,buyer
CLT-11592,seller
CLT-11593,seller
CLT-11594,buyer
CLT-11595,seller
CLT-11596,buyer
CLT-11597,seller
CLT-11598,seller
CLT-11599,seller
CLT-11600,buyer
CLT-11601,seller
CLT-11602,seller
CLT-11603,buyer
CLT-11604,seller
CLT-11605,buyer
CLT-11606,buyer
CLT-11607,buyer
CLT-11608,seller
CLT-11609,seller
CLT-11610,buyer
CLT-11611,buyer
CLT-11612,buyer
CLT-11613,buyer
CLT-11614,buyer
CLT-11615,buyer
CLT-11616,seller
CLT-11617,buyer
CLT-11618,buyer
CLT-11619,buyer
CLT-11620,seller
CLT-11621,seller
CLT-11622,buyer
CLT-11623,buyer
CLT-11624,seller
CLT-11625,buyer
CLT-11626,buyer
CLT-11627,buyer
CLT-11628,buyer
CLT-11629,buyer
CLT-11630,buyer
CLT-11631,seller
CLT-11632,buyer
CLT-11633,buyer
CLT-11634,buyer
CLT-11635,seller
CLT-11636,seller
CLT-11637,buyer
CLT-11638,seller
CLT-11639,buyer
CLT-11640,seller
CLT-11641,seller
CLT-11642,buyer
CLT-11643,seller
CLT-11644,buyer
CLT-11645,seller
CLT-11646,buyer
CLT-11647,buyer
CLT-11648,seller
CLT-11649,buyer
CLT-11650,seller
CLT-11651,buyer
CLT-11652,buyer
CLT-11653,seller
CLT-11654,seller
CLT-11655,buyer
CLT-11656,seller
CLT-11657,seller
CLT-11658,buyer
CLT-11659,seller
CLT-11660,seller
CLT-11661,seller
CLT-11662,buyer
CLT-11663,seller
CLT-11664,seller
CLT-11665,buyer
CLT-11666,seller
CLT-11667,seller
CLT-11668,seller
CLT-11669,buyer
CLT-11670,seller
CLT-11671,buyer
CLT-11672,buyer
CLT-11673,buyer
CLT-11674,buyer
CLT-11675,seller
CLT-11676,buyer
CLT-11677,buyer
CLT-11678,seller
CLT-11679,buyer
CLT-11680,seller
CLT-11681,buyer
CLT-11682,buyer
CLT-11683,buyer
CLT-11684,buyer
CLT-11685,buyer
CLT-11686,seller
CLT-11687,seller
CLT-11688,buyer
CLT-11689,seller
CLT-11690,seller
CLT-11691,seller
CLT-11692,seller
CLT-11693,seller
CLT-11694,buyer
CLT-11695,seller
CLT-11696,seller
CLT-11697,buyer
CLT-11698,buyer
CLT-11699,buyer
CLT-11700,seller
CLT-11701,buyer
CLT-11702,buyer
CLT-11703,buyer
CLT-11704,seller
CLT-11705,buyer
CLT-11706,buyer
CLT-11707,buyer
CLT-11708,seller
CLT-11709,buyer
CLT-11710,buyer
CLT-11711,buyer
CLT-11712,seller
CLT-11713,buyer
CLT-11714,buyer
CLT-11715,buyer
CLT-11716,seller
CLT-11717,seller
CLT-11718,buyer
CLT-11719,buyer
CLT-11720,buyer
CLT-11721,seller
CLT-11722,seller
CLT-11723,seller
CLT-11724,buyer
CLT-11725,buyer
CLT-11726,buyer
CLT-11727,buyer
CLT-11728,seller
CLT-11729,buyer
CLT-11730,seller
CLT-11731,buyer
CLT-11732,seller
CLT-11733,buyer
CLT-11734,buyer
CLT-11735,buyer
CLT-11736,buyer
CLT-11737,seller
CLT-11738,buyer
CLT-11739,seller
CLT-11740,buyer
CLT-11741,buyer
CLT-11742,seller
CLT-11743,buyer
CLT-11744,buyer
CLT-11745,buyer
CLT-11746,buyer
CLT-11747,buyer
CLT-11748,seller
CLT-11749,buyer
CLT-11750,seller
CLT-11751,buyer
CLT-11752,buyer
CLT-11753,seller
CLT-11754,buyer
CLT-11755,seller
CLT-11756,buyer
CLT-11757,seller
CLT-11758,buyer
CLT-11759,seller
CLT-11760,seller
CLT-11761,seller
CLT-11762,buyer
CLT-11763,seller
CLT-11764,seller
CLT-11765,seller
CLT-11766,buyer
CLT-11767,seller
CLT-11768,seller
CLT-11769,seller
CLT-11770,seller
CLT-11771,buyer
CLT-11772,seller
CLT-11773,seller
CLT-11774,buyer
CLT-11775,seller
CLT-11776,seller
CLT-11777,buyer
CLT-11778,buyer
CLT-11779,seller
CLT-11780,buyer
CLT-11781,buyer
CLT-11782,seller
CLT-11783,buyer
CLT-11784,seller
CLT-11785,seller
CLT-11786,seller
CLT-11787,buyer
CLT-11788,seller
CLT-11789,buyer
CLT-11790,seller
CLT-11791,seller
CLT-11792,seller
CLT-11793,buyer
CLT-11794,buyer
CLT-11795,seller
CLT-11796,seller
CLT-11797,buyer
CLT-11798,buyer
CLT-11799,seller
CLT-11800,buyer
CLT-11801,buyer
CLT-11802,seller
CLT-11803,seller
CLT-11804,buyer
CLT-11805,seller
CLT-11806,seller
CLT-11807,seller
CLT-11808,seller
CLT-11809,seller
CLT-11810,buyer
CLT-11811,seller
CLT-11812,buyer
CLT-11813,buyer
CLT-11814,buyer
CLT-11815,seller
CLT-11816,seller
CLT-11817,buyer
CLT-11818,buyer
CLT-11819,buyer
CLT-11820,seller
CLT-11821,seller
CLT-11822,seller
CLT-11823,buyer
CLT-11824,seller
CLT-11825,buyer
CLT-11826,buyer
CLT-11827,seller
CLT-11828,buyer
CLT-11829,buyer
CLT-11830,buyer
CLT-11831,seller
CLT-11832,buyer
CLT-11833,seller
CLT-11834,buyer
CLT-11835,seller
CLT-11836,seller
CLT-11837,seller
CLT-11838,seller
CLT-11839,seller
CLT-11840,buyer
CLT-11841,buyer
CLT-11842,seller
CLT-11843,buyer
CLT-11844,seller
CLT-11845,seller
CLT-11846,seller
CLT-11847,buyer
CLT-11848,buyer
CLT-11849,buyer
CLT-11850,buyer
CLT-11851,buyer
CLT-11852,seller
CLT-11853,seller
CLT-11854,seller
CLT-11855,buyer
CLT-11856,seller
CLT-11857,buyer
CLT-11858,buyer
CLT-11859,buyer
CLT-11860,seller
CLT-11861,buyer
CLT-11862,buyer
CLT-11863,seller
CLT-11864,buyer
CLT-11865,seller
CLT-11866,buyer
CLT-11867,seller
CLT-11868,buyer
CLT-11869,buyer
CLT-11870,seller
CLT-11871,buyer
CLT-11872,buyer
CLT-11873,seller
CLT-11874,buyer
CLT-11875,buyer
CLT-11876,seller
CLT-11877,buyer
CLT-11878,buyer
CLT-11879,seller
CLT-11880,seller
CLT-11881,seller
CLT-11882,seller
CLT-11883,seller
CLT-11884,buyer
CLT-11885,buyer
CLT-11886,seller
CLT-11887,seller
CLT-11888,buyer
CLT-11889,buyer
CLT-11890,seller
CLT-11891,buyer
CLT-11892,seller
CLT-11893,buyer
CLT-11894,seller
CLT-11895,buyer
CLT-11896,seller
CLT-11897,buyer
CLT-11898,seller
CLT-11899,buyer
CLT-11900,buyer
CLT-11901,buyer
CLT-11902,seller
CLT-11903,seller
CLT-11904,buyer
CLT-11905,seller
CLT-11906,buyer
CLT-11907,buyer
CLT-11908,seller
CLT-11909,buyer
CLT-11910,buyer
CLT-11911,buyer
CLT-11912,seller
CLT-11913,buyer
CLT-11914,buyer
CLT-11915,buyer
CLT-11916,seller
CLT-11917,buyer
CLT-11918,seller
CLT-11919,seller
CLT-11920,seller
CLT-11921,seller
CLT-11922,seller
CLT-11923,buyer
CLT-11924,seller
CLT-11925,buyer
CLT-11926,buyer
CLT-11927,seller
CLT-11928,seller
CLT-11929,seller
CLT-11930,buyer
CLT-11931,buyer
CLT-11932,seller
CLT-11933,buyer
CLT-11934,seller
CLT-11935,buyer
CLT-11936,seller
CLT-11937,buyer
CLT-11938,buyer
CLT-11939,buyer
CLT-11940,seller
CLT-11941,seller
CLT-11942,buyer
CLT-11943,seller
CLT-11944,buyer
CLT-11945,buyer
CLT-11946,buyer
CLT-11947,buyer
CLT-11948,seller
CLT-11949,buyer
CLT-11950,buyer
CLT-11951,buyer
CLT-11952,buyer
CLT-11953,seller
CLT-11954,seller
CLT-11955,buyer
CLT-11956,buyer
CLT-11957,buyer
CLT-11958,buyer
CLT-11959,buyer
CLT-11960,seller
CLT-11961,buyer
CLT-11962,seller
CLT-11963,buyer
CLT-11964,seller
CLT-11965,seller
CLT-11966,seller
CLT-11967,seller
CLT-11968,buyer
CLT-11969,buyer
CLT-11970,seller
CLT-11971,seller
CLT-11972,seller
CLT-11973,seller
CLT-11974,buyer
CLT-11975,seller
CLT-11976,buyer
CLT-11977,buyer
CLT-11978,buyer
CLT-11979,buyer
CLT-11980,buyer
CLT-11981,seller
CLT-11982,seller
CLT-11983,buyer
CLT-11984,seller
CLT-11985,seller
CLT-11986,buyer
CLT-11987,seller
CLT-11988,buyer
CLT-11989,seller
CLT-11990,buyer
CLT-11991,seller
CLT-11992,seller
CLT-11993,seller
CLT-11994,seller
CLT-11995,seller
CLT-11996,seller
CLT-11997,seller
CLT-11998,seller
CLT-11999,seller
CLT-12000,buyer
CLT-12001,buyer
CLT-12002,buyer
CLT-12003,buyer
CLT-12004,buyer
CLT-12005,seller
CLT-12006,seller
CLT-12007,buyer
CLT-12008,buyer
CLT-12009,buyer
CLT-12010,seller
CLT-12011,buyer
CLT-12012,seller
CLT-12013,seller
CLT-12014,seller
CLT-12015,seller
CLT-12016,seller
CLT-12017,seller
CLT-12018,seller
CLT-12019,buyer
CLT-12020,buyer
CLT-12021,seller
CLT-12022,buyer
CLT-12023,buyer
CLT-12024,seller
CLT-12025,buyer
CLT-12026,buyer
CLT-12027,buyer
CLT-12028,buyer
CLT-12029,buyer
CLT-12030,buyer
CLT-12031,seller
CLT-12032,seller
CLT-12033,seller
CLT-12034,buyer
CLT-12035,seller
CLT-12036,seller
CLT-12037,seller
CLT-12038,seller
CLT-12039,seller
CLT-12040,buyer
CLT-12041,seller
CLT-12042,buyer
CLT-12043,seller
CLT-12044,buyer
CLT-12045,seller
CLT-12046,seller
CLT-12047,buyer
CLT-12048,buyer
CLT-12049,buyer
CLT-12050,seller
CLT-12051,seller
CLT-12052,seller
CLT-12053,buyer
CLT-12054,buyer
CLT-12055,seller
CLT-12056,seller
CLT-12057,buyer
CLT-12058,buyer
CLT-12059,seller
CLT-12060,seller
CLT-12061,buyer
CLT-12062,seller
CLT-12063,buyer
CLT-12064,buyer
CLT-12065,seller
CLT-12066,buyer
CLT-12067,seller
CLT-12068,seller
CLT-12069,seller
CLT-12070,buyer
CLT-12071,seller
CLT-12072,seller
CLT-12073,seller
CLT-12074,seller
CLT-12075,buyer
CLT-12076,buyer
CLT-12077,seller
CLT-12078,buyer
CLT-12079,seller
CLT-12080,buyer
CLT-12081,seller
CLT-12082,buyer
CLT-12083,seller
CLT-12084,buyer
CLT-12085,buyer
CLT-12086,seller
CLT-12087,buyer
CLT-12088,buyer
CLT-12089,seller
CLT-12090,buyer
CLT-12091,seller
CLT-12092,seller
CLT-12093,seller
CLT-12094,seller
CLT-12095,buyer
CLT-12096,seller
CLT-12097,buyer
CLT-12098,buyer
CLT-12099,buyer
CLT-12100,seller
CLT-12101,buyer
CLT-12102,seller
CLT-12103,buyer
CLT-12104,seller
CLT-12105,seller
CLT-12106,seller
CLT-12107,buyer
CLT-12108,buyer
CLT-12109,seller
CLT-12110,buyer
CLT-12111,buyer
CLT-12112,seller
CLT-12113,buyer
CLT-12114,buyer
CLT-12115,buyer
CLT-12116,buyer
CLT-12117,seller
CLT-12118,buyer
CLT-12119,seller
CLT-12120,buyer
CLT-12121,seller
CLT-12122,buyer
CLT-12123,seller
CLT-12124,buyer
CLT-12125,seller
CLT-12126,seller
CLT-12127,seller
CLT-12128,seller
CLT-12129,seller
CLT-12130,seller
CLT-12131,buyer
CLT-12132,seller
CLT-12133,seller
CLT-12134,seller
CLT-12135,seller
CLT-12136,buyer
CLT-12137,seller
CLT-12138,seller
CLT-12139,seller
CLT-12140,seller
CLT-12141,buyer
CLT-12142,seller
CLT-12143,buyer
CLT-12144,buyer
CLT-12145,seller
CLT-12146,buyer
CLT-12147,seller
CLT-12148,seller
CLT-12149,buyer
CLT-12150,seller
CLT-12151,seller
CLT-12152,seller
CLT-12153,seller
CLT-12154,buyer
CLT-12155,seller
CLT-12156,seller
CLT-12157,seller
CLT-12158,seller
CLT-12159,seller
CLT-12160,seller
CLT-12161,seller
CLT-12162,buyer
CLT-12163,seller
CLT-12164,buyer
CLT-12165,seller
CLT-12166,buyer
CLT-12167,buyer
CLT-12168,buyer
CLT-12169,buyer
CLT-12170,seller
CLT-12171,seller
CLT-12172,seller
CLT-12173,seller
CLT-12174,seller
CLT-12175,buyer
CLT-12176,buyer
CLT-12177,buyer
CLT-12178,buyer
CLT-12179,buyer
CLT-12180,seller
CLT-12181,seller
CLT-12182,buyer
CLT-12183,seller
CLT-12184,buyer
CLT-12185,seller
CLT-12186,seller
CLT-12187,buyer
CLT-12188,seller
CLT-12189,buyer
CLT-12190,seller
CLT-12191,seller
CLT-12192,buyer
CLT-12193,buyer
CLT-12194,seller
CLT-12195,buyer
CLT-12196,buyer
CLT-12197,seller
CLT-12198,buyer
CLT-12199,seller
CLT-12200,seller
CLT-12201,buyer
CLT-12202,seller
CLT-12203,buyer
CLT-12204,buyer
CLT-12205,seller
CLT-12206,seller
CLT-12207,seller
CLT-12208,seller
CLT-12209,buyer
CLT-12210,buyer
CLT-12211,buyer
CLT-12212,seller
CLT-12213,seller
CLT-12214,buyer
CLT-12215,buyer
CLT-12216,seller
CLT-12217,seller
CLT-12218,buyer
CLT-12219,buyer
CLT-12220,seller
CLT-12221,seller
CLT-12222,seller
CLT-12223,buyer
CLT-12224,seller
CLT-12225,buyer
CLT-12226,seller
CLT-12227,seller
CLT-12228,buyer
CLT-12229,buyer
CLT-12230,buyer
CLT-12231,seller
CLT-12232,seller
CLT-12233,buyer
CLT-12234,buyer
CLT-12235,buyer
CLT-12236,buyer
CLT-12237,buyer
CLT-12238,seller
CLT-12239,seller
CLT-12240,seller
CLT-12241,buyer
CLT-12242,seller
CLT-12243,buyer
CLT-12244,seller
CLT-12245,seller
CLT-12246,seller
CLT-12247,buyer
CLT-12248,buyer
CLT-12249,buyer
CLT-12250,buyer
CLT-12251,buyer
CLT-12252,buyer
CLT-12253,buyer
CLT-12254,buyer
CLT-12255,seller
CLT-12256,seller
CLT-12257,seller
CLT-12258,buyer
CLT-12259,buyer
CLT-12260,buyer
CLT-12261,buyer
CLT-12262,buyer
CLT-12263,buyer
CLT-12264,buyer
CLT-12265,buyer
CLT-12266,buyer
CLT-12267,buyer
CLT-12268,buyer
CLT-12269,buyer
CLT-12270,buyer
CLT-12271,buyer
CLT-12272,buyer
CLT-12273,buyer
CLT-12274,seller
CLT-12275,seller
CLT-12276,seller
CLT-12277,buyer
CLT-12278,buyer
CLT-12279,seller
CLT-12280,seller
CLT-12281,seller
CLT-12282,buyer
CLT-12283,buyer
CLT-12284,buyer
CLT-12285,buyer
CLT-12286,buyer
CLT-12287,seller
CLT-12288,buyer
CLT-12289,buyer
CLT-12290,seller
CLT-12291,seller
CLT-12292,seller
CLT-12293,buyer
CLT-12294,seller
CLT-12295,buyer
CLT-12296,buyer
CLT-12297,buyer
CLT-12298,seller
CLT-12299,seller
CLT-12300,buyer
CLT-12301,seller
CLT-12302,buyer
CLT-12303,buyer
CLT-12304,seller
CLT-12305,buyer
CLT-12306,buyer
CLT-12307,buyer
CLT-12308,seller
CLT-12309,seller
CLT-12310,buyer
CLT-12311,seller
CLT-12312,seller
CLT-12313,buyer
CLT-12314,buyer
CLT-12315,buyer
CLT-12316,buyer
CLT-12317,buyer
CLT-12318,seller
CLT-12319,seller
CLT-12320,buyer
CLT-12321,seller
CLT-12322,buyer
CLT-12323,seller
CLT-12324,buyer
CLT-12325,seller
CLT-12326,buyer
CLT-12327,buyer
CLT-12328,buyer
CLT-12329,seller
CLT-12330,buyer
CLT-12331,buyer
CLT-12332,seller
CLT-12333,seller
CLT-12334,buyer
CLT-12335,buyer
CLT-12336,buyer
CLT-12337,buyer
CLT-12338,seller
CLT-12339,seller
CLT-12340,buyer
CLT-12341,seller
CLT-12342,seller
CLT-12343,buyer
CLT-12344,seller
CLT-12345,buyer
CLT-12346,seller
CLT-12347,buyer
CLT-12348,buyer
CLT-12349,seller
CLT-12350,seller
CLT-12351,buyer
CLT-12352,seller
CLT-12353,seller
CLT-12354,buyer
CLT-12355,buyer
CLT-12356,buyer
CLT-12357,seller
CLT-12358,buyer
CLT-12359,buyer
CLT-12360,buyer
CLT-12361,seller
CLT-12362,seller
CLT-12363,buyer
CLT-12364,buyer
CLT-12365,seller
CLT-12366,seller
CLT-12367,seller
CLT-12368,seller
CLT-12369,buyer
CLT-12370,seller
CLT-12371,seller
CLT-12372,seller
CLT-12373,seller
CLT-12374,seller
CLT-12375,seller
CLT-12376,seller
CLT-12377,buyer
CLT-12378,buyer
CLT-12379,seller
CLT-12380,buyer
CLT-12381,seller
CLT-12382,seller
CLT-12383,seller
CLT-12384,buyer
CLT-12385,seller
CLT-12386,seller
CLT-12387,seller
CLT-12388,buyer
CLT-12389,buyer
CLT-12390,seller
CLT-12391,seller
CLT-12392,buyer
CLT-12393,seller
CLT-12394,buyer
CLT-12395,seller
CLT-12396,buyer
CLT-12397,seller
CLT-12398,seller
CLT-12399,seller
CLT-12400,buyer
CLT-12401,seller
CLT-12402,seller
CLT-12403,buyer
CLT-12404,buyer
CLT-12405,seller
CLT-12406,seller
CLT-12407,seller
CLT-12408,buyer
CLT-12409,buyer
CLT-12410,buyer
CLT-12411,buyer
CLT-12412,seller
CLT-12413,seller
CLT-12414,buyer
CLT-12415,buyer
CLT-12416,buyer
CLT-12417,buyer
CLT-12418,seller
CLT-12419,buyer
CLT-12420,buyer
CLT-12421,seller
CLT-12422,seller
CLT-12423,seller
CLT-12424,buyer
CLT-12425,seller
CLT-12426,buyer
CLT-12427,seller
CLT-12428,seller
CLT-12429,seller
CLT-12430,buyer
CLT-12431,seller
CLT-12432,seller
CLT-12433,buyer
CLT-12434,buyer
CLT-12435,seller
CLT-12436,seller
CLT-12437,seller
CLT-12438,buyer
CLT-12439,buyer
CLT-12440,buyer
CLT-12441,buyer
CLT-12442,seller
CLT-12443,seller
CLT-12444,buyer
CLT-12445,seller
CLT-12446,buyer
CLT-12447,seller
CLT-12448,seller
CLT-12449,seller
CLT-12450,buyer
CLT-12451,buyer
CLT-12452,seller
CLT-12453,seller
CLT-12454,seller
CLT-12455,seller
CLT-12456,buyer
CLT-12457,seller
CLT-12458,seller
CLT-12459,seller
CLT-12460,seller
CLT-12461,buyer
CLT-12462,seller
CLT-12463,buyer
CLT-12464,seller
CLT-12465,buyer
CLT-12466,buyer
CLT-12467,seller
CLT-12468,seller
CLT-12469,buyer
CLT-12470,buyer
CLT-12471,seller
CLT-12472,buyer
CLT-12473,seller
CLT-12474,buyer
CLT-12475,seller
CLT-12476,seller
CLT-12477,seller
CLT-12478,seller
CLT-12479,buyer
CLT-12480,buyer
CLT-12481,buyer
CLT-12482,seller
CLT-12483,seller
CLT-12484,buyer
CLT-12485,seller
CLT-12486,buyer
CLT-12487,seller
CLT-12488,buyer
CLT-12489,seller
CLT-12490,buyer
CLT-12491,seller
CLT-12492,seller
CLT-12493,buyer
CLT-12494,buyer
CLT-12495,seller
CLT-12496,buyer
CLT-12497,seller
CLT-12498,seller
CLT-12499,buyer
CLT-12500,seller
CLT-12501,buyer
CLT-12502,buyer
CLT-12503,buyer
CLT-12504,seller
CLT-12505,buyer
CLT-12506,buyer
CLT-12507,seller
CLT-12508,seller
CLT-12509,buyer
CLT-12510,buyer
CLT-12511,seller
CLT-12512,buyer
CLT-12513,seller
CLT-12514,seller
CLT-12515,buyer
CLT-12516,seller
CLT-12517,buyer
CLT-12518,buyer
CLT-12519,buyer
CLT-12520,seller
CLT-12521,seller
CLT-12522,seller
CLT-12523,buyer
CLT-12524,seller
CLT-12525,seller
CLT-12526,buyer
CLT-12527,buyer
CLT-12528,seller
CLT-12529,seller
CLT-12530,seller
CLT-12531,seller
CLT-12532,seller
CLT-12533,seller
CLT-12534,buyer
CLT-12535,buyer
CLT-12536,seller
CLT-12537,seller
CLT-12538,buyer
CLT-12539,seller
CLT-12540,seller
CLT-12541,seller
CLT-12542,seller
CLT-12543,seller
CLT-12544,buyer
CLT-12545,seller
CLT-12546,buyer
CLT-12547,buyer
CLT-12548,buyer
CLT-12549,seller
CLT-12550,buyer
CLT-12551,buyer
CLT-12552,seller
CLT-12553,seller
CLT-12554,buyer
CLT-12555,buyer
CLT-12556,buyer
CLT-12557,buyer
CLT-12558,seller
CLT-12559,buyer
CLT-12560,buyer
CLT-12561,buyer
CLT-12562,buyer
CLT-12563,seller
CLT-12564,buyer
CLT-12565,seller
CLT-12566,seller
CLT-12567,seller
CLT-12568,buyer
CLT-12569,buyer
CLT-12570,buyer
CLT-12571,buyer
CLT-12572,seller
CLT-12573,buyer
CLT-12574,seller
CLT-12575,buyer
CLT-12576,seller
CLT-12577,buyer
CLT-12578,seller
CLT-12579,seller
CLT-12580,buyer
CLT-12581,buyer
CLT-12582,seller
CLT-12583,seller
CLT-12584,seller
CLT-12585,seller
CLT-12586,seller
CLT-12587,seller
CLT-12588,buyer
CLT-12589,buyer
CLT-12590,buyer
CLT-12591,buyer
CLT-12592,seller
CLT-12593,buyer
CLT-12594,seller
CLT-12595,buyer
CLT-12596,seller
CLT-12597,seller
CLT-12598,buyer
CLT-12599,seller
CLT-12600,seller
CLT-12601,seller
CLT-12602,seller
CLT-12603,seller
CLT-12604,seller
CLT-12605,seller
CLT-12606,buyer
CLT-12607,buyer
CLT-12608,seller
CLT-12609,seller
CLT-12610,seller
CLT-12611,buyer
CLT-12612,seller
CLT-12613,buyer
CLT-12614,seller
CLT-12615,buyer
CLT-12616,buyer
CLT-12617,seller
CLT-12618,seller
CLT-12619,seller
CLT-12620,buyer
CLT-12621,seller
CLT-12622,buyer
CLT-12623,buyer
CLT-12624,seller
CLT-12625,seller
CLT-12626,seller
CLT-12627,seller
CLT-12628,buyer
CLT-12629,seller
CLT-12630,seller
CLT-12631,seller
CLT-12632,buyer
CLT-12633,seller
CLT-12634,seller
CLT-12635,seller
CLT-12636,seller
CLT-12637,buyer
CLT-12638,seller
CLT-12639,buyer
CLT-12640,seller
CLT-12641,buyer
CLT-12642,seller
CLT-12643,buyer
CLT-12644,seller
CLT-12645,buyer
CLT-12646,buyer
CLT-12647,buyer
CLT-12648,seller
CLT-12649,buyer
CLT-12650,buyer
CLT-12651,buyer
CLT-12652,buyer
CLT-12653,buyer
CLT-12654,seller
CLT-12655,seller
CLT-12656,buyer
CLT-12657,buyer
CLT-12658,buyer
CLT-12659,buyer
CLT-12660,buyer
CLT-12661,buyer
CLT-12662,buyer
CLT-12663,seller
CLT-12664,seller
CLT-12665,buyer
CLT-12666,seller
CLT-12667,buyer
CLT-12668,seller
CLT-12669,buyer
CLT-12670,seller
CLT-12671,buyer
CLT-12672,buyer
CLT-12673,seller
CLT-12674,buyer
CLT-12675,seller
CLT-12676,buyer
CLT-12677,seller
CLT-12678,seller
CLT-12679,buyer
CLT-12680,buyer
CLT-12681,buyer
CLT-12682,seller
CLT-12683,seller
CLT-12684,buyer
CLT-12685,buyer
CLT-12686,buyer
CLT-12687,seller
CLT-12688,buyer
CLT-12689,seller
CLT-12690,buyer
CLT-12691,seller
CLT-12692,buyer
CLT-12693,seller
CLT-12694,buyer
CLT-12695,seller
CLT-12696,seller
CLT-12697,buyer
CLT-12698,buyer
CLT-12699,seller
CLT-12700,seller
CLT-12701,seller
CLT-12702,buyer
CLT-12703,seller
CLT-12704,seller
CLT-12705,seller
CLT-12706,seller
CLT-12707,seller
CLT-12708,buyer
CLT-12709,buyer
CLT-12710,seller
CLT-12711,buyer
CLT-12712,buyer
CLT-12713,buyer
CLT-12714,buyer
CLT-12715,buyer
CLT-12716,seller
CLT-12717,buyer
CLT-12718,seller
CLT-12719,buyer
CLT-12720,buyer
CLT-12721,buyer
CLT-12722,buyer
CLT-12723,seller
CLT-12724,seller
CLT-12725,seller
CLT-12726,seller
CLT-12727,seller
CLT-12728,buyer
CLT-12729,seller
CLT-12730,buyer
CLT-12731,seller
CLT-12732,buyer
CLT-12733,seller
CLT-12734,seller
CLT-12735,seller
CLT-12736,buyer
CLT-12737,buyer
CLT-12738,seller
CLT-12739,seller
CLT-12740,seller
CLT-12741,seller
CLT-12742,seller
CLT-12743,buyer
CLT-12744,seller
CLT-12745,seller
CLT-12746,seller
CLT-12747,buyer
CLT-12748,buyer
CLT-12749,seller
CLT-12750,seller
CLT-12751,seller
CLT-12752,seller
CLT-12753,seller
CLT-12754,seller
CLT-12755,seller
CLT-12756,seller
CLT-12757,seller
CLT-12758,seller
CLT-12759,buyer
CLT-12760,buyer
CLT-12761,buyer
CLT-12762,buyer
CLT-12763,buyer
CLT-12764,seller
CLT-12765,buyer
CLT-12766,buyer
CLT-12767,buyer
CLT-12768,buyer
CLT-12769,buyer
CLT-12770,buyer
CLT-12771,buyer
CLT-12772,seller
CLT-12773,seller
CLT-12774,buyer
CLT-12775,seller
CLT-12776,seller
CLT-12777,seller
CLT-12778,buyer
CLT-12779,seller
CLT-12780,buyer
CLT-12781,seller
CLT-12782,seller
CLT-12783,buyer
CLT-12784,buyer
CLT-12785,seller
CLT-12786,buyer
CLT-12787,seller
CLT-12788,buyer
CLT-12789,buyer
CLT-12790,buyer
CLT-12791,seller
CLT-12792,buyer
CLT-12793,seller
CLT-12794,buyer
CLT-12795,seller
CLT-12796,buyer
CLT-12797,buyer
CLT-12798,seller
CLT-12799,buyer
CLT-12800,seller
CLT-12801,buyer
CLT-12802,buyer
CLT-12803,seller
CLT-12804,buyer
CLT-12805,seller
CLT-12806,buyer
CLT-12807,seller
CLT-12808,seller
CLT-12809,buyer
CLT-12810,seller
CLT-12811,seller
CLT-12812,seller
CLT-12813,buyer
CLT-12814,seller
CLT-12815,seller
CLT-12816,buyer
CLT-12817,buyer
CLT-12818,seller
CLT-12819,seller
CLT-12820,seller
CLT-12821,buyer
CLT-12822,seller
CLT-12823,seller
CLT-12824,buyer
CLT-12825,seller
CLT-12826,seller
CLT-12827,seller
CLT-12828,seller
CLT-12829,buyer
CLT-12830,seller
CLT-12831,buyer
CLT-12832,seller
CLT-12833,buyer
CLT-12834,seller
CLT-12835,seller
CLT-12836,seller
CLT-12837,seller
CLT-12838,seller
CLT-12839,seller
CLT-12840,seller
CLT-12841,seller
CLT-12842,buyer
CLT-12843,buyer
CLT-12844,buyer
CLT-12845,seller
CLT-12846,seller
CLT-12847,buyer
CLT-12848,buyer
CLT-12849,seller
CLT-12850,seller
CLT-12851,buyer
CLT-12852,seller
CLT-12853,buyer
CLT-12854,buyer
CLT-12855,seller
CLT-12856,seller
CLT-12857,seller
CLT-12858,seller
CLT-12859,buyer
CLT-12860,buyer
CLT-12861,seller
CLT-12862,buyer
CLT-12863,buyer
CLT-12864,seller
CLT-12865,seller
CLT-12866,seller
CLT-12867,buyer
CLT-12868,seller
CLT-12869,seller
CLT-12870,seller
CLT-12871,buyer
CLT-12872,seller
CLT-12873,buyer
CLT-12874,seller
CLT-12875,seller
CLT-12876,buyer
CLT-12877,seller
CLT-12878,buyer
CLT-12879,seller
CLT-12880,seller
CLT-12881,seller
CLT-12882,buyer
CLT-12883,buyer
CLT-12884,buyer
CLT-12885,seller
CLT-12886,seller
CLT-12887,seller
CLT-12888,buyer
CLT-12889,seller
CLT-12890,seller
CLT-12891,seller
CLT-12892,buyer
CLT-12893,buyer
CLT-12894,buyer
CLT-12895,buyer
CLT-12896,seller
CLT-12897,seller
CLT-12898,buyer
CLT-12899,seller
CLT-12900,seller
CLT-12901,seller
CLT-12902,buyer
CLT-12903,buyer
CLT-12904,buyer
CLT-12905,buyer
CLT-12906,seller
CLT-12907,seller
CLT-12908,buyer
CLT-12909,buyer
CLT-12910,buyer
CLT-12911,seller
CLT-12912,seller
CLT-12913,buyer
CLT-12914,buyer
CLT-12915,seller
CLT-12916,buyer
CLT-12917,seller
CLT-12918,buyer
CLT-12919,buyer
CLT-12920,seller
CLT-12921,buyer
CLT-12922,seller
CLT-12923,buyer
CLT-12924,seller
CLT-12925,buyer
CLT-12926,seller
CLT-12927,seller
CLT-12928,seller
CLT-12929,seller
CLT-12930,buyer
CLT-12931,seller
CLT-12932,buyer
CLT-12933,buyer
CLT-12934,buyer
CLT-12935,seller
CLT-12936,seller
CLT-12937,seller
CLT-12938,seller
CLT-12939,buyer
CLT-12940,buyer
CLT-12941,seller
CLT-12942,buyer
CLT-12943,seller
CLT-12944,buyer
CLT-12945,seller
CLT-12946,seller
CLT-12947,seller
CLT-12948,buyer
CLT-12949,buyer
CLT-12950,seller
CLT-12951,buyer
CLT-12952,buyer
CLT-12953,buyer
CLT-12954,buyer
CLT-12955,buyer
CLT-12956,buyer
CLT-12957,buyer
CLT-12958,seller
CLT-12959,seller
CLT-12960,seller
CLT-12961,seller
CLT-12962,buyer
CLT-12963,seller
CLT-12964,buyer
CLT-12965,buyer
CLT-12966,seller
CLT-12967,buyer
CLT-12968,buyer
CLT-12969,buyer
CLT-12970,seller
CLT-12971,buyer
CLT-12972,seller
CLT-12973,seller
CLT-12974,buyer
CLT-12975,buyer
CLT-12976,seller
CLT-12977,buyer
CLT-12978,buyer
CLT-12979,buyer
CLT-12980,seller
CLT-12981,buyer
CLT-12982,seller
CLT-12983,seller
CLT-12984,buyer
CLT-12985,seller
CLT-12986,buyer
CLT-12987,buyer
CLT-12988,seller
CLT-12989,buyer
CLT-12990,buyer
CLT-12991,buyer
CLT-12992,buyer
CLT-12993,buyer
CLT-12994,buyer
CLT-12995,seller
CLT-12996,buyer
CLT-12997,seller
CLT-12998,buyer
CLT-12999,buyer
CLT-13000,seller
CLT-13001,buyer
CLT-13002,buyer
CLT-13003,buyer
CLT-13004,seller
CLT-13005,seller
CLT-13006,buyer
CLT-13007,buyer
CLT-13008,seller
CLT-13009,seller
CLT-13010,buyer
CLT-13011,seller
CLT-13012,seller
CLT-13013,buyer
CLT-13014,seller
CLT-13015,buyer
CLT-13016,buyer
CLT-13017,seller
CLT-13018,buyer
CLT-13019,seller
CLT-13020,buyer
CLT-13021,buyer
CLT-13022,seller
CLT-13023,seller
CLT-13024,buyer
CLT-13025,seller
CLT-13026,seller
CLT-13027,buyer
CLT-13028,seller
CLT-13029,seller
CLT-13030,buyer
CLT-13031,buyer
CLT-13032,seller
CLT-13033,buyer
CLT-13034,seller
CLT-13035,seller
CLT-13036,buyer
CLT-13037,seller
CLT-13038,seller
CLT-13039,buyer
CLT-13040,buyer
CLT-13041,seller
CLT-13042,buyer
CLT-13043,seller
CLT-13044,seller
CLT-13045,seller
CLT-13046,seller
CLT-13047,seller
CLT-13048,buyer
CLT-13049,seller
CLT-13050,buyer
CLT-13051,seller
CLT-13052,buyer
CLT-13053,buyer
CLT-13054,buyer
CLT-13055,buyer
CLT-13056,seller
CLT-13057,buyer
CLT-13058,buyer
CLT-13059,seller
CLT-13060,buyer
CLT-13061,buyer
CLT-13062,seller
CLT-13063,seller
CLT-13064,buyer
CLT-13065,buyer
CLT-13066,seller
CLT-13067,seller
CLT-13068,seller
CLT-13069,seller
CLT-13070,buyer
CLT-13071,buyer
CLT-13072,buyer
CLT-13073,buyer
CLT-13074,seller
CLT-13075,buyer
CLT-13076,buyer
CLT-13077,seller
CLT-13078,buyer
CLT-13079,buyer
CLT-13080,buyer
CLT-13081,buyer
CLT-13082,buyer
CLT-13083,buyer
CLT-13084,buyer
CLT-13085,seller
CLT-13086,buyer
CLT-13087,buyer
CLT-13088,buyer
CLT-13089,seller
CLT-13090,buyer
CLT-13091,seller
CLT-13092,buyer
CLT-13093,seller
CLT-13094,seller
CLT-13095,seller
CLT-13096,seller
CLT-13097,seller
CLT-13098,seller
CLT-13099,seller
CLT-13100,buyer
CLT-13101,seller
CLT-13102,seller
CLT-13103,buyer
CLT-13104,seller
CLT-13105,buyer
CLT-13106,seller
CLT-13107,seller
CLT-13108,seller
CLT-13109,seller
CLT-13110,buyer
CLT-13111,seller
CLT-13112,seller
CLT-13113,buyer
CLT-13114,seller
CLT-13115,buyer
CLT-13116,buyer
CLT-13117,seller
CLT-13118,buyer
CLT-13119,buyer
CLT-13120,seller
CLT-13121,buyer
CLT-13122,buyer
CLT-13123,seller
CLT-13124,buyer
CLT-13125,seller
CLT-13126,buyer
CLT-13127,buyer
CLT-13128,buyer
CLT-13129,buyer
CLT-13130,buyer
CLT-13131,buyer
CLT-13132,buyer
CLT-13133,seller
CLT-13134,buyer
CLT-13135,seller
CLT-13136,seller
CLT-13137,seller
CLT-13138,seller
CLT-13139,buyer
CLT-13140,seller
CLT-13141,seller
CLT-13142,seller
CLT-13143,buyer
CLT-13144,buyer
CLT-13145,seller
CLT-13146,buyer
CLT-13147,buyer
CLT-13148,seller
CLT-13149,buyer
CLT-13150,buyer
CLT-13151,seller
CLT-13152,buyer
CLT-13153,seller
CLT-13154,seller
CLT-13155,buyer
CLT-13156,buyer
CLT-13157,buyer
CLT-13158,buyer
CLT-13159,seller
CLT-13160,buyer
CLT-13161,seller
CLT-13162,seller
CLT-13163,buyer
CLT-13164,buyer
CLT-13165,seller
CLT-13166,seller
CLT-13167,buyer
CLT-13168,seller
CLT-13169,buyer
CLT-13170,buyer
CLT-13171,buyer
CLT-13172,seller
CLT-13173,seller
CLT-13174,buyer
CLT-13175,buyer
CLT-13176,seller
CLT-13177,seller
CLT-13178,seller
CLT-13179,buyer
CLT-13180,seller
CLT-13181,buyer
CLT-13182,seller
CLT-13183,seller
CLT-13184,seller
CLT-13185,seller
CLT-13186,buyer
CLT-13187,seller
CLT-13188,seller
CLT-13189,buyer
CLT-13190,seller
CLT-13191,seller
CLT-13192,buyer
CLT-13193,seller
CLT-13194,seller
CLT-13195,seller
CLT-13196,buyer
CLT-13197,seller
CLT-13198,seller
CLT-13199,buyer
CLT-13200,buyer
CLT-13201,seller
CLT-13202,buyer
CLT-13203,buyer
CLT-13204,buyer
CLT-13205,buyer
CLT-13206,seller
CLT-13207,buyer
CLT-13208,seller
CLT-13209,seller
CLT-13210,buyer
CLT-13211,seller
CLT-13212,buyer
CLT-13213,buyer
CLT-13214,buyer
CLT-13215,buyer
CLT-13216,buyer
CLT-13217,seller
CLT-13218,seller
CLT-13219,buyer
CLT-13220,seller
CLT-13221,buyer
CLT-13222,seller
CLT-13223,seller
CLT-13224,seller
CLT-13225,buyer
CLT-13226,buyer
CLT-13227,seller
CLT-13228,seller
CLT-13229,buyer
CLT-13230,buyer
CLT-13231,seller
CLT-13232,buyer
CLT-13233,buyer
CLT-13234,buyer
CLT-13235,seller
CLT-13236,buyer
CLT-13237,seller
CLT-13238,seller
CLT-13239,buyer
CLT-13240,seller
CLT-13241,buyer
CLT-13242,buyer
CLT-13243,seller
CLT-13244,seller
CLT-13245,seller
CLT-13246,buyer
CLT-13247,buyer
CLT-13248,buyer
CLT-13249,seller
CLT-13250,seller
CLT-13251,seller
CLT-13252,buyer
CLT-13253,buyer
CLT-13254,buyer
CLT-13255,buyer
CLT-13256,seller
CLT-13257,seller
CLT-13258,buyer
CLT-13259,buyer
CLT-13260,seller
CLT-13261,seller
CLT-13262,seller
CLT-13263,buyer
CLT-13264,seller
CLT-13265,seller
CLT-13266,seller
CLT-13267,buyer
CLT-13268,seller
CLT-13269,buyer
CLT-13270,seller
CLT-13271,seller
CLT-13272,seller
CLT-13273,buyer
CLT-13274,seller
CLT-13275,seller
CLT-13276,buyer
CLT-13277,buyer
CLT-13278,seller
CLT-13279,seller
CLT-13280,buyer
CLT-13281,seller
CLT-13282,seller
CLT-13283,seller
CLT-13284,seller
CLT-13285,buyer
CLT-13286,buyer
CLT-13287,seller
CLT-13288,seller
CLT-13289,seller
CLT-13290,buyer
CLT-13291,buyer
CLT-13292,seller
CLT-13293,buyer
CLT-13294,buyer
CLT-13295,seller
CLT-13296,seller
CLT-13297,seller
CLT-13298,buyer
CLT-13299,seller
CLT-13300,buyer
CLT-13301,buyer
CLT-13302,buyer
CLT-13303,buyer
CLT-13304,buyer
CLT-13305,seller
CLT-13306,buyer
CLT-13307,buyer
CLT-13308,buyer
CLT-13309,buyer
CLT-13310,buyer
CLT-13311,seller
CLT-13312,buyer
CLT-13313,buyer
CLT-13314,seller
CLT-13315,seller
CLT-13316,buyer
CLT-13317,buyer
CLT-13318,buyer
CLT-13319,buyer
CLT-13320,buyer
CLT-13321,buyer
CLT-13322,seller
CLT-13323,buyer
CLT-13324,buyer
CLT-13325,buyer
CLT-13326,buyer
CLT-13327,seller
CLT-13328,buyer
CLT-13329,buyer
CLT-13330,buyer
CLT-13331,buyer
CLT-13332,seller
CLT-13333,seller
CLT-13334,seller
CLT-13335,buyer
CLT-13336,buyer
CLT-13337,buyer
CLT-13338,seller
CLT-13339,seller
CLT-13340,seller
CLT-13341,seller
CLT-13342,seller
CLT-13343,buyer
CLT-13344,buyer
CLT-13345,buyer
CLT-13346,seller
CLT-13347,buyer
CLT-13348,seller
CLT-13349,buyer
CLT-13350,seller
CLT-13351,seller
CLT-13352,buyer
CLT-13353,seller
CLT-13354,buyer
CLT-13355,seller
CLT-13356,buyer
CLT-13357,seller
CLT-13358,buyer
CLT-13359,buyer
CLT-13360,buyer
CLT-13361,seller
CLT-13362,seller
CLT-13363,buyer
CLT-13364,seller
CLT-13365,seller
CLT-13366,seller
CLT-13367,buyer
CLT-13368,seller
CLT-13369,buyer
CLT-13370,seller
CLT-13371,buyer
CLT-13372,buyer
CLT-13373,seller
CLT-13374,buyer
CLT-13375,seller
CLT-13376,buyer
CLT-13377,seller
CLT-13378,buyer
CLT-13379,seller
CLT-13380,buyer
CLT-13381,buyer
CLT-13382,buyer
CLT-13383,seller
CLT-13384,buyer
CLT-13385,buyer
CLT-13386,seller
CLT-13387,seller
CLT-13388,buyer
CLT-13389,buyer
CLT-13390,seller
CLT-13391,seller
CLT-13392,buyer
CLT-13393,seller
CLT-13394,seller
CLT-13395,seller
CLT-13396,buyer
CLT-13397,seller
CLT-13398,seller
CLT-13399,seller
CLT-13400,seller
CLT-13401,seller
CLT-13402,seller
CLT-13403,buyer
CLT-13404,seller
CLT-13405,buyer
CLT-13406,seller
CLT-13407,buyer
CLT-13408,seller
CLT-13409,buyer
CLT-13410,seller
CLT-13411,buyer
CLT-13412,seller
CLT-13413,buyer
CLT-13414,seller
CLT-13415,buyer
CLT-13416,buyer
CLT-13417,buyer
CLT-13418,buyer
CLT-13419,seller
CLT-13420,seller
CLT-13421,seller
CLT-13422,seller
CLT-13423,buyer
CLT-13424,seller
CLT-13425,seller
CLT-13426,seller
CLT-13427,seller
CLT-13428,buyer
CLT-13429,seller
CLT-13430,buyer
CLT-13431,buyer
CLT-13432,buyer
CLT-13433,seller
CLT-13434,seller
CLT-13435,seller
CLT-13436,seller
CLT-13437,seller
CLT-13438,buyer
CLT-13439,seller
CLT-13440,seller
CLT-13441,buyer
CLT-13442,buyer
CLT-13443,seller
CLT-13444,buyer
CLT-13445,buyer
CLT-13446,seller
CLT-13447,seller
CLT-13448,buyer
CLT-13449,buyer
CLT-13450,seller
CLT-13451,buyer
CLT-13452,seller
CLT-13453,buyer
CLT-13454,seller
CLT-13455,buyer
CLT-13456,buyer
CLT-13457,seller
CLT-13458,seller
CLT-13459,seller
CLT-13460,seller
CLT-13461,buyer
CLT-13462,buyer
CLT-13463,buyer
CLT-13464,buyer
CLT-13465,seller
CLT-13466,seller
CLT-13467,seller
CLT-13468,seller
CLT-13469,buyer
CLT-13470,buyer
CLT-13471,seller
CLT-13472,buyer
CLT-13473,seller
CLT-13474,buyer
CLT-13475,buyer
CLT-13476,buyer
CLT-13477,buyer
CLT-13478,buyer
CLT-13479,buyer
CLT-13480,buyer
CLT-13481,buyer
CLT-13482,buyer
CLT-13483,buyer
CLT-13484,buyer
CLT-13485,buyer
CLT-13486,buyer
CLT-13487,seller
CLT-13488,seller
CLT-13489,seller
CLT-13490,buyer
CLT-13491,seller
CLT-13492,seller
CLT-13493,seller
CLT-13494,buyer
CLT-13495,seller
CLT-13496,seller
CLT-13497,buyer
CLT-13498,seller
CLT-13499,seller
CLT-13500,seller
CLT-13501,seller
CLT-13502,buyer
CLT-13503,seller
CLT-13504,buyer
CLT-13505,seller
CLT-13506,seller
CLT-13507,seller
CLT-13508,seller
CLT-13509,seller
CLT-13510,seller
CLT-13511,buyer
CLT-13512,seller
CLT-13513,buyer
CLT-13514,buyer
CLT-13515,seller
CLT-13516,buyer
CLT-13517,seller
CLT-13518,buyer
CLT-13519,buyer
CLT-13520,seller
CLT-13521,buyer
CLT-13522,buyer
CLT-13523,buyer
CLT-13524,buyer
CLT-13525,buyer
CLT-13526,seller
CLT-13527,seller
CLT-13528,buyer
CLT-13529,buyer
CLT-13530,seller
CLT-13531,seller
CLT-13532,buyer
CLT-13533,seller
CLT-13534,seller
CLT-13535,buyer
CLT-13536,buyer
CLT-13537,seller
CLT-13538,seller
CLT-13539,seller
CLT-13540,buyer
CLT-13541,buyer
CLT-13542,seller
CLT-13543,seller
CLT-13544,seller
CLT-13545,buyer
CLT-13546,seller
CLT-13547,seller
CLT-13548,buyer
CLT-13549,buyer
CLT-13550,seller
CLT-13551,buyer
CLT-13552,seller
CLT-13553,buyer
CLT-13554,seller
CLT-13555,buyer
CLT-13556,seller
CLT-13557,seller
CLT-13558,seller
CLT-13559,seller
CLT-13560,buyer
CLT-13561,seller
CLT-13562,seller
CLT-13563,buyer
CLT-13564,seller
CLT-13565,seller
CLT-13566,seller
CLT-13567,seller
CLT-13568,seller
CLT-13569,buyer
CLT-13570,buyer
CLT-13571,buyer
CLT-13572,buyer
CLT-13573,seller
CLT-13574,buyer
CLT-13575,buyer
CLT-13576,buyer
CLT-13577,buyer
CLT-13578,buyer
CLT-13579,buyer
CLT-13580,buyer
CLT-13581,seller
CLT-13582,buyer
CLT-13583,seller
CLT-13584,seller
CLT-13585,seller
CLT-13586,seller
CLT-13587,seller
CLT-13588,seller
CLT-13589,seller
CLT-13590,buyer
CLT-13591,buyer
CLT-13592,buyer
CLT-13593,buyer
CLT-13594,buyer
CLT-13595,buyer
CLT-13596,buyer
CLT-13597,seller
CLT-13598,seller
CLT-13599,buyer
CLT-13600,buyer
CLT-13601,seller
CLT-13602,seller
CLT-13603,seller
CLT-13604,buyer
CLT-13605,seller
CLT-13606,buyer
CLT-13607,buyer
CLT-13608,buyer
CLT-13609,buyer
CLT-13610,seller
CLT-13611,buyer
CLT-13612,buyer
CLT-13613,seller
CLT-13614,buyer
CLT-13615,buyer
CLT-13616,buyer
CLT-13617,seller
CLT-13618,buyer
CLT-13619,seller
CLT-13620,seller
CLT-13621,buyer
CLT-13622,buyer
CLT-13623,seller
CLT-13624,buyer
CLT-13625,buyer
CLT-13626,seller
CLT-13627,seller
CLT-13628,seller
CLT-13629,seller
CLT-13630,seller
CLT-13631,buyer
CLT-13632,seller
CLT-13633,seller
CLT-13634,buyer
CLT-13635,buyer
CLT-13636,buyer
CLT-13637,seller
CLT-13638,seller
CLT-13639,seller
CLT-13640,seller
CLT-13641,seller
CLT-13642,buyer
CLT-13643,buyer
CLT-13644,seller
CLT-13645,seller
CLT-13646,buyer
CLT-13647,buyer
CLT-13648,seller
CLT-13649,buyer
CLT-13650,seller
CLT-13651,buyer
CLT-13652,buyer
CLT-13653,seller
CLT-13654,buyer
CLT-13655,buyer
CLT-13656,buyer
CLT-13657,buyer
CLT-13658,buyer
CLT-13659,seller
CLT-13660,seller
CLT-13661,buyer
CLT-13662,buyer
CLT-13663,seller
CLT-13664,buyer
CLT-13665,buyer
CLT-13666,buyer
CLT-13667,seller
CLT-13668,seller
CLT-13669,buyer
CLT-13670,seller
CLT-13671,buyer
CLT-13672,buyer
CLT-13673,seller
CLT-13674,seller
CLT-13675,buyer
CLT-13676,seller
CLT-13677,buyer
CLT-13678,buyer
CLT-13679,seller
CLT-13680,buyer
CLT-13681,seller
CLT-13682,seller
CLT-13683,seller
CLT-13684,buyer
CLT-13685,buyer
CLT-13686,buyer
CLT-13687,seller
CLT-13688,buyer
CLT-13689,seller
CLT-13690,seller
CLT-13691,seller
CLT-13692,buyer
CLT-13693,seller
CLT-13694,seller
CLT-13695,seller
CLT-13696,seller
CLT-13697,seller
CLT-13698,seller
CLT-13699,seller
CLT-13700,seller
CLT-13701,seller
CLT-13702,buyer
CLT-13703,seller
CLT-13704,seller
CLT-13705,buyer
CLT-13706,seller
CLT-13707,seller
CLT-13708,seller
CLT-13709,seller
CLT-13710,buyer
CLT-13711,seller
CLT-13712,seller
CLT-13713,seller
CLT-13714,buyer
CLT-13715,buyer
CLT-13716,seller
CLT-13717,buyer
CLT-13718,seller
CLT-13719,buyer
CLT-13720,seller
CLT-13721,buyer
CLT-13722,buyer
CLT-13723,buyer
CLT-13724,seller
CLT-13725,seller
CLT-13726,buyer
CLT-13727,buyer
CLT-13728,seller
CLT-13729,buyer
CLT-13730,buyer
CLT-13731,buyer
CLT-13732,seller
CLT-13733,seller
CLT-13734,buyer
CLT-13735,seller
CLT-13736,buyer
CLT-13737,seller
CLT-13738,seller
CLT-13739,buyer
CLT-13740,buyer
CLT-13741,buyer
CLT-13742,buyer
CLT-13743,buyer
CLT-13744,buyer
CLT-13745,seller
CLT-13746,seller
CLT-13747,buyer
CLT-13748,buyer
CLT-13749,buyer
CLT-13750,seller
CLT-13751,buyer
CLT-13752,seller
CLT-13753,buyer
CLT-13754,seller
CLT-13755,seller
CLT-13756,seller
CLT-13757,buyer
CLT-13758,seller
CLT-13759,buyer
CLT-13760,buyer
CLT-13761,buyer
CLT-13762,seller
CLT-13763,seller
CLT-13764,seller
CLT-13765,seller
CLT-13766,buyer
CLT-13767,buyer
CLT-13768,buyer
CLT-13769,seller
CLT-13770,seller
CLT-13771,seller
CLT-13772,seller
CLT-13773,seller
CLT-13774,seller
CLT-13775,seller
CLT-13776,seller
CLT-13777,buyer
CLT-13778,seller
CLT-13779,seller
CLT-13780,seller
CLT-13781,seller
CLT-13782,buyer
CLT-13783,buyer
CLT-13784,seller
CLT-13785,buyer
CLT-13786,seller
CLT-13787,seller
CLT-13788,seller
CLT-13789,seller
CLT-13790,buyer
CLT-13791,buyer
CLT-13792,buyer
CLT-13793,buyer
CLT-13794,buyer
CLT-13795,seller
CLT-13796,buyer
CLT-13797,buyer
CLT-13798,buyer
CLT-13799,buyer
CLT-13800,buyer
CLT-13801,buyer
CLT-13802,buyer
CLT-13803,seller
CLT-13804,buyer
CLT-13805,buyer
CLT-13806,seller
CLT-13807,buyer
CLT-13808,buyer
CLT-13809,seller
CLT-13810,buyer
CLT-13811,buyer
CLT-13812,buyer
CLT-13813,buyer
CLT-13814,buyer
CLT-13815,buyer
CLT-13816,seller
CLT-13817,seller
CLT-13818,seller
CLT-13819,seller
CLT-13820,seller
CLT-13821,buyer
CLT-13822,seller
CLT-13823,buyer
CLT-13824,seller
CLT-13825,seller
CLT-13826,buyer
CLT-13827,seller
CLT-13828,seller
CLT-13829,buyer
CLT-13830,seller
CLT-13831,buyer
CLT-13832,buyer
CLT-13833,buyer
CLT-13834,buyer
CLT-13835,buyer
CLT-13836,seller
CLT-13837,seller
CLT-13838,buyer
CLT-13839,seller
CLT-13840,seller
CLT-13841,seller
CLT-13842,buyer
CLT-13843,buyer
CLT-13844,seller
CLT-13845,seller
CLT-13846,seller
CLT-13847,buyer
CLT-13848,buyer
CLT-13849,seller
CLT-13850,buyer
CLT-13851,seller
CLT-13852,buyer
CLT-13853,buyer
CLT-13854,buyer
CLT-13855,buyer
CLT-13856,buyer
CLT-13857,buyer
CLT-13858,buyer
CLT-13859,buyer
CLT-13860,buyer
CLT-13861,buyer
CLT-13862,seller
CLT-13863,seller
CLT-13864,seller
CLT-13865,buyer
CLT-13866,seller
CLT-13867,buyer
CLT-13868,buyer
CLT-13869,seller
CLT-13870,seller
CLT-13871,buyer
CLT-13872,buyer
CLT-13873,buyer
CLT-13874,buyer
CLT-13875,seller
CLT-13876,seller
CLT-13877,buyer
CLT-13878,buyer
CLT-13879,seller
CLT-13880,buyer
CLT-13881,buyer
CLT-13882,buyer
CLT-13883,buyer
CLT-13884,buyer
CLT-13885,seller
CLT-13886,buyer
CLT-13887,seller
CLT-13888,seller
CLT-13889,buyer
CLT-13890,seller
CLT-13891,seller
CLT-13892,buyer
CLT-13893,buyer
CLT-13894,buyer
CLT-13895,buyer
CLT-13896,buyer
CLT-13897,buyer
CLT-13898,seller
CLT-13899,buyer
CLT-13900,seller
CLT-13901,buyer
CLT-13902,seller
CLT-13903,buyer
CLT-13904,seller
CLT-13905,buyer
CLT-13906,buyer
CLT-13907,seller
CLT-13908,seller
CLT-13909,buyer
CLT-13910,buyer
CLT-13911,buyer
CLT-13912,seller
CLT-13913,seller
CLT-13914,seller
CLT-13915,buyer
CLT-13916,buyer
CLT-13917,buyer
CLT-13918,buyer
CLT-13919,seller
CLT-13920,seller
CLT-13921,seller
CLT-13922,buyer
CLT-13923,buyer
CLT-13924,seller
CLT-13925,seller
CLT-13926,buyer
CLT-13927,seller
CLT-13928,buyer
CLT-13929,buyer
CLT-13930,seller
CLT-13931,seller
CLT-13932,seller
CLT-13933,buyer
CLT-13934,buyer
CLT-13935,buyer
CLT-13936,buyer
CLT-13937,buyer
CLT-13938,seller
CLT-13939,seller
CLT-13940,buyer
CLT-13941,seller
CLT-13942,seller
CLT-13943,seller
CLT-13944,seller
CLT-13945,seller
CLT-13946,buyer
CLT-13947,seller
CLT-13948,buyer
CLT-13949,buyer
CLT-13950,buyer
CLT-13951,buyer
CLT-13952,seller
CLT-13953,buyer
CLT-13954,buyer
CLT-13955,seller
CLT-13956,buyer
CLT-13957,buyer
CLT-13958,buyer
CLT-13959,seller
CLT-13960,buyer
CLT-13961,seller
CLT-13962,buyer
CLT-13963,buyer
CLT-13964,seller
CLT-13965,buyer
CLT-13966,buyer
CLT-13967,seller
CLT-13968,seller
CLT-13969,seller
CLT-13970,buyer
CLT-13971,buyer
CLT-13972,seller
CLT-13973,seller
CLT-13974,buyer
CLT-13975,buyer
CLT-13976,seller
CLT-13977,buyer
CLT-13978,seller
CLT-13979,seller
CLT-13980,buyer
CLT-13981,buyer
CLT-13982,seller
CLT-13983,seller
CLT-13984,seller
CLT-13985,seller
CLT-13986,seller
CLT-13987,buyer
CLT-13988,buyer
CLT-13989,seller
CLT-13990,buyer
CLT-13991,seller
CLT-13992,buyer
CLT-13993,seller
CLT-13994,seller
CLT-13995,buyer
CLT-13996,buyer
CLT-13997,seller
CLT-13998,seller
CLT-13999,buyer
CLT-14000,buyer
CLT-14001,seller
CLT-14002,buyer
CLT-14003,seller
CLT-14004,seller
CLT-14005,buyer
CLT-14006,buyer
CLT-14007,seller
CLT-14008,buyer
CLT-14009,seller
CLT-14010,seller
CLT-14011,buyer
CLT-14012,seller
CLT-14013,seller
CLT-14014,seller
CLT-14015,buyer
CLT-14016,buyer
CLT-14017,buyer
CLT-14018,seller
CLT-14019,seller
CLT-14020,seller
CLT-14021,seller
CLT-14022,seller
CLT-14023,seller
CLT-14024,seller
CLT-14025,buyer
CLT-14026,buyer
CLT-14027,seller
CLT-14028,seller
CLT-14029,buyer
CLT-14030,seller
CLT-14031,buyer
CLT-14032,buyer
CLT-14033,seller
CLT-14034,buyer
CLT-14035,seller
CLT-14036,buyer
CLT-14037,buyer
CLT-14038,buyer
CLT-14039,seller
CLT-14040,seller
CLT-14041,buyer
CLT-14042,seller
CLT-14043,seller
CLT-14044,buyer
CLT-14045,buyer
CLT-14046,buyer
CLT-14047,buyer
CLT-14048,seller
CLT-14049,seller
CLT-14050,buyer
CLT-14051,buyer
CLT-14052,buyer
CLT-14053,buyer
CLT-14054,seller
CLT-14055,buyer
CLT-14056,seller
CLT-14057,seller
CLT-14058,seller
CLT-14059,buyer
CLT-14060,seller
CLT-14061,seller
CLT-14062,seller
CLT-14063,seller
CLT-14064,seller
CLT-14065,buyer
CLT-14066,seller
CLT-14067,buyer
CLT-14068,buyer
CLT-14069,seller
CLT-14070,buyer
CLT-14071,seller
CLT-14072,buyer
CLT-14073,seller
CLT-14074,buyer
CLT-14075,buyer
CLT-14076,buyer
CLT-14077,seller
CLT-14078,seller
CLT-14079,seller
CLT-14080,seller
CLT-14081,seller
CLT-14082,buyer
CLT-14083,seller
CLT-14084,seller
CLT-14085,buyer
CLT-14086,seller
CLT-14087,seller
CLT-14088,buyer
CLT-14089,seller
CLT-14090,buyer
CLT-14091,seller
CLT-14092,seller
CLT-14093,buyer
CLT-14094,seller
CLT-14095,seller
CLT-14096,seller
CLT-14097,seller
CLT-14098,buyer
CLT-14099,seller
CLT-14100,buyer
CLT-14101,seller
CLT-14102,seller
CLT-14103,buyer
CLT-14104,buyer
CLT-14105,buyer
CLT-14106,seller
CLT-14107,seller
CLT-14108,seller
CLT-14109,seller
CLT-14110,buyer
CLT-14111,buyer
CLT-14112,buyer
CLT-14113,buyer
CLT-14114,buyer
CLT-14115,buyer
CLT-14116,seller
CLT-14117,buyer
CLT-14118,buyer
CLT-14119,buyer
CLT-14120,buyer
CLT-14121,seller
CLT-14122,buyer
CLT-14123,buyer
CLT-14124,seller
CLT-14125,seller
CLT-14126,buyer
CLT-14127,seller
CLT-14128,seller
CLT-14129,buyer
CLT-14130,buyer
CLT-14131,seller
CLT-14132,buyer
CLT-14133,seller
CLT-14134,seller
CLT-14135,buyer
CLT-14136,seller
CLT-14137,buyer
CLT-14138,seller
CLT-14139,buyer
CLT-14140,seller
CLT-14141,seller
CLT-14142,buyer
CLT-14143,seller
CLT-14144,seller
CLT-14145,seller
CLT-14146,buyer
CLT-14147,buyer
CLT-14148,buyer
CLT-14149,seller
CLT-14150,buyer
CLT-14151,buyer
CLT-14152,seller
CLT-14153,buyer
CLT-14154,buyer
CLT-14155,buyer
CLT-14156,buyer
CLT-14157,buyer
CLT-14158,seller
CLT-14159,seller
CLT-14160,seller
CLT-14161,buyer
CLT-14162,buyer
CLT-14163,buyer
CLT-14164,buyer
CLT-14165,buyer
CLT-14166,seller
CLT-14167,seller
CLT-14168,buyer
CLT-14169,seller
CLT-14170,buyer
CLT-14171,seller
CLT-14172,seller
CLT-14173,seller
CLT-14174,buyer
CLT-14175,seller
CLT-14176,seller
CLT-14177,seller
CLT-14178,buyer
CLT-14179,seller
CLT-14180,buyer
CLT-14181,seller
CLT-14182,seller
CLT-14183,buyer
CLT-14184,buyer
CLT-14185,seller
CLT-14186,buyer
CLT-14187,buyer
CLT-14188,seller
CLT-14189,buyer
CLT-14190,buyer
CLT-14191,seller
CLT-14192,buyer
CLT-14193,buyer
CLT-14194,buyer
CLT-14195,seller
CLT-14196,seller
CLT-14197,buyer
CLT-14198,buyer
CLT-14199,buyer
CLT-14200,seller
CLT-14201,seller
CLT-14202,buyer
CLT-14203,buyer
CLT-14204,buyer
CLT-14205,seller
CLT-14206,seller
CLT-14207,seller
CLT-14208,seller
CLT-14209,buyer
CLT-14210,seller
CLT-14211,buyer
CLT-14212,buyer
CLT-14213,seller
CLT-14214,buyer
CLT-14215,buyer
CLT-14216,buyer
CLT-14217,buyer
CLT-14218,buyer
CLT-14219,buyer
CLT-14220,buyer
CLT-14221,seller
CLT-14222,buyer
CLT-14223,seller
CLT-14224,buyer
CLT-14225,buyer
CLT-14226,buyer
CLT-14227,buyer
CLT-14228,seller
CLT-14229,buyer
CLT-14230,seller
CLT-14231,seller
CLT-14232,seller
CLT-14233,buyer
CLT-14234,seller
CLT-14235,seller
CLT-14236,seller
CLT-14237,buyer
CLT-14238,buyer
CLT-14239,seller
CLT-14240,buyer
CLT-14241,seller
CLT-14242,seller
CLT-14243,buyer
CLT-14244,seller
CLT-14245,buyer
CLT-14246,seller
CLT-14247,buyer
CLT-14248,buyer
CLT-14249,seller
CLT-14250,seller
CLT-14251,buyer
CLT-14252,seller
CLT-14253,seller
CLT-14254,seller
CLT-14255,buyer
CLT-14256,buyer
CLT-14257,seller
CLT-14258,buyer
CLT-14259,seller
CLT-14260,seller
CLT-14261,buyer
CLT-14262,seller
CLT-14263,buyer
CLT-14264,seller
CLT-14265,buyer
CLT-14266,buyer
CLT-14267,buyer
CLT-14268,buyer
CLT-14269,seller
CLT-14270,seller
CLT-14271,seller
CLT-14272,buyer
CLT-14273,seller
CLT-14274,buyer
CLT-14275,buyer
CLT-14276,buyer
CLT-14277,buyer
CLT-14278,seller
CLT-14279,seller
CLT-14280,buyer
CLT-14281,buyer
CLT-14282,buyer
CLT-14283,seller
CLT-14284,buyer
CLT-14285,buyer
CLT-14286,buyer
CLT-14287,seller
CLT-14288,buyer
CLT-14289,seller
CLT-14290,seller
CLT-14291,buyer
CLT-14292,seller
CLT-14293,buyer
CLT-14294,seller
CLT-14295,buyer
CLT-14296,seller
CLT-14297,buyer
CLT-14298,buyer
CLT-14299,buyer
CLT-14300,buyer
CLT-14301,seller
CLT-14302,buyer
CLT-14303,buyer
CLT-14304,seller
CLT-14305,seller
CLT-14306,buyer
CLT-14307,buyer
CLT-14308,seller
CLT-14309,seller
CLT-14310,buyer
CLT-14311,seller
CLT-14312,buyer
CLT-14313,seller
CLT-14314,seller
CLT-14315,seller
CLT-14316,buyer
CLT-14317,seller
CLT-14318,buyer
CLT-14319,seller
CLT-14320,buyer
CLT-14321,buyer
CLT-14322,buyer
CLT-14323,seller
CLT-14324,seller
CLT-14325,seller
CLT-14326,buyer
CLT-14327,seller
CLT-14328,buyer
CLT-14329,seller
CLT-14330,seller
CLT-14331,seller
CLT-14332,buyer
CLT-14333,seller
CLT-14334,buyer
CLT-14335,buyer
CLT-14336,seller
CLT-14337,seller
CLT-14338,buyer
CLT-14339,seller
CLT-14340,seller
CLT-14341,seller
CLT-14342,seller
CLT-14343,seller
CLT-14344,buyer
CLT-14345,seller
CLT-14346,buyer
CLT-14347,buyer
CLT-14348,seller
CLT-14349,buyer
CLT-14350,buyer
CLT-14351,buyer
CLT-14352,buyer
CLT-14353,buyer
CLT-14354,buyer
CLT-14355,buyer
CLT-14356,seller
CLT-14357,seller
CLT-14358,buyer
CLT-14359,seller
CLT-14360,buyer
CLT-14361,seller
CLT-14362,seller
CLT-14363,buyer
CLT-14364,buyer
CLT-14365,buyer
CLT-14366,buyer
CLT-14367,buyer
CLT-14368,seller
CLT-14369,seller
CLT-14370,buyer
CLT-14371,buyer
CLT-14372,seller
CLT-14373,buyer
CLT-14374,seller
CLT-14375,seller
CLT-14376,seller
CLT-14377,seller
CLT-14378,buyer
CLT-14379,seller
CLT-14380,seller
CLT-14381,seller
CLT-14382,seller
CLT-14383,seller
CLT-14384,seller
CLT-14385,seller
CLT-14386,seller
CLT-14387,buyer
CLT-14388,seller
CLT-14389,buyer
CLT-14390,buyer
CLT-14391,buyer
CLT-14392,seller
CLT-14393,seller
CLT-14394,seller
CLT-14395,buyer
CLT-14396,buyer
CLT-14397,buyer
CLT-14398,buyer
CLT-14399,seller
CLT-14400,seller
CLT-14401,buyer
CLT-14402,seller
CLT-14403,buyer
CLT-14404,buyer
CLT-14405,buyer
CLT-14406,seller
CLT-14407,seller
CLT-14408,seller
CLT-14409,buyer
CLT-14410,buyer
CLT-14411,buyer
CLT-14412,seller
CLT-14413,seller
CLT-14414,seller
CLT-14415,seller
CLT-14416,buyer
CLT-14417,seller
CLT-14418,buyer
CLT-14419,seller
CLT-14420,seller
CLT-14421,buyer
CLT-14422,buyer
CLT-14423,seller
CLT-14424,seller
CLT-14425,seller
CLT-14426,seller
CLT-14427,seller
CLT-14428,buyer
CLT-14429,buyer
CLT-14430,buyer
CLT-14431,buyer
CLT-14432,buyer
CLT-14433,seller
CLT-14434,seller
CLT-14435,buyer
CLT-14436,buyer
CLT-14437,buyer
CLT-14438,buyer
CLT-14439,seller
CLT-14440,seller
CLT-14441,seller
CLT-14442,seller
CLT-14443,seller
CLT-14444,buyer
CLT-14445,seller
CLT-14446,buyer
CLT-14447,seller
CLT-14448,buyer
CLT-14449,buyer
CLT-14450,buyer
CLT-14451,buyer
CLT-14452,seller
CLT-14453,seller
CLT-14454,seller
CLT-14455,seller
CLT-14456,buyer
CLT-14457,buyer
CLT-14458,seller
CLT-14459,buyer
CLT-14460,seller
CLT-14461,buyer
CLT-14462,buyer
CLT-14463,buyer
CLT-14464,seller
CLT-14465,buyer
CLT-14466,seller
CLT-14467,seller
CLT-14468,seller
CLT-14469,buyer
CLT-14470,buyer
CLT-14471,buyer
CLT-14472,seller
CLT-14473,seller
CLT-14474,seller
CLT-14475,buyer
CLT-14476,buyer
CLT-14477,buyer
CLT-14478,seller
CLT-14479,buyer
CLT-14480,seller
CLT-14481,buyer
CLT-14482,seller
CLT-14483,seller
CLT-14484,seller
CLT-14485,seller
CLT-14486,buyer
CLT-14487,seller
CLT-14488,buyer
CLT-14489,buyer
CLT-14490,seller
CLT-14491,buyer
CLT-14492,buyer
CLT-14493,buyer
CLT-14494,seller
CLT-14495,buyer
CLT-14496,seller
CLT-14497,buyer
CLT-14498,buyer
CLT-14499,seller
CLT-14500,seller
CLT-14501,seller
CLT-14502,seller
CLT-14503,seller
CLT-14504,buyer
CLT-14505,buyer
CLT-14506,buyer
CLT-14507,seller
CLT-14508,buyer
CLT-14509,buyer
CLT-14510,buyer
CLT-14511,seller
CLT-14512,buyer
CLT-14513,buyer
CLT-14514,buyer
CLT-14515,buyer
CLT-14516,buyer
CLT-14517,seller
CLT-14518,buyer
CLT-14519,seller
CLT-14520,seller
CLT-14521,buyer
CLT-14522,buyer
CLT-14523,buyer
CLT-14524,buyer
CLT-14525,buyer
CLT-14526,seller
CLT-14527,seller
CLT-14528,seller
CLT-14529,buyer
CLT-14530,buyer
CLT-14531,seller
CLT-14532,buyer
CLT-14533,buyer
CLT-14534,seller
CLT-14535,buyer
CLT-14536,buyer
CLT-14537,buyer
CLT-14538,seller
CLT-14539,seller
CLT-14540,buyer
CLT-14541,buyer
CLT-14542,seller
CLT-14543,buyer
CLT-14544,buyer
CLT-14545,seller
CLT-14546,buyer
CLT-14547,buyer
CLT-14548,buyer
CLT-14549,seller
CLT-14550,seller
CLT-14551,seller
CLT-14552,seller
CLT-14553,buyer
CLT-14554,seller
CLT-14555,buyer
CLT-14556,seller
CLT-14557,seller
CLT-14558,buyer
CLT-14559,seller
CLT-14560,seller
CLT-14561,buyer
CLT-14562,seller
CLT-14563,buyer
CLT-14564,buyer
CLT-14565,buyer
CLT-14566,seller
CLT-14567,seller
CLT-14568,seller
CLT-14569,seller
CLT-14570,buyer
CLT-14571,seller
CLT-14572,seller
CLT-14573,seller
CLT-14574,seller
CLT-14575,buyer
CLT-14576,seller
CLT-14577,seller
CLT-14578,buyer
CLT-14579,buyer
CLT-14580,buyer
CLT-14581,buyer
CLT-14582,seller
CLT-14583,buyer
CLT-14584,seller
CLT-14585,seller
CLT-14586,buyer
CLT-14587,seller
CLT-14588,seller
CLT-14589,buyer
CLT-14590,seller
CLT-14591,seller
CLT-14592,buyer
CLT-14593,buyer
CLT-14594,buyer
CLT-14595,buyer
CLT-14596,seller
CLT-14597,buyer
CLT-14598,seller
CLT-14599,seller
CLT-14600,seller
CLT-14601,seller
CLT-14602,buyer
CLT-14603,buyer
CLT-14604,buyer
CLT-14605,buyer
CLT-14606,buyer
CLT-14607,buyer
CLT-14608,seller
CLT-14609,buyer
CLT-14610,buyer
CLT-14611,buyer
CLT-14612,seller
CLT-14613,buyer
CLT-14614,buyer
CLT-14615,seller
CLT-14616,seller
CLT-14617,buyer
CLT-14618,buyer
CLT-14619,buyer
CLT-14620,seller
CLT-14621,seller
CLT-14622,buyer
CLT-14623,buyer
CLT-14624,seller
CLT-14625,buyer
CLT-14626,seller
CLT-14627,seller
CLT-14628,seller
CLT-14629,seller
CLT-14630,seller
CLT-14631,buyer
CLT-14632,buyer
CLT-14633,buyer
CLT-14634,buyer
CLT-14635,seller
CLT-14636,seller
CLT-14637,buyer
CLT-14638,seller
CLT-14639,buyer
CLT-14640,seller
CLT-14641,buyer
CLT-14642,buyer
CLT-14643,seller
CLT-14644,buyer
CLT-14645,seller
CLT-14646,buyer
CLT-14647,seller
CLT-14648,seller
CLT-14649,seller
CLT-14650,seller
CLT-14651,buyer
CLT-14652,buyer
CLT-14653,seller
CLT-14654,seller
CLT-14655,buyer
CLT-14656,buyer
CLT-14657,buyer
CLT-14658,seller
CLT-14659,buyer
CLT-14660,seller
CLT-14661,seller
CLT-14662,buyer
CLT-14663,buyer
CLT-14664,seller
CLT-14665,seller
CLT-14666,buyer
CLT-14667,buyer
CLT-14668,seller
CLT-14669,seller
CLT-14670,buyer
CLT-14671,seller
CLT-14672,buyer
CLT-14673,buyer
CLT-14674,buyer
CLT-14675,buyer
CLT-14676,buyer
CLT-14677,seller
CLT-14678,seller
CLT-14679,seller
CLT-14680,seller
CLT-14681,seller
CLT-14682,seller
CLT-14683,seller
CLT-14684,seller
CLT-14685,seller
CLT-14686,seller
CLT-14687,seller
CLT-14688,buyer
CLT-14689,buyer
CLT-14690,seller
CLT-14691,seller
CLT-14692,seller
CLT-14693,buyer
CLT-14694,buyer
CLT-14695,buyer
CLT-14696,seller
CLT-14697,seller
CLT-14698,buyer
CLT-14699,buyer
CLT-14700,seller
CLT-14701,buyer
CLT-14702,buyer
CLT-14703,seller
CLT-14704,buyer
CLT-14705,seller
CLT-14706,buyer
CLT-14707,buyer
CLT-14708,seller
CLT-14709,buyer
CLT-14710,buyer
CLT-14711,seller
CLT-14712,seller
CLT-14713,buyer
CLT-14714,buyer
CLT-14715,seller
CLT-14716,seller
CLT-14717,seller
CLT-14718,buyer
CLT-14719,seller
CLT-14720,buyer
CLT-14721,seller
CLT-14722,buyer
CLT-14723,seller
CLT-14724,buyer
CLT-14725,seller
CLT-14726,seller
CLT-14727,buyer
CLT-14728,buyer
CLT-14729,buyer
CLT-14730,buyer
CLT-14731,buyer
CLT-14732,buyer
CLT-14733,buyer
CLT-14734,buyer
CLT-14735,seller
CLT-14736,seller
CLT-14737,seller
CLT-14738,seller
CLT-14739,buyer
CLT-14740,seller
CLT-14741,buyer
CLT-14742,seller
CLT-14743,buyer
CLT-14744,seller
CLT-14745,buyer
CLT-14746,buyer
CLT-14747,seller
CLT-14748,buyer
CLT-14749,seller
CLT-14750,seller
CLT-14751,seller
CLT-14752,buyer
CLT-14753,seller
CLT-14754,seller
CLT-14755,seller
CLT-14756,buyer
CLT-14757,seller
CLT-14758,seller
CLT-14759,buyer
CLT-14760,buyer
CLT-14761,seller
CLT-14762,buyer
CLT-14763,seller
CLT-14764,seller
CLT-14765,buyer
CLT-14766,buyer
CLT-14767,buyer
CLT-14768,seller
CLT-14769,buyer
CLT-14770,buyer
CLT-14771,seller
CLT-14772,seller
CLT-14773,buyer
CLT-14774,buyer
CLT-14775,buyer
CLT-14776,seller
CLT-14777,buyer
CLT-14778,seller
CLT-14779,buyer
CLT-14780,seller
CLT-14781,buyer
CLT-14782,seller
CLT-14783,seller
CLT-14784,buyer
CLT-14785,buyer
CLT-14786,buyer
CLT-14787,seller
CLT-14788,buyer
CLT-14789,buyer
CLT-14790,seller
CLT-14791,buyer
CLT-14792,buyer
CLT-14793,buyer
CLT-14794,seller
CLT-14795,seller
CLT-14796,seller
CLT-14797,buyer
CLT-14798,buyer
CLT-14799,buyer
CLT-14800,seller
CLT-14801,seller
CLT-14802,buyer
CLT-14803,seller
CLT-14804,seller
CLT-14805,buyer
CLT-14806,seller
CLT-14807,seller
CLT-14808,buyer
CLT-14809,buyer
CLT-14810,seller
CLT-14811,buyer
CLT-14812,buyer
CLT-14813,seller
CLT-14814,buyer
CLT-14815,buyer
CLT-14816,seller
CLT-14817,buyer
CLT-14818,buyer
CLT-14819,buyer
CLT-14820,seller
CLT-14821,seller
CLT-14822,buyer
CLT-14823,buyer
CLT-14824,seller
CLT-14825,seller
CLT-14826,seller
CLT-14827,buyer
CLT-14828,buyer
CLT-14829,buyer
CLT-14830,seller
CLT-14831,buyer
CLT-14832,buyer
CLT-14833,seller
CLT-14834,buyer
CLT-14835,buyer
CLT-14836,seller
CLT-14837,buyer
CLT-14838,seller
CLT-14839,seller
CLT-14840,buyer
CLT-14841,seller
CLT-14842,buyer
CLT-14843,seller
CLT-14844,seller
CLT-14845,buyer
CLT-14846,buyer
CLT-14847,seller
CLT-14848,buyer
CLT-14849,buyer
CLT-14850,buyer
CLT-14851,seller
CLT-14852,buyer
CLT-14853,seller
CLT-14854,seller
CLT-14855,seller
CLT-14856,seller
CLT-14857,buyer
CLT-14858,buyer
CLT-14859,buyer
CLT-14860,buyer
CLT-14861,buyer
CLT-14862,seller
CLT-14863,buyer
CLT-14864,seller
CLT-14865,buyer
CLT-14866,buyer
CLT-14867,seller
CLT-14868,buyer
CLT-14869,buyer
CLT-14870,buyer
CLT-14871,buyer
CLT-14872,seller
CLT-14873,buyer
CLT-14874,buyer
CLT-14875,buyer
CLT-14876,seller
CLT-14877,seller
CLT-14878,seller
CLT-14879,seller
CLT-14880,seller
CLT-14881,seller
CLT-14882,seller
CLT-14883,buyer
CLT-14884,seller
CLT-14885,buyer
CLT-14886,seller
CLT-14887,seller
CLT-14888,buyer
CLT-14889,buyer
CLT-14890,buyer
CLT-14891,seller
CLT-14892,seller
CLT-14893,seller
CLT-14894,buyer
CLT-14895,buyer
CLT-14896,buyer
CLT-14897,buyer
CLT-14898,seller
CLT-14899,buyer
CLT-14900,buyer
CLT-14901,seller
CLT-14902,buyer
CLT-14903,seller
CLT-14904,buyer
CLT-14905,seller
CLT-14906,buyer
CLT-14907,seller
CLT-14908,seller
CLT-14909,seller
CLT-14910,buyer
CLT-14911,buyer
CLT-14912,buyer
CLT-14913,buyer
CLT-14914,seller
CLT-14915,buyer
CLT-14916,buyer
CLT-14917,buyer
CLT-14918,seller
CLT-14919,seller
CLT-14920,seller
CLT-14921,seller
CLT-14922,seller
CLT-14923,buyer
CLT-14924,buyer
CLT-14925,buyer
CLT-14926,buyer
CLT-14927,buyer
CLT-14928,seller
CLT-14929,seller
CLT-14930,seller
CLT-14931,seller
CLT-14932,buyer
CLT-14933,buyer
CLT-14934,buyer
CLT-14935,buyer
CLT-14936,buyer
CLT-14937,buyer
CLT-14938,buyer
CLT-14939,buyer
CLT-14940,seller
CLT-14941,seller
CLT-14942,buyer
CLT-14943,seller
CLT-14944,seller
CLT-14945,buyer
CLT-14946,seller
CLT-14947,seller
CLT-14948,buyer
CLT-14949,buyer
CLT-14950,buyer
CLT-14951,buyer
CLT-14952,buyer
CLT-14953,seller
CLT-14954,buyer
CLT-14955,buyer
CLT-14956,buyer
CLT-14957,buyer
CLT-14958,buyer
CLT-14959,seller
CLT-14960,buyer
CLT-14961,buyer
CLT-14962,seller
CLT-14963,seller
CLT-14964,buyer
CLT-14965,seller
CLT-14966,seller
CLT-14967,seller
CLT-14968,buyer
CLT-14969,seller
CLT-14970,buyer
CLT-14971,buyer
CLT-14972,buyer
CLT-14973,buyer
CLT-14974,buyer
CLT-14975,buyer
CLT-14976,seller
CLT-14977,buyer
CLT-14978,buyer
CLT-14979,seller
CLT-14980,seller
CLT-14981,seller
CLT-14982,buyer
CLT-14983,buyer
CLT-14984,buyer
CLT-14985,seller
CLT-14986,seller
CLT-14987,buyer
CLT-14988,seller
CLT-14989,seller
CLT-14990,buyer
CLT-14991,seller
CLT-14992,buyer
CLT-14993,buyer
CLT-14994,buyer
CLT-14995,buyer
CLT-14996,seller
CLT-14997,seller
CLT-14998,buyer
CLT-14999,buyer
CLT-15000,buyer
CLT-15001,buyer
CLT-15002,seller
CLT-15003,buyer
CLT-15004,buyer
CLT-15005,seller
CLT-15006,seller
CLT-15007,seller
CLT-15008,seller
CLT-15009,seller
CLT-15010,seller
CLT-15011,seller
CLT-15012,seller
CLT-15013,buyer
CLT-15014,buyer
CLT-15015,buyer
CLT-15016,buyer
CLT-15017,seller
CLT-15018,seller
CLT-15019,seller
CLT-15020,buyer
CLT-15021,seller
CLT-15022,buyer
CLT-15023,buyer
CLT-15024,buyer
CLT-15025,buyer
CLT-15026,buyer
CLT-15027,buyer
CLT-15028,seller
CLT-15029,buyer
CLT-15030,buyer
CLT-15031,seller
CLT-15032,seller
CLT-15033,buyer
CLT-15034,seller
CLT-15035,seller
CLT-15036,buyer
CLT-15037,seller
CLT-15038,seller
CLT-15039,seller
CLT-15040,buyer
CLT-15041,buyer
CLT-15042,seller
CLT-15043,buyer
CLT-15044,buyer
CLT-15045,seller
CLT-15046,seller
CLT-15047,buyer
CLT-15048,seller
CLT-15049,buyer
CLT-15050,buyer
CLT-15051,seller
CLT-15052,seller
CLT-15053,buyer
CLT-15054,buyer
CLT-15055,buyer
CLT-15056,seller
CLT-15057,buyer
CLT-15058,buyer
CLT-15059,buyer
CLT-15060,buyer
CLT-15061,seller
CLT-15062,buyer
CLT-15063,buyer
CLT-15064,buyer
CLT-15065,seller
CLT-15066,buyer
CLT-15067,buyer
CLT-15068,buyer
CLT-15069,buyer
CLT-15070,buyer
CLT-15071,buyer
CLT-15072,seller
CLT-15073,buyer
CLT-15074,seller
CLT-15075,seller
CLT-15076,buyer
CLT-15077,buyer
CLT-15078,buyer
CLT-15079,seller
CLT-15080,seller
CLT-15081,seller
CLT-15082,seller
CLT-15083,buyer
CLT-15084,seller
CLT-15085,buyer
CLT-15086,seller
CLT-15087,seller
CLT-15088,seller
CLT-15089,buyer
CLT-15090,seller
CLT-15091,buyer
CLT-15092,buyer
CLT-15093,buyer
CLT-15094,buyer
CLT-15095,buyer
CLT-15096,buyer
CLT-15097,seller
CLT-15098,buyer
CLT-15099,buyer
CLT-15100,buyer
CLT-15101,seller
CLT-15102,seller
CLT-15103,seller
CLT-15104,buyer
CLT-15105,seller
CLT-15106,seller
CLT-15107,buyer
CLT-15108,seller
CLT-15109,buyer
CLT-15110,seller
CLT-15111,buyer
CLT-15112,buyer
CLT-15113,buyer
CLT-15114,buyer
CLT-15115,seller
CLT-15116,seller
CLT-15117,buyer
CLT-15118,seller
CLT-15119,buyer
CLT-15120,buyer
CLT-15121,buyer
CLT-15122,seller
CLT-15123,buyer
CLT-15124,buyer
CLT-15125,seller
CLT-15126,seller
CLT-15127,buyer
CLT-15128,seller
CLT-15129,buyer
CLT-15130,seller
CLT-15131,buyer
CLT-15132,buyer
CLT-15133,buyer
CLT-15134,buyer
CLT-15135,seller
CLT-15136,seller
CLT-15137,buyer
CLT-15138,seller
CLT-15139,buyer
CLT-15140,seller
CLT-15141,seller
CLT-15142,seller
CLT-15143,buyer
CLT-15144,seller
CLT-15145,buyer
CLT-15146,seller
CLT-15147,buyer
CLT-15148,buyer
CLT-15149,seller
CLT-15150,buyer
CLT-15151,seller
CLT-15152,buyer
CLT-15153,buyer
CLT-15154,buyer
CLT-15155,buyer
CLT-15156,seller
CLT-15157,seller
CLT-15158,seller
CLT-15159,seller
CLT-15160,buyer
CLT-15161,seller
CLT-15162,seller
CLT-15163,seller
CLT-15164,seller
CLT-15165,seller
CLT-15166,buyer
CLT-15167,seller
CLT-15168,seller
CLT-15169,seller
CLT-15170,seller
CLT-15171,seller
CLT-15172,buyer
CLT-15173,buyer
CLT-15174,buyer
CLT-15175,buyer
CLT-15176,buyer
CLT-15177,seller
CLT-15178,seller
CLT-15179,seller
CLT-15180,buyer
CLT-15181,seller
CLT-15182,seller
CLT-15183,buyer
CLT-15184,seller
CLT-15185,buyer
CLT-15186,seller
CLT-15187,seller
CLT-15188,buyer
CLT-15189,seller
CLT-15190,seller
CLT-15191,buyer
CLT-15192,seller
CLT-15193,buyer
CLT-15194,buyer
CLT-15195,seller
CLT-15196,buyer
CLT-15197,buyer
CLT-15198,seller
CLT-15199,buyer
CLT-15200,buyer
CLT-15201,seller
CLT-15202,seller
CLT-15203,seller
CLT-15204,buyer
CLT-15205,buyer
CLT-15206,buyer
CLT-15207,buyer
CLT-15208,seller
CLT-15209,seller
CLT-15210,seller
CLT-15211,buyer
CLT-15212,buyer
CLT-15213,seller
CLT-15214,buyer
CLT-15215,buyer
CLT-15216,buyer
CLT-15217,seller
CLT-15218,seller
CLT-15219,seller
CLT-15220,seller
CLT-15221,seller
CLT-15222,seller
CLT-15223,buyer
CLT-15224,buyer
CLT-15225,seller
CLT-15226,buyer
CLT-15227,buyer
CLT-15228,seller
CLT-15229,buyer
CLT-15230,seller
CLT-15231,seller
CLT-15232,seller
CLT-15233,seller
CLT-15234,seller
CLT-15235,seller
CLT-15236,buyer
CLT-15237,buyer
CLT-15238,seller
CLT-15239,seller
CLT-15240,seller
CLT-15241,buyer
CLT-15242,seller
CLT-15243,seller
CLT-15244,buyer
CLT-15245,seller
CLT-15246,buyer
CLT-15247,buyer
CLT-15248,seller
CLT-15249,seller
CLT-15250,seller
CLT-15251,buyer
CLT-15252,buyer
CLT-15253,buyer
CLT-15254,buyer
CLT-15255,buyer
CLT-15256,buyer
CLT-15257,buyer
CLT-15258,seller
CLT-15259,buyer
CLT-15260,buyer
CLT-15261,buyer
CLT-15262,seller
CLT-15263,buyer
CLT-15264,seller
CLT-15265,seller
CLT-15266,buyer
CLT-15267,buyer
CLT-15268,seller
CLT-15269,buyer
CLT-15270,seller
CLT-15271,seller
CLT-15272,seller
CLT-15273,seller
CLT-15274,seller
CLT-15275,buyer
CLT-15276,seller
CLT-15277,buyer
CLT-15278,seller
CLT-15279,buyer
CLT-15280,buyer
CLT-15281,buyer
CLT-15282,buyer
CLT-15283,seller
CLT-15284,seller
CLT-15285,buyer
CLT-15286,buyer
CLT-15287,seller
CLT-15288,seller
CLT-15289,buyer
CLT-15290,seller
CLT-15291,seller
CLT-15292,seller
CLT-15293,buyer
CLT-15294,buyer
CLT-15295,seller
CLT-15296,seller
CLT-15297,buyer
CLT-15298,buyer
CLT-15299,seller
CLT-15300,seller
CLT-15301,buyer
CLT-15302,seller
CLT-15303,buyer
CLT-15304,buyer
CLT-15305,seller
CLT-15306,seller
CLT-15307,seller
CLT-15308,seller
CLT-15309,buyer
CLT-15310,seller
CLT-15311,seller
CLT-15312,seller
CLT-15313,buyer
CLT-15314,seller
CLT-15315,buyer
CLT-15316,buyer
CLT-15317,seller
CLT-15318,seller
CLT-15319,seller
CLT-15320,buyer
CLT-15321,seller
CLT-15322,seller
CLT-15323,buyer
CLT-15324,buyer
CLT-15325,seller
CLT-15326,buyer
CLT-15327,buyer
CLT-15328,buyer
CLT-15329,seller
CLT-15330,seller
CLT-15331,buyer
CLT-15332,seller
CLT-15333,seller
CLT-15334,seller
CLT-15335,buyer
CLT-15336,buyer
CLT-15337,seller
CLT-15338,seller
CLT-15339,seller
CLT-15340,seller
CLT-15341,seller
CLT-15342,buyer
CLT-15343,buyer
CLT-15344,seller
CLT-15345,buyer
CLT-15346,seller
CLT-15347,buyer
CLT-15348,seller
CLT-15349,seller
CLT-15350,buyer
CLT-15351,seller
CLT-15352,buyer
CLT-15353,buyer
CLT-15354,buyer
CLT-15355,buyer
CLT-15356,seller
CLT-15357,buyer
CLT-15358,buyer
CLT-15359,buyer
CLT-15360,seller
CLT-15361,seller
CLT-15362,seller
CLT-15363,buyer
CLT-15364,seller
CLT-15365,seller
CLT-15366,buyer
CLT-15367,buyer
CLT-15368,buyer
CLT-15369,seller
CLT-15370,seller
CLT-15371,seller
CLT-15372,seller
CLT-15373,seller
CLT-15374,buyer
CLT-15375,buyer
CLT-15376,buyer
CLT-15377,buyer
CLT-15378,seller
CLT-15379,buyer
CLT-15380,buyer
CLT-15381,seller
CLT-15382,buyer
CLT-15383,buyer
CLT-15384,seller
CLT-15385,seller
CLT-15386,seller
CLT-15387,seller
CLT-15388,seller
CLT-15389,buyer
CLT-15390,buyer
CLT-15391,seller
CLT-15392,seller
CLT-15393,buyer
CLT-15394,buyer
CLT-15395,buyer
CLT-15396,buyer
CLT-15397,seller
CLT-15398,buyer
CLT-15399,seller
CLT-15400,seller
CLT-15401,seller
CLT-15402,buyer
CLT-15403,seller
CLT-15404,buyer
CLT-15405,seller
CLT-15406,seller
CLT-15407,seller
CLT-15408,buyer
CLT-15409,seller
CLT-15410,buyer
CLT-15411,seller
CLT-15412,buyer
CLT-15413,seller
CLT-15414,seller
CLT-15415,seller
CLT-15416,buyer
CLT-15417,buyer
CLT-15418,seller
CLT-15419,seller
CLT-15420,seller
CLT-15421,seller
CLT-15422,buyer
CLT-15423,seller
CLT-15424,buyer
CLT-15425,seller
CLT-15426,seller
CLT-15427,seller
CLT-15428,buyer
CLT-15429,buyer
CLT-15430,buyer
CLT-15431,buyer
CLT-15432,seller
CLT-15433,seller
CLT-15434,seller
CLT-15435,seller
CLT-15436,buyer
CLT-15437,buyer
CLT-15438,buyer
CLT-15439,seller
CLT-15440,seller
CLT-15441,buyer
CLT-15442,seller
CLT-15443,buyer
CLT-15444,seller
CLT-15445,seller
CLT-15446,seller
CLT-15447,buyer
CLT-15448,buyer
CLT-15449,seller
CLT-15450,buyer
CLT-15451,seller
CLT-15452,buyer
CLT-15453,seller
CLT-15454,seller
CLT-15455,buyer
CLT-15456,buyer
CLT-15457,buyer
CLT-15458,buyer
CLT-15459,buyer
CLT-15460,buyer
CLT-15461,buyer
CLT-15462,seller
CLT-15463,seller
CLT-15464,seller
CLT-15465,buyer
CLT-15466,seller
CLT-15467,buyer
CLT-15468,buyer
CLT-15469,seller
CLT-15470,seller
CLT-15471,seller
CLT-15472,buyer
CLT-15473,seller
CLT-15474,seller
CLT-15475,buyer
CLT-15476,buyer
CLT-15477,buyer
CLT-15478,buyer
CLT-15479,buyer
CLT-15480,seller
CLT-15481,buyer
CLT-15482,buyer
CLT-15483,buyer
CLT-15484,seller
CLT-15485,seller
CLT-15486,seller
CLT-15487,seller
CLT-15488,seller
CLT-15489,buyer
CLT-15490,buyer
CLT-15491,buyer
CLT-15492,buyer
CLT-15493,buyer
CLT-15494,seller
CLT-15495,seller
CLT-15496,seller
CLT-15497,seller
CLT-15498,seller
CLT-15499,seller
CLT-15500,seller
CLT-15501,seller
CLT-15502,buyer
CLT-15503,seller
CLT-15504,buyer
CLT-15505,seller
CLT-15506,buyer
CLT-15507,seller
CLT-15508,buyer
CLT-15509,buyer
CLT-15510,seller
CLT-15511,seller
CLT-15512,buyer
CLT-15513,buyer
CLT-15514,seller
CLT-15515,buyer
CLT-15516,buyer
CLT-15517,buyer
CLT-15518,seller
CLT-15519,buyer
CLT-15520,buyer
CLT-15521,buyer
CLT-15522,seller
CLT-15523,seller
CLT-15524,seller
CLT-15525,seller
CLT-15526,buyer
CLT-15527,seller
CLT-15528,seller
CLT-15529,buyer
CLT-15530,buyer
CLT-15531,seller
CLT-15532,buyer
CLT-15533,seller
CLT-15534,buyer
CLT-15535,buyer
CLT-15536,seller
CLT-15537,seller
CLT-15538,buyer
CLT-15539,seller
CLT-15540,buyer
CLT-15541,buyer
CLT-15542,seller
CLT-15543,buyer
CLT-15544,buyer
CLT-15545,buyer
CLT-15546,buyer
CLT-15547,seller
CLT-15548,seller
CLT-15549,seller
CLT-15550,buyer
CLT-15551,seller
CLT-15552,buyer
CLT-15553,buyer
CLT-15554,seller
CLT-15555,buyer
CLT-15556,seller
CLT-15557,seller
CLT-15558,buyer
CLT-15559,seller
CLT-15560,buyer
CLT-15561,buyer
CLT-15562,buyer
CLT-15563,buyer
CLT-15564,buyer
CLT-15565,seller
CLT-15566,seller
CLT-15567,buyer
CLT-15568,buyer
CLT-15569,seller
CLT-15570,seller
CLT-15571,buyer
CLT-15572,seller
CLT-15573,seller
CLT-15574,seller
CLT-15575,seller
CLT-15576,buyer
CLT-15577,buyer
CLT-15578,seller
CLT-15579,buyer
CLT-15580,buyer
CLT-15581,buyer
CLT-15582,buyer
CLT-15583,buyer
CLT-15584,seller
CLT-15585,buyer
CLT-15586,buyer
CLT-15587,buyer
CLT-15588,buyer
CLT-15589,seller
CLT-15590,buyer
CLT-15591,seller
CLT-15592,seller
CLT-15593,buyer
CLT-15594,seller
CLT-15595,seller
CLT-15596,buyer
CLT-15597,seller
CLT-15598,seller
CLT-15599,seller
CLT-15600,seller
CLT-15601,buyer
CLT-15602,seller
CLT-15603,seller
CLT-15604,buyer
CLT-15605,buyer
CLT-15606,buyer
CLT-15607,buyer
CLT-15608,buyer
CLT-15609,buyer
CLT-15610,seller
CLT-15611,seller
CLT-15612,buyer
CLT-15613,seller
CLT-15614,seller
CLT-15615,buyer
CLT-15616,buyer
CLT-15617,seller
CLT-15618,seller
CLT-15619,buyer
CLT-15620,buyer
CLT-15621,buyer
CLT-15622,seller
CLT-15623,seller
CLT-15624,seller
CLT-15625,buyer
CLT-15626,seller
CLT-15627,buyer
CLT-15628,buyer
CLT-15629,seller
CLT-15630,buyer
CLT-15631,buyer
CLT-15632,buyer
CLT-15633,seller
CLT-15634,buyer
CLT-15635,seller
CLT-15636,seller
CLT-15637,buyer
CLT-15638,buyer
CLT-15639,buyer
CLT-15640,buyer
CLT-15641,buyer
CLT-15642,buyer
CLT-15643,buyer
CLT-15644,seller
CLT-15645,buyer
CLT-15646,buyer
CLT-15647,seller
CLT-15648,seller
CLT-15649,buyer
CLT-15650,buyer
CLT-15651,seller
CLT-15652,buyer
CLT-15653,seller
CLT-15654,buyer
CLT-15655,seller
CLT-15656,buyer
CLT-15657,seller
CLT-15658,buyer
CLT-15659,buyer
CLT-15660,seller
CLT-15661,buyer
CLT-15662,buyer
CLT-15663,buyer
CLT-15664,seller
CLT-15665,buyer
CLT-15666,buyer
CLT-15667,buyer
CLT-15668,seller
CLT-15669,buyer
CLT-15670,buyer
CLT-15671,buyer
CLT-15672,seller
CLT-15673,seller
CLT-15674,seller
CLT-15675,buyer
CLT-15676,seller
CLT-15677,buyer
CLT-15678,seller
CLT-15679,buyer
CLT-15680,buyer
CLT-15681,seller
CLT-15682,seller
CLT-15683,seller
CLT-15684,buyer
CLT-15685,buyer
CLT-15686,seller
CLT-15687,buyer
CLT-15688,buyer
CLT-15689,buyer
CLT-15690,buyer
CLT-15691,buyer
CLT-15692,buyer
CLT-15693,seller
CLT-15694,seller
CLT-15695,seller
CLT-15696,buyer
CLT-15697,seller
CLT-15698,buyer
CLT-15699,buyer
CLT-15700,seller
CLT-15701,seller
CLT-15702,buyer
CLT-15703,seller
CLT-15704,seller
CLT-15705,seller
CLT-15706,seller
CLT-15707,seller
CLT-15708,seller
CLT-15709,seller
CLT-15710,seller
CLT-15711,seller
CLT-15712,seller
CLT-15713,seller
CLT-15714,seller
CLT-15715,buyer
CLT-15716,seller
CLT-15717,seller
CLT-15718,seller
CLT-15719,buyer
CLT-15720,buyer
CLT-15721,buyer
CLT-15722,seller
CLT-15723,buyer
CLT-15724,buyer
CLT-15725,buyer
CLT-15726,seller
CLT-15727,seller
CLT-15728,buyer
CLT-15729,seller
CLT-15730,seller
CLT-15731,buyer
CLT-15732,buyer
CLT-15733,seller
CLT-15734,seller
CLT-15735,seller
CLT-15736,buyer
CLT-15737,buyer
CLT-15738,seller
CLT-15739,seller
CLT-15740,buyer
CLT-15741,seller
CLT-15742,seller
CLT-15743,buyer
CLT-15744,buyer
CLT-15745,seller
CLT-15746,buyer
CLT-15747,seller
CLT-15748,seller
CLT-15749,buyer
CLT-15750,seller
CLT-15751,buyer
CLT-15752,buyer
CLT-15753,seller
CLT-15754,buyer
CLT-15755,seller
CLT-15756,seller
CLT-15757,seller
CLT-15758,seller
CLT-15759,buyer
CLT-15760,seller
CLT-15761,buyer
CLT-15762,seller
CLT-15763,seller
CLT-15764,buyer
CLT-15765,buyer
CLT-15766,buyer
CLT-15767,seller
CLT-15768,seller
CLT-15769,seller
CLT-15770,buyer
CLT-15771,seller
CLT-15772,buyer
CLT-15773,seller
CLT-15774,seller
CLT-15775,buyer
CLT-15776,seller
CLT-15777,buyer
CLT-15778,seller
CLT-15779,seller
CLT-15780,seller
CLT-15781,seller
CLT-15782,buyer
CLT-15783,buyer
CLT-15784,buyer
CLT-15785,seller
CLT-15786,buyer
CLT-15787,buyer
CLT-15788,buyer
CLT-15789,buyer
CLT-15790,buyer
CLT-15791,buyer
CLT-15792,seller
CLT-15793,seller
CLT-15794,buyer
CLT-15795,buyer
CLT-15796,buyer
CLT-15797,seller
CLT-15798,seller
CLT-15799,seller
CLT-15800,buyer
CLT-15801,seller
CLT-15802,seller
CLT-15803,seller
CLT-15804,buyer
CLT-15805,buyer
CLT-15806,seller
CLT-15807,buyer
CLT-15808,buyer
CLT-15809,seller
CLT-15810,buyer
CLT-15811,seller
CLT-15812,seller
CLT-15813,seller
CLT-15814,seller
CLT-15815,buyer
CLT-15816,buyer
CLT-15817,seller
CLT-15818,seller
CLT-15819,seller
CLT-15820,seller
CLT-15821,seller
CLT-15822,buyer
CLT-15823,seller
CLT-15824,buyer
CLT-15825,buyer
CLT-15826,buyer
CLT-15827,buyer
CLT-15828,seller
CLT-15829,buyer
CLT-15830,buyer
CLT-15831,seller
CLT-15832,buyer
CLT-15833,seller
CLT-15834,seller
CLT-15835,buyer
CLT-15836,buyer
CLT-15837,seller
CLT-15838,seller
CLT-15839,buyer
CLT-15840,seller
CLT-15841,seller
CLT-15842,seller
CLT-15843,seller
CLT-15844,buyer
CLT-15845,seller
CLT-15846,seller
CLT-15847,seller
CLT-15848,seller
CLT-15849,buyer
CLT-15850,buyer
CLT-15851,seller
CLT-15852,seller
CLT-15853,buyer
CLT-15854,seller
CLT-15855,seller
CLT-15856,buyer
CLT-15857,seller
CLT-15858,seller
CLT-15859,seller
CLT-15860,buyer
CLT-15861,seller
CLT-15862,seller
CLT-15863,seller
CLT-15864,buyer
CLT-15865,buyer
CLT-15866,seller
CLT-15867,seller
CLT-15868,seller
CLT-15869,buyer
CLT-15870,seller
CLT-15871,buyer
CLT-15872,seller
CLT-15873,buyer
CLT-15874,seller
CLT-15875,seller
CLT-15876,buyer
CLT-15877,buyer
CLT-15878,buyer
CLT-15879,seller
CLT-15880,buyer
CLT-15881,buyer
CLT-15882,buyer
CLT-15883,seller
CLT-15884,buyer
CLT-15885,seller
CLT-15886,seller
CLT-15887,seller
CLT-15888,buyer
CLT-15889,buyer
CLT-15890,seller
CLT-15891,buyer
CLT-15892,buyer
CLT-15893,buyer
CLT-15894,seller
CLT-15895,buyer
CLT-15896,buyer
CLT-15897,seller
CLT-15898,buyer
CLT-15899,seller
CLT-15900,buyer
CLT-15901,seller
CLT-15902,buyer
CLT-15903,buyer
CLT-15904,buyer
CLT-15905,buyer
CLT-15906,seller
CLT-15907,seller
CLT-15908,seller
CLT-15909,seller
CLT-15910,seller
CLT-15911,buyer
CLT-15912,seller
CLT-15913,buyer
CLT-15914,buyer
CLT-15915,seller
CLT-15916,seller
CLT-15917,seller
CLT-15918,buyer
CLT-15919,buyer
CLT-15920,seller
CLT-15921,buyer
CLT-15922,buyer
CLT-15923,buyer
CLT-15924,seller
CLT-15925,buyer
CLT-15926,buyer
CLT-15927,buyer
CLT-15928,buyer
CLT-15929,seller
CLT-15930,seller
CLT-15931,buyer
CLT-15932,buyer
CLT-15933,buyer
CLT-15934,buyer
CLT-15935,buyer
CLT-15936,buyer
CLT-15937,seller
CLT-15938,seller
CLT-15939,buyer
CLT-15940,buyer
CLT-15941,seller
CLT-15942,seller
CLT-15943,buyer
CLT-15944,seller
CLT-15945,seller
CLT-15946,seller
CLT-15947,buyer
CLT-15948,seller
CLT-15949,seller
CLT-15950,buyer
CLT-15951,seller
CLT-15952,seller
CLT-15953,buyer
CLT-15954,seller
CLT-15955,seller
CLT-15956,seller
CLT-15957,seller
CLT-15958,seller
CLT-15959,seller
CLT-15960,seller
CLT-15961,buyer
CLT-15962,seller
CLT-15963,seller
CLT-15964,seller
CLT-15965,seller
CLT-15966,buyer
CLT-15967,seller
CLT-15968,seller
CLT-15969,seller
CLT-15970,seller
CLT-15971,buyer
CLT-15972,seller
CLT-15973,buyer
CLT-15974,seller
CLT-15975,buyer
CLT-15976,seller
CLT-15977,buyer
CLT-15978,buyer
CLT-15979,seller
CLT-15980,buyer
CLT-15981,buyer
CLT-15982,buyer
CLT-15983,seller
CLT-15984,buyer
CLT-15985,seller
CLT-15986,seller
CLT-15987,seller
CLT-15988,seller
CLT-15989,seller
CLT-15990,buyer
CLT-15991,buyer
CLT-15992,seller
CLT-15993,seller
CLT-15994,seller
CLT-15995,seller
CLT-15996,buyer
CLT-15997,seller
CLT-15998,seller
CLT-15999,buyer
CLT-16000,seller
CLT-16001,seller
CLT-16002,buyer
CLT-16003,seller
CLT-16004,seller
CLT-16005,seller
CLT-16006,buyer
CLT-16007,buyer
CLT-16008,seller
CLT-16009,seller
CLT-16010,buyer
CLT-16011,buyer
CLT-16012,seller
CLT-16013,seller
CLT-16014,seller
CLT-16015,seller
CLT-16016,seller
CLT-16017,buyer
CLT-16018,seller
CLT-16019,seller
CLT-16020,buyer
CLT-16021,seller
CLT-16022,buyer
CLT-16023,seller
CLT-16024,buyer
CLT-16025,buyer
CLT-16026,buyer
CLT-16027,seller
CLT-16028,buyer
CLT-16029,buyer
CLT-16030,buyer
CLT-16031,seller
CLT-16032,seller
CLT-16033,buyer
CLT-16034,seller
CLT-16035,buyer
CLT-16036,buyer
CLT-16037,buyer
CLT-16038,buyer
CLT-16039,seller
CLT-16040,seller
CLT-16041,seller
CLT-16042,buyer
CLT-16043,seller
CLT-16044,buyer
CLT-16045,buyer
CLT-16046,buyer
CLT-16047,buyer
CLT-16048,seller
CLT-16049,seller
CLT-16050,seller
CLT-16051,seller
CLT-16052,buyer
CLT-16053,seller
CLT-16054,buyer
CLT-16055,seller
CLT-16056,buyer
CLT-16057,seller
CLT-16058,seller
CLT-16059,buyer
CLT-16060,seller
CLT-16061,buyer
CLT-16062,seller
CLT-16063,buyer
CLT-16064,buyer
CLT-16065,seller
CLT-16066,seller
CLT-16067,buyer
CLT-16068,seller
CLT-16069,seller
CLT-16070,buyer
CLT-16071,buyer
CLT-16072,buyer
CLT-16073,seller
CLT-16074,seller
CLT-16075,seller
CLT-16076,buyer
CLT-16077,buyer
CLT-16078,seller
CLT-16079,buyer
CLT-16080,buyer
CLT-16081,buyer
CLT-16082,seller
CLT-16083,buyer
CLT-16084,seller
CLT-16085,seller
CLT-16086,seller
CLT-16087,seller
CLT-16088,buyer
CLT-16089,buyer
CLT-16090,buyer
CLT-16091,buyer
CLT-16092,seller
CLT-16093,seller
CLT-16094,buyer
CLT-16095,buyer
CLT-16096,buyer
CLT-16097,seller
CLT-16098,seller
CLT-16099,buyer
CLT-16100,buyer
CLT-16101,buyer
CLT-16102,buyer
CLT-16103,buyer
CLT-16104,buyer
CLT-16105,buyer
CLT-16106,seller
CLT-16107,buyer
CLT-16108,buyer
CLT-16109,buyer
CLT-16110,buyer
CLT-16111,buyer
CLT-16112,buyer
CLT-16113,buyer
CLT-16114,buyer
CLT-16115,buyer
CLT-16116,buyer
CLT-16117,buyer
CLT-16118,seller
CLT-16119,seller
CLT-16120,buyer
CLT-16121,buyer
CLT-16122,seller
CLT-16123,buyer
CLT-16124,buyer
CLT-16125,seller
CLT-16126,buyer
CLT-16127,seller
CLT-16128,buyer
CLT-16129,buyer
CLT-16130,buyer
CLT-16131,seller
CLT-16132,seller
CLT-16133,buyer
CLT-16134,seller
CLT-16135,buyer
CLT-16136,seller
CLT-16137,buyer
CLT-16138,seller
CLT-16139,seller
CLT-16140,seller
CLT-16141,seller
CLT-16142,buyer
CLT-16143,buyer
CLT-16144,seller
CLT-16145,buyer
CLT-16146,buyer
CLT-16147,seller
CLT-16148,buyer
CLT-16149,seller
CLT-16150,buyer
CLT-16151,buyer
CLT-16152,buyer
CLT-16153,buyer
CLT-16154,seller
CLT-16155,seller
CLT-16156,seller
CLT-16157,buyer
CLT-16158,buyer
CLT-16159,buyer
CLT-16160,buyer
CLT-16161,seller
CLT-16162,buyer
CLT-16163,buyer
CLT-16164,buyer
CLT-16165,seller
CLT-16166,seller
CLT-16167,seller
CLT-16168,buyer
CLT-16169,seller
CLT-16170,seller
CLT-16171,seller
CLT-16172,seller
CLT-16173,seller
CLT-16174,seller
CLT-16175,seller
CLT-16176,seller
CLT-16177,seller
CLT-16178,buyer
CLT-16179,seller
CLT-16180,seller
CLT-16181,seller
CLT-16182,buyer
CLT-16183,seller
CLT-16184,seller
CLT-16185,seller
CLT-16186,seller
CLT-16187,seller
CLT-16188,buyer
CLT-16189,buyer
CLT-16190,seller
CLT-16191,seller
CLT-16192,buyer
CLT-16193,seller
CLT-16194,seller
CLT-16195,seller
CLT-16196,buyer
CLT-16197,seller
CLT-16198,buyer
CLT-16199,seller
CLT-16200,seller
CLT-16201,buyer
CLT-16202,buyer
CLT-16203,seller
CLT-16204,seller
CLT-16205,seller
CLT-16206,seller
CLT-16207,buyer
CLT-16208,seller
CLT-16209,seller
CLT-16210,seller
CLT-16211,seller
CLT-16212,buyer
CLT-16213,seller
CLT-16214,buyer
CLT-16215,seller
CLT-16216,buyer
CLT-16217,buyer
CLT-16218,seller
CLT-16219,seller
CLT-16220,seller
CLT-16221,buyer
CLT-16222,seller
CLT-16223,seller
CLT-16224,seller
CLT-16225,seller
CLT-16226,buyer
CLT-16227,buyer
CLT-16228,buyer
CLT-16229,buyer
CLT-16230,buyer
CLT-16231,seller
CLT-16232,seller
CLT-16233,seller
CLT-16234,buyer
CLT-16235,seller
CLT-16236,buyer
CLT-16237,buyer
CLT-16238,seller
CLT-16239,buyer
CLT-16240,buyer
CLT-16241,seller
CLT-16242,seller
CLT-16243,buyer
CLT-16244,seller
CLT-16245,seller
CLT-16246,buyer
CLT-16247,seller
CLT-16248,seller
CLT-16249,buyer
CLT-16250,buyer
CLT-16251,seller
CLT-16252,buyer
CLT-16253,seller
CLT-16254,buyer
CLT-16255,buyer
CLT-16256,buyer
CLT-16257,buyer
CLT-16258,seller
CLT-16259,seller
CLT-16260,buyer
CLT-16261,seller
CLT-16262,seller
CLT-16263,seller
CLT-16264,seller
CLT-16265,seller
CLT-16266,seller
CLT-16267,buyer
CLT-16268,buyer
CLT-16269,buyer
CLT-16270,buyer
CLT-16271,seller
CLT-16272,seller
CLT-16273,seller
CLT-16274,seller
CLT-16275,buyer
CLT-16276,buyer
CLT-16277,buyer
CLT-16278,buyer
CLT-16279,seller
CLT-16280,seller
CLT-16281,buyer
CLT-16282,buyer
CLT-16283,buyer
CLT-16284,seller
CLT-16285,seller
CLT-16286,seller
CLT-16287,buyer
CLT-16288,buyer
CLT-16289,seller
CLT-16290,buyer
CLT-16291,buyer
CLT-16292,buyer
CLT-16293,buyer
CLT-16294,seller
CLT-16295,seller
CLT-16296,seller
CLT-16297,buyer
CLT-16298,seller
CLT-16299,seller
CLT-16300,buyer
CLT-16301,seller
CLT-16302,buyer
CLT-16303,buyer
CLT-16304,seller
CLT-16305,buyer
CLT-16306,buyer
CLT-16307,buyer
CLT-16308,buyer
CLT-16309,seller
CLT-16310,seller
CLT-16311,seller
CLT-16312,buyer
CLT-16313,seller
CLT-16314,buyer
CLT-16315,seller
CLT-16316,seller
CLT-16317,seller
CLT-16318,seller
CLT-16319,seller
CLT-16320,buyer
CLT-16321,buyer
CLT-16322,seller
CLT-16323,buyer
CLT-16324,seller
CLT-16325,buyer
CLT-16326,buyer
CLT-16327,buyer
CLT-16328,seller
CLT-16329,seller
CLT-16330,buyer
CLT-16331,buyer
CLT-16332,buyer
CLT-16333,seller
CLT-16334,buyer
CLT-16335,seller
CLT-16336,seller
CLT-16337,buyer
CLT-16338,seller
CLT-16339,seller
CLT-16340,seller
CLT-16341,seller
CLT-16342,seller
CLT-16343,seller
CLT-16344,seller
CLT-16345,seller
CLT-16346,seller
CLT-16347,buyer
CLT-16348,seller
CLT-16349,seller
CLT-16350,seller
CLT-16351,seller
CLT-16352,seller
CLT-16353,buyer
CLT-16354,seller
CLT-16355,buyer
CLT-16356,buyer
CLT-16357,seller
CLT-16358,seller
CLT-16359,seller
CLT-16360,buyer
CLT-16361,seller
CLT-16362,buyer
CLT-16363,buyer
CLT-16364,seller
CLT-16365,seller
CLT-16366,buyer
CLT-16367,buyer
CLT-16368,buyer
CLT-16369,seller
CLT-16370,buyer
CLT-16371,buyer
CLT-16372,buyer
CLT-16373,buyer
CLT-16374,buyer
CLT-16375,seller
CLT-16376,seller
CLT-16377,buyer
CLT-16378,buyer
CLT-16379,buyer
CLT-16380,seller
CLT-16381,buyer
CLT-16382,buyer
CLT-16383,seller
CLT-16384,seller
CLT-16385,buyer
CLT-16386,buyer
CLT-16387,seller
CLT-16388,seller
CLT-16389,seller
CLT-16390,buyer
CLT-16391,seller
CLT-16392,seller
CLT-16393,buyer
CLT-16394,buyer
CLT-16395,buyer
CLT-16396,buyer
CLT-16397,buyer
CLT-16398,buyer
CLT-16399,buyer
CLT-16400,buyer
CLT-16401,buyer
CLT-16402,buyer
CLT-16403,seller
CLT-16404,buyer
CLT-16405,seller
CLT-16406,buyer
CLT-16407,buyer
CLT-16408,buyer
CLT-16409,seller
CLT-16410,buyer
CLT-16411,buyer
CLT-16412,seller
CLT-16413,buyer
CLT-16414,buyer
CLT-16415,seller
CLT-16416,buyer
CLT-16417,buyer
CLT-16418,seller
CLT-16419,buyer
CLT-16420,seller
CLT-16421,buyer
CLT-16422,seller
CLT-16423,buyer
CLT-16424,buyer
CLT-16425,buyer
CLT-16426,seller
CLT-16427,seller
CLT-16428,buyer
CLT-16429,buyer
CLT-16430,seller
CLT-16431,buyer
CLT-16432,buyer
CLT-16433,seller
CLT-16434,seller
CLT-16435,seller
CLT-16436,seller
CLT-16437,buyer
CLT-16438,seller
CLT-16439,seller
CLT-16440,buyer
CLT-16441,buyer
CLT-16442,buyer
CLT-16443,seller
CLT-16444,buyer
CLT-16445,buyer
CLT-16446,seller
CLT-16447,seller
CLT-16448,buyer
CLT-16449,seller
CLT-16450,buyer
CLT-16451,buyer
CLT-16452,seller
CLT-16453,buyer
CLT-16454,seller
CLT-16455,seller
CLT-16456,seller
CLT-16457,buyer
CLT-16458,buyer
CLT-16459,seller
CLT-16460,seller
CLT-16461,seller
CLT-16462,buyer
CLT-16463,seller
CLT-16464,buyer
CLT-16465,seller
CLT-16466,seller
CLT-16467,seller
CLT-16468,seller
CLT-16469,buyer
CLT-16470,buyer
CLT-16471,buyer
CLT-16472,buyer
CLT-16473,buyer
CLT-16474,seller
CLT-16475,seller
CLT-16476,buyer
CLT-16477,seller
CLT-16478,seller
CLT-16479,buyer
CLT-16480,buyer
CLT-16481,seller
CLT-16482,seller
CLT-16483,buyer
CLT-16484,buyer
CLT-16485,seller
CLT-16486,buyer
CLT-16487,buyer
CLT-16488,seller
CLT-16489,buyer
CLT-16490,seller
CLT-16491,seller
CLT-16492,seller
CLT-16493,seller
CLT-16494,seller
CLT-16495,seller
CLT-16496,seller
CLT-16497,buyer
CLT-16498,seller
CLT-16499,buyer
CLT-16500,seller
CLT-16501,buyer
CLT-16502,seller
CLT-16503,seller
CLT-16504,buyer
CLT-16505,buyer
CLT-16506,seller
CLT-16507,seller
CLT-16508,buyer
CLT-16509,buyer
CLT-16510,buyer
CLT-16511,buyer
CLT-16512,buyer
CLT-16513,buyer
CLT-16514,seller
CLT-16515,seller
CLT-16516,seller
CLT-16517,buyer
CLT-16518,seller
CLT-16519,seller
CLT-16520,seller
CLT-16521,buyer
CLT-16522,seller
CLT-16523,buyer
CLT-16524,buyer
CLT-16525,seller
CLT-16526,seller
CLT-16527,buyer
CLT-16528,seller
CLT-16529,seller
CLT-16530,buyer
CLT-16531,buyer
CLT-16532,seller
CLT-16533,buyer
CLT-16534,buyer
CLT-16535,buyer
CLT-16536,buyer
CLT-16537,seller
CLT-16538,seller
CLT-16539,seller
CLT-16540,seller
CLT-16541,buyer
CLT-16542,buyer
CLT-16543,seller
CLT-16544,buyer
CLT-16545,buyer
CLT-16546,buyer
CLT-16547,buyer
CLT-16548,buyer
CLT-16549,buyer
CLT-16550,seller
CLT-16551,seller
CLT-16552,seller
CLT-16553,buyer
CLT-16554,buyer
CLT-16555,buyer
CLT-16556,buyer
CLT-16557,seller
CLT-16558,buyer
CLT-16559,buyer
CLT-16560,seller
CLT-16561,buyer
CLT-16562,seller
CLT-16563,seller
CLT-16564,buyer
CLT-16565,seller
CLT-16566,seller
CLT-16567,buyer
CLT-16568,buyer
CLT-16569,seller
CLT-16570,seller
CLT-16571,seller
CLT-16572,seller
CLT-16573,seller
CLT-16574,seller
CLT-16575,buyer
CLT-16576,buyer
CLT-16577,buyer
CLT-16578,buyer
CLT-16579,seller
CLT-16580,seller
CLT-16581,seller
CLT-16582,buyer
CLT-16583,seller
CLT-16584,seller
CLT-16585,seller
CLT-16586,seller
CLT-16587,seller
CLT-16588,buyer
CLT-16589,buyer
CLT-16590,seller
CLT-16591,seller
CLT-16592,seller
CLT-16593,buyer
CLT-16594,seller
CLT-16595,buyer
CLT-16596,buyer
CLT-16597,seller
CLT-16598,seller
CLT-16599,seller
CLT-16600,buyer
CLT-16601,buyer
CLT-16602,buyer
CLT-16603,buyer
CLT-16604,seller
CLT-16605,seller
CLT-16606,buyer
CLT-16607,seller
CLT-16608,buyer
CLT-16609,buyer
CLT-16610,seller
CLT-16611,buyer
CLT-16612,seller
CLT-16613,seller
CLT-16614,buyer
CLT-16615,buyer
CLT-16616,buyer
CLT-16617,seller
CLT-16618,buyer
CLT-16619,buyer
CLT-16620,seller
CLT-16621,seller
CLT-16622,seller
CLT-16623,buyer
CLT-16624,seller
CLT-16625,buyer
CLT-16626,buyer
CLT-16627,seller
CLT-16628,seller
CLT-16629,seller
CLT-16630,seller
CLT-16631,seller
CLT-16632,buyer
CLT-16633,buyer
CLT-16634,seller
CLT-16635,seller
CLT-16636,seller
CLT-16637,buyer
CLT-16638,seller
CLT-16639,buyer
CLT-16640,seller
CLT-16641,buyer
CLT-16642,seller
CLT-16643,buyer
CLT-16644,buyer
CLT-16645,buyer
CLT-16646,buyer
CLT-16647,buyer
CLT-16648,buyer
CLT-16649,seller
CLT-16650,seller
CLT-16651,buyer
CLT-16652,buyer
CLT-16653,buyer
CLT-16654,buyer
CLT-16655,seller
CLT-16656,seller
CLT-16657,buyer
CLT-16658,buyer
CLT-16659,buyer
CLT-16660,seller
CLT-16661,buyer
CLT-16662,buyer
CLT-16663,seller
CLT-16664,buyer
CLT-16665,buyer
CLT-16666,seller
CLT-16667,seller
CLT-16668,seller
CLT-16669,buyer
CLT-16670,seller
CLT-16671,seller
CLT-16672,buyer
CLT-16673,seller
CLT-16674,buyer
CLT-16675,buyer
CLT-16676,buyer
CLT-16677,seller
CLT-16678,buyer
CLT-16679,buyer
CLT-16680,buyer
CLT-16681,seller
CLT-16682,seller
CLT-16683,seller
CLT-16684,seller
CLT-16685,buyer
CLT-16686,buyer
CLT-16687,buyer
CLT-16688,seller
CLT-16689,seller
CLT-16690,buyer
CLT-16691,buyer
CLT-16692,seller
CLT-16693,buyer
CLT-16694,buyer
CLT-16695,buyer
CLT-16696,seller
CLT-16697,seller
CLT-16698,seller
CLT-16699,seller
CLT-16700,seller
CLT-16701,seller
CLT-16702,seller
CLT-16703,seller
CLT-16704,buyer
CLT-16705,buyer
CLT-16706,buyer
CLT-16707,seller
CLT-16708,buyer
CLT-16709,seller
CLT-16710,seller
CLT-16711,buyer
CLT-16712,buyer
CLT-16713,seller
CLT-16714,buyer
CLT-16715,seller
CLT-16716,seller
CLT-16717,seller
CLT-16718,buyer
CLT-16719,seller
CLT-16720,seller
CLT-16721,seller
CLT-16722,seller
CLT-16723,buyer
CLT-16724,buyer
CLT-16725,buyer
CLT-16726,seller
CLT-16727,buyer
CLT-16728,buyer
CLT-16729,buyer
CLT-16730,seller
CLT-16731,seller
CLT-16732,seller
CLT-16733,buyer
CLT-16734,seller
CLT-16735,seller
CLT-16736,buyer
CLT-16737,buyer
CLT-16738,buyer
CLT-16739,seller
CLT-16740,seller
CLT-16741,buyer
CLT-16742,seller
CLT-16743,buyer
CLT-16744,seller
CLT-16745,seller
CLT-16746,buyer
CLT-16747,buyer
CLT-16748,buyer
CLT-16749,buyer
CLT-16750,seller
CLT-16751,buyer
CLT-16752,buyer
CLT-16753,buyer
CLT-16754,buyer
CLT-16755,seller
CLT-16756,buyer
CLT-16757,seller
CLT-16758,buyer
CLT-16759,buyer
CLT-16760,buyer
CLT-16761,seller
CLT-16762,buyer
CLT-16763,buyer
CLT-16764,buyer
CLT-16765,buyer
CLT-16766,buyer
CLT-16767,buyer
CLT-16768,buyer
CLT-16769,buyer
CLT-16770,seller
CLT-16771,buyer
CLT-16772,buyer
CLT-16773,seller
CLT-16774,buyer
CLT-16775,buyer
CLT-16776,buyer
CLT-16777,seller
CLT-16778,seller
CLT-16779,seller
CLT-16780,seller
CLT-16781,seller
CLT-16782,buyer
CLT-16783,seller
CLT-16784,buyer
CLT-16785,seller
CLT-16786,buyer
CLT-16787,buyer
CLT-16788,seller
CLT-16789,seller
CLT-16790,seller
CLT-16791,seller
CLT-16792,seller
CLT-16793,seller
CLT-16794,buyer
CLT-16795,buyer
CLT-16796,seller
CLT-16797,seller
CLT-16798,seller
CLT-16799,buyer
CLT-16800,seller
