deal_id,required_docs,completed_docs,broker_review_status,esign_sent,esign_completed_date
DEAL-00001,11,11,approved,2025-10-13,2025-10-16
DEAL-00002,16,3,flagged,2025-02-25,2025-03-04
DEAL-00003,12,12,approved,2025-05-21,2025-05-23
DEAL-00004,9,9,approved,2025-06-14,2025-06-19
DEAL-00005,8,8,approved,2025-06-20,2025-06-23
DEAL-00006,9,6,approved,2024-09-11,2024-09-21
DEAL-00007,15,15,approved,2026-03-17,2026-03-20
DEAL-00008,11,9,approved,2026-04-20,2026-04-25
DEAL-00009,17,4,flagged,2026-05-10,2026-05-22
DEAL-00010,10,10,approved,2026-04-10,2026-04-15
DEAL-00011,14,14,approved,2025-05-24,2025-05-29
DEAL-00012,8,0,approved,2025-12-05,
DEAL-00013,19,17,approved,2024-08-13,2024-08-18
DEAL-00014,19,19,approved,2024-12-22,2024-12-23
DEAL-00015,11,11,approved,2024-11-10,2024-11-14
DEAL-00016,17,17,approved,2024-11-19,2024-11-23
DEAL-00017,16,16,approved,2025-01-04,2025-01-08
DEAL-00018,12,12,approved,2024-11-19,2024-11-21
DEAL-00019,11,11,approved,2026-02-01,2026-02-04
DEAL-00020,18,18,approved,2025-11-09,2025-11-11
DEAL-00021,15,15,approved,2025-06-16,2025-06-18
DEAL-00022,13,13,approved,2025-12-04,2025-12-06
DEAL-00023,18,18,approved,2025-06-08,2025-06-12
DEAL-00024,19,19,approved,2025-09-13,2025-09-18
DEAL-00025,19,19,approved,2024-07-08,2024-07-10
DEAL-00026,19,19,approved,2025-04-14,2025-04-17
DEAL-00027,18,18,approved,2026-03-21,2026-03-24
DEAL-00028,18,18,approved,2025-01-03,2025-01-07
DEAL-00029,14,4,pending,2025-10-01,2025-10-08
DEAL-00030,12,12,approved,2025-08-20,2025-08-22
DEAL-00031,16,13,flagged,2024-06-28,2024-07-02
DEAL-00032,15,15,approved,2025-08-27,2025-08-30
DEAL-00033,15,15,approved,2024-09-09,2024-09-11
DEAL-00034,18,18,approved,2024-09-21,2024-09-24
DEAL-00035,19,19,approved,2024-08-31,2024-09-01
DEAL-00036,15,15,approved,2025-12-05,2025-12-09
DEAL-00037,19,19,approved,2024-02-22,2024-02-24
DEAL-00038,11,11,approved,2025-06-01,2025-06-06
DEAL-00039,13,9,pending,2024-08-22,2024-09-04
DEAL-00040,15,8,pending,2025-04-19,2025-04-23
DEAL-00041,16,16,approved,2024-05-04,2024-05-09
DEAL-00042,10,4,pending,2024-06-03,2024-06-08
DEAL-00043,19,19,approved,2024-04-10,2024-04-12
DEAL-00044,8,8,approved,2025-02-24,2025-02-26
DEAL-00045,20,7,flagged,,
DEAL-00046,15,15,approved,2024-11-15,2024-11-17
DEAL-00047,11,11,approved,2024-12-10,2024-12-11
DEAL-00048,11,11,approved,2024-03-02,2024-03-04
DEAL-00049,19,4,approved,2024-04-16,2024-04-19
DEAL-00050,13,10,pending,2024-12-13,2024-12-26
DEAL-00051,14,14,approved,2024-07-12,2024-07-13
DEAL-00052,18,9,flagged,2024-04-27,2024-05-09
DEAL-00053,8,2,pending,2024-04-27,2024-04-30
DEAL-00054,9,9,approved,2024-05-21,2024-05-22
DEAL-00055,16,6,flagged,2024-05-23,2024-06-02
DEAL-00056,17,17,approved,2024-06-10,2024-06-15
DEAL-00057,10,10,approved,2025-08-02,2025-08-07
DEAL-00058,20,20,approved,2026-01-26,2026-01-27
DEAL-00059,12,5,approved,2024-09-21,2024-10-02
DEAL-00060,18,18,approved,2026-04-05,2026-04-08
DEAL-00061,12,12,approved,2024-06-07,2024-06-11
DEAL-00062,20,20,approved,2024-08-18,2024-08-19
DEAL-00063,17,17,approved,2024-10-09,2024-10-12
DEAL-00064,13,13,approved,2025-06-25,2025-06-28
DEAL-00065,18,18,approved,2026-02-04,2026-02-07
DEAL-00066,16,16,approved,2025-05-08,2025-05-09
DEAL-00067,14,14,approved,2025-08-05,2025-08-08
DEAL-00068,10,10,approved,2026-02-18,2026-02-22
DEAL-00069,9,9,approved,2024-05-06,2024-05-09
DEAL-00070,13,6,pending,2025-03-16,2025-03-21
DEAL-00071,20,12,pending,2025-12-04,2025-12-11
DEAL-00072,16,16,approved,2025-10-10,2025-10-14
DEAL-00073,19,19,approved,2024-10-23,2024-10-28
DEAL-00074,18,7,approved,2024-06-28,2024-07-12
DEAL-00075,20,5,pending,2024-04-08,2024-04-12
DEAL-00076,18,8,pending,2025-01-16,2025-01-23
DEAL-00077,17,1,flagged,2026-03-25,2026-03-27
DEAL-00078,17,17,approved,2025-10-22,2025-10-24
DEAL-00079,11,11,approved,2025-02-28,2025-03-03
DEAL-00080,8,8,approved,2025-02-20,2025-02-24
DEAL-00081,11,3,flagged,,
DEAL-00082,19,19,approved,2026-03-16,2026-03-21
DEAL-00083,16,8,pending,2025-10-22,2025-11-03
DEAL-00084,9,9,approved,2026-02-25,2026-02-27
DEAL-00085,10,10,approved,2025-11-10,2025-11-14
DEAL-00086,20,20,approved,2025-03-28,2025-03-29
DEAL-00087,20,20,approved,2025-06-03,2025-06-04
DEAL-00088,15,15,approved,2026-04-18,2026-04-22
DEAL-00089,11,7,flagged,,
DEAL-00090,19,19,approved,2026-04-09,2026-04-11
DEAL-00091,15,1,flagged,,
DEAL-00092,18,18,approved,2025-02-23,2025-02-28
DEAL-00093,15,15,approved,2024-12-31,2025-01-02
DEAL-00094,16,16,approved,2024-12-22,2024-12-25
DEAL-00095,12,5,flagged,2024-09-18,2024-09-21
DEAL-00096,18,18,approved,2025-07-31,2025-08-02
DEAL-00097,17,17,approved,2025-11-28,2025-11-30
DEAL-00098,10,10,approved,2024-06-24,2024-06-26
DEAL-00099,16,12,flagged,2025-06-23,2025-06-25
DEAL-00100,11,11,approved,2024-08-13,2024-08-17
DEAL-00101,10,10,approved,2024-09-30,2024-10-02
DEAL-00102,17,17,approved,2024-10-15,2024-10-19
DEAL-00103,13,13,approved,2026-05-18,2026-05-20
DEAL-00104,13,6,flagged,2025-09-09,2025-09-18
DEAL-00105,10,10,approved,2025-01-08,2025-01-12
DEAL-00106,20,12,pending,2024-10-14,2024-10-24
DEAL-00107,14,14,approved,2026-04-06,2026-04-08
DEAL-00108,9,9,approved,2024-10-18,2024-10-22
DEAL-00109,13,13,approved,2026-05-20,2026-05-25
DEAL-00110,17,17,approved,2026-03-12,2026-03-16
DEAL-00111,16,13,flagged,2024-09-18,2024-09-23
DEAL-00112,20,5,approved,,
DEAL-00113,15,15,approved,2026-05-08,2026-05-09
DEAL-00114,20,20,approved,2026-03-29,2026-04-03
DEAL-00115,11,11,approved,2025-05-24,2025-05-26
DEAL-00116,20,3,flagged,2026-03-25,2026-03-27
DEAL-00117,19,9,approved,2025-09-15,2025-09-29
DEAL-00118,8,8,approved,2026-01-29,2026-01-30
DEAL-00119,19,15,pending,2024-10-24,2024-10-30
DEAL-00120,13,9,pending,2025-01-05,2025-01-12
DEAL-00121,16,16,approved,2026-05-03,2026-05-05
DEAL-00122,12,12,approved,2025-02-22,2025-02-25
DEAL-00123,12,12,approved,2025-06-21,2025-06-23
DEAL-00124,13,13,approved,2025-09-05,2025-09-07
DEAL-00125,20,20,approved,2024-07-29,2024-08-03
DEAL-00126,17,17,approved,2025-02-03,2025-02-07
DEAL-00127,11,11,approved,2026-03-14,2026-03-15
DEAL-00128,10,10,approved,2026-03-16,2026-03-21
DEAL-00129,13,13,approved,2024-05-31,2024-06-04
DEAL-00130,20,6,flagged,2025-11-19,2025-11-26
DEAL-00131,14,14,approved,2025-07-21,2025-07-26
DEAL-00132,12,9,flagged,,
DEAL-00133,15,15,approved,2025-07-30,2025-08-02
DEAL-00134,10,10,approved,2026-04-06,2026-04-08
DEAL-00135,12,3,pending,2025-05-25,2025-05-28
DEAL-00136,8,6,flagged,2025-02-13,2025-02-15
DEAL-00137,10,10,approved,2026-03-24,2026-03-25
DEAL-00138,15,15,approved,2024-12-10,2024-12-13
DEAL-00139,19,6,pending,2025-07-06,2025-07-15
DEAL-00140,12,12,approved,2024-08-13,2024-08-16
DEAL-00141,9,6,approved,2025-03-13,2025-03-26
DEAL-00142,18,3,approved,2024-06-10,2024-06-13
DEAL-00143,19,19,approved,2024-07-17,2024-07-18
DEAL-00144,17,17,approved,2025-04-13,2025-04-15
DEAL-00145,8,5,approved,2026-05-06,2026-05-08
DEAL-00146,8,8,approved,2024-10-28,2024-10-29
DEAL-00147,13,13,approved,2026-04-06,2026-04-09
DEAL-00148,8,8,approved,2025-05-07,2025-05-10
DEAL-00149,16,16,approved,2024-05-27,2024-06-01
DEAL-00150,8,8,approved,2026-03-24,2026-03-28
DEAL-00151,13,13,approved,2024-08-25,2024-08-30
DEAL-00152,11,11,approved,2024-09-01,2024-09-04
DEAL-00153,11,11,approved,2025-07-06,2025-07-11
DEAL-00154,14,11,pending,2025-07-02,2025-07-06
DEAL-00155,9,9,approved,2024-05-27,2024-05-28
DEAL-00156,18,18,approved,2025-03-09,2025-03-10
DEAL-00157,19,19,approved,2024-02-21,2024-02-26
DEAL-00158,10,2,flagged,2024-07-31,2024-08-14
DEAL-00159,11,11,approved,2026-02-12,2026-02-14
DEAL-00160,20,20,approved,2024-06-28,2024-07-03
DEAL-00161,9,9,approved,2024-09-18,2024-09-20
DEAL-00162,11,6,pending,2025-12-02,2025-12-11
DEAL-00163,20,12,pending,2025-11-29,2025-12-03
DEAL-00164,14,14,approved,2026-01-16,2026-01-17
DEAL-00165,17,4,flagged,2026-03-02,2026-03-06
DEAL-00166,18,18,approved,2024-06-17,2024-06-20
DEAL-00167,15,9,flagged,2024-09-09,2024-09-16
DEAL-00168,12,9,flagged,2024-09-06,2024-09-13
DEAL-00169,9,9,approved,2026-04-02,2026-04-03
DEAL-00170,9,9,approved,2026-03-26,2026-03-28
DEAL-00171,18,10,flagged,2025-10-21,2025-10-27
DEAL-00172,20,20,approved,2026-03-26,2026-03-31
DEAL-00173,17,17,approved,2025-07-09,2025-07-14
DEAL-00174,16,16,approved,2025-05-28,2025-06-02
DEAL-00175,17,17,approved,2024-02-02,2024-02-03
DEAL-00176,8,8,approved,2024-05-12,2024-05-17
DEAL-00177,14,11,approved,2026-02-05,2026-02-15
DEAL-00178,17,17,approved,2025-07-14,2025-07-16
DEAL-00179,20,20,approved,2026-04-30,2026-05-04
DEAL-00180,14,14,approved,2024-09-15,2024-09-18
DEAL-00181,8,8,approved,2025-06-11,2025-06-14
DEAL-00182,8,8,approved,2024-11-06,2024-11-11
DEAL-00183,9,7,flagged,,
DEAL-00184,9,9,approved,2026-03-22,2026-03-24
DEAL-00185,13,13,approved,2024-12-30,2025-01-03
DEAL-00186,8,8,approved,2026-05-07,2026-05-10
DEAL-00187,10,10,approved,2025-08-31,2025-09-01
DEAL-00188,13,11,approved,2025-02-12,2025-02-16
DEAL-00189,9,9,approved,2025-09-25,2025-09-30
DEAL-00190,20,20,approved,2026-02-25,2026-03-01
DEAL-00191,15,15,approved,2024-10-23,2024-10-28
DEAL-00192,9,9,approved,2024-01-24,2024-01-28
DEAL-00193,9,9,approved,2025-04-22,2025-04-23
DEAL-00194,19,17,flagged,2025-06-05,2025-06-09
DEAL-00195,13,5,flagged,2024-05-14,2024-05-17
DEAL-00196,17,2,pending,2025-06-12,2025-06-24
DEAL-00197,19,19,approved,2024-12-21,2024-12-22
DEAL-00198,18,18,approved,2026-02-25,2026-03-01
DEAL-00199,9,4,pending,2024-09-18,2024-09-24
DEAL-00200,9,9,approved,2026-05-14,2026-05-19
DEAL-00201,8,8,approved,2024-10-31,2024-11-02
DEAL-00202,16,16,approved,2025-02-26,2025-02-28
DEAL-00203,19,19,approved,2026-03-06,2026-03-07
DEAL-00204,12,4,flagged,2025-09-12,2025-09-16
DEAL-00205,18,18,approved,2025-08-15,2025-08-20
DEAL-00206,18,18,approved,2026-04-27,2026-05-01
DEAL-00207,8,2,pending,2026-03-01,2026-03-06
DEAL-00208,8,5,approved,2024-08-16,2024-08-18
DEAL-00209,15,15,approved,2025-07-17,2025-07-18
DEAL-00210,13,13,approved,2025-05-01,2025-05-04
DEAL-00211,17,6,flagged,2026-05-17,2026-05-30
DEAL-00212,17,4,flagged,2024-07-11,2024-07-16
DEAL-00213,20,15,flagged,2024-07-02,2024-07-12
DEAL-00214,8,8,approved,2024-10-07,2024-10-11
DEAL-00215,16,6,pending,2026-01-30,2026-02-01
DEAL-00216,8,8,approved,2024-11-24,2024-11-27
DEAL-00217,20,16,flagged,2025-12-07,2025-12-11
DEAL-00218,14,7,approved,2024-07-07,2024-07-12
DEAL-00219,18,18,approved,2025-10-29,2025-11-03
DEAL-00220,10,10,approved,2025-12-08,2025-12-09
DEAL-00221,19,19,approved,2026-03-22,2026-03-26
DEAL-00222,8,8,approved,2024-03-11,2024-03-14
DEAL-00223,12,12,approved,2026-02-08,2026-02-13
DEAL-00224,17,17,approved,2024-10-13,2024-10-18
DEAL-00225,19,19,approved,2025-10-12,2025-10-16
DEAL-00226,12,12,approved,2026-03-10,2026-03-12
DEAL-00227,11,11,approved,2026-03-18,2026-03-22
DEAL-00228,19,5,pending,2025-11-20,2025-12-01
DEAL-00229,18,16,pending,,
DEAL-00230,15,15,approved,2024-12-15,2024-12-19
DEAL-00231,9,9,approved,2026-04-09,2026-04-14
DEAL-00232,8,8,approved,2025-05-28,2025-05-30
DEAL-00233,20,5,pending,2026-02-26,2026-03-08
DEAL-00234,19,19,approved,2026-03-30,2026-04-04
DEAL-00235,10,10,approved,2025-01-05,2025-01-06
DEAL-00236,8,8,approved,2025-08-23,2025-08-24
DEAL-00237,13,13,approved,2024-05-26,2024-05-29
DEAL-00238,15,15,approved,2025-10-07,2025-10-08
DEAL-00239,11,11,approved,2026-03-25,2026-03-28
DEAL-00240,17,17,approved,2025-02-10,2025-02-15
DEAL-00241,13,13,approved,2026-05-08,2026-05-10
DEAL-00242,12,0,pending,2024-08-06,
DEAL-00243,16,16,approved,2026-02-04,2026-02-05
DEAL-00244,9,9,approved,2025-11-25,2025-11-29
DEAL-00245,15,15,approved,2025-12-18,2025-12-23
DEAL-00246,13,13,approved,2026-01-06,2026-01-11
DEAL-00247,9,9,approved,2024-10-01,2024-10-02
DEAL-00248,20,20,approved,2025-06-20,2025-06-21
DEAL-00249,13,13,approved,2024-12-07,2024-12-09
DEAL-00250,17,17,approved,2025-04-25,2025-04-29
DEAL-00251,19,19,approved,2025-05-25,2025-05-27
DEAL-00252,18,12,pending,2025-01-13,2025-01-18
DEAL-00253,10,10,approved,2024-05-03,2024-05-07
DEAL-00254,8,8,approved,2025-10-12,2025-10-15
DEAL-00255,8,8,approved,2024-04-23,2024-04-26
DEAL-00256,17,9,flagged,2024-11-23,2024-12-04
DEAL-00257,9,9,approved,2025-04-29,2025-05-04
DEAL-00258,16,4,flagged,2026-03-01,2026-03-06
DEAL-00259,12,2,approved,2025-08-06,2025-08-08
DEAL-00260,9,9,approved,2026-03-28,2026-03-29
DEAL-00261,8,5,pending,2026-04-25,2026-04-28
DEAL-00262,8,8,approved,2024-03-03,2024-03-08
DEAL-00263,17,4,approved,,
DEAL-00264,10,10,approved,2026-05-13,2026-05-14
DEAL-00265,10,10,approved,2024-10-22,2024-10-27
DEAL-00266,19,12,flagged,2024-06-17,2024-06-23
DEAL-00267,16,16,approved,2025-03-27,2025-04-01
DEAL-00268,20,13,pending,2025-02-13,2025-02-15
DEAL-00269,16,16,approved,2026-03-08,2026-03-11
DEAL-00270,19,19,approved,2026-02-04,2026-02-05
DEAL-00271,13,13,approved,2024-05-29,2024-05-31
DEAL-00272,9,2,pending,2026-05-12,2026-05-22
DEAL-00273,20,20,approved,2025-08-30,2025-09-01
DEAL-00274,13,13,approved,2026-05-10,2026-05-11
DEAL-00275,14,14,approved,2024-11-11,2024-11-13
DEAL-00276,17,17,approved,2025-10-26,2025-10-28
DEAL-00277,9,9,approved,2025-05-22,2025-05-25
DEAL-00278,20,20,approved,2024-03-24,2024-03-27
DEAL-00279,12,12,approved,2025-12-06,2025-12-07
DEAL-00280,18,9,flagged,2024-05-05,2024-05-11
DEAL-00281,14,14,approved,2026-03-08,2026-03-10
DEAL-00282,19,19,approved,2026-04-28,2026-05-01
DEAL-00283,8,4,pending,2026-02-15,2026-02-27
DEAL-00284,20,9,approved,2025-10-10,2025-10-24
DEAL-00285,19,19,approved,2026-04-01,2026-04-05
DEAL-00286,16,16,approved,2025-04-02,2025-04-05
DEAL-00287,10,10,approved,2024-10-03,2024-10-08
DEAL-00288,8,8,approved,2024-06-23,2024-06-24
DEAL-00289,19,19,approved,2024-06-19,2024-06-23
DEAL-00290,8,5,pending,2024-07-15,2024-07-18
DEAL-00291,20,20,approved,2024-07-17,2024-07-18
DEAL-00292,15,15,approved,2024-10-06,2024-10-08
DEAL-00293,16,16,approved,2024-09-08,2024-09-09
DEAL-00294,14,4,pending,2026-02-28,2026-03-13
DEAL-00295,15,4,pending,2024-12-28,2025-01-02
DEAL-00296,16,16,approved,2025-09-16,2025-09-18
DEAL-00297,19,19,approved,2025-05-30,2025-06-02
DEAL-00298,20,20,approved,2025-09-18,2025-09-21
DEAL-00299,11,11,approved,2025-08-29,2025-09-03
DEAL-00300,16,11,pending,2025-10-20,2025-11-01
DEAL-00301,16,16,approved,2025-03-25,2025-03-30
DEAL-00302,13,5,pending,2026-04-24,2026-05-04
DEAL-00303,18,18,approved,2026-02-25,2026-02-28
DEAL-00304,14,4,pending,2024-06-16,2024-06-29
DEAL-00305,18,12,flagged,2025-08-20,2025-08-24
DEAL-00306,16,16,approved,2025-08-28,2025-08-31
DEAL-00307,19,19,approved,2024-04-15,2024-04-18
DEAL-00308,16,16,approved,2024-09-13,2024-09-14
DEAL-00309,10,10,approved,2024-07-20,2024-07-24
DEAL-00310,10,10,approved,2024-08-30,2024-09-04
DEAL-00311,10,6,flagged,2024-10-27,2024-11-10
DEAL-00312,10,10,approved,2024-07-08,2024-07-11
DEAL-00313,10,10,approved,2024-09-17,2024-09-19
DEAL-00314,17,3,flagged,2025-04-21,2025-04-27
DEAL-00315,16,16,approved,2024-09-03,2024-09-06
DEAL-00316,13,13,approved,2026-02-28,2026-03-01
DEAL-00317,8,8,approved,,
DEAL-00318,8,8,approved,2024-06-03,2024-06-05
DEAL-00319,10,4,flagged,2026-03-29,2026-04-01
DEAL-00320,13,12,approved,2025-01-07,2025-01-12
DEAL-00321,16,16,approved,2026-02-04,2026-02-09
DEAL-00322,15,15,approved,2026-03-01,2026-03-04
DEAL-00323,17,17,approved,2025-06-19,2025-06-23
DEAL-00324,11,5,approved,2025-04-28,2025-05-01
DEAL-00325,20,20,approved,2025-03-31,2025-04-01
DEAL-00326,10,10,approved,2024-12-12,2024-12-17
DEAL-00327,18,9,approved,,
DEAL-00328,13,4,pending,2024-07-13,2024-07-21
DEAL-00329,19,19,approved,2024-08-24,2024-08-29
DEAL-00330,18,2,approved,2025-06-07,2025-06-19
DEAL-00331,14,14,approved,2026-03-05,2026-03-09
DEAL-00332,10,10,approved,2026-03-20,2026-03-24
DEAL-00333,18,18,approved,2025-11-01,2025-11-06
DEAL-00334,16,1,approved,2025-10-15,2025-10-18
DEAL-00335,16,16,approved,2024-12-08,2024-12-12
DEAL-00336,9,9,approved,2024-08-12,2024-08-17
DEAL-00337,8,8,approved,2024-12-22,2024-12-23
DEAL-00338,15,15,approved,2025-05-31,2025-06-03
DEAL-00339,17,2,flagged,2024-06-09,2024-06-15
DEAL-00340,9,9,approved,2025-03-27,2025-03-31
DEAL-00341,10,10,approved,2024-10-28,2024-11-02
DEAL-00342,10,10,approved,2026-02-01,2026-02-02
DEAL-00343,10,10,approved,2026-03-10,2026-03-13
DEAL-00344,19,19,approved,2025-09-02,2025-09-06
DEAL-00345,19,19,approved,2024-04-02,2024-04-05
DEAL-00346,8,0,approved,2025-01-29,
DEAL-00347,16,16,approved,2025-01-02,2025-01-03
DEAL-00348,16,16,approved,2024-11-09,2024-11-13
DEAL-00349,17,17,approved,2024-07-01,2024-07-04
DEAL-00350,12,12,approved,2025-03-22,2025-03-23
DEAL-00351,19,19,approved,2024-06-25,2024-06-29
DEAL-00352,9,9,approved,2026-01-29,2026-01-30
DEAL-00353,16,16,approved,2026-04-26,2026-04-29
DEAL-00354,20,13,flagged,,
DEAL-00355,11,7,approved,2026-04-25,2026-05-02
DEAL-00356,9,9,approved,2024-07-09,2024-07-14
DEAL-00357,10,10,approved,2025-06-23,2025-06-28
DEAL-00358,15,11,approved,2026-03-13,2026-03-15
DEAL-00359,13,13,approved,2024-07-06,2024-07-08
DEAL-00360,13,13,approved,2025-09-24,2025-09-29
DEAL-00361,19,16,flagged,2024-11-06,2024-11-11
DEAL-00362,20,20,approved,2024-09-15,2024-09-16
DEAL-00363,12,6,pending,2025-09-27,2025-10-07
DEAL-00364,17,17,approved,2025-02-17,2025-02-20
DEAL-00365,16,12,flagged,2025-02-15,2025-02-28
DEAL-00366,20,1,flagged,2025-07-13,2025-07-20
DEAL-00367,15,15,approved,2025-07-12,2025-07-14
DEAL-00368,11,11,approved,2024-05-31,2024-06-01
DEAL-00369,17,17,approved,2024-12-19,2024-12-22
DEAL-00370,10,10,approved,2024-07-03,2024-07-07
DEAL-00371,13,6,flagged,2024-08-05,2024-08-09
DEAL-00372,18,18,approved,2024-03-14,2024-03-16
DEAL-00373,15,0,flagged,2025-05-31,
DEAL-00374,11,11,approved,2026-04-25,2026-04-30
DEAL-00375,15,15,approved,2025-06-29,2025-07-03
DEAL-00376,14,11,flagged,2024-07-16,2024-07-25
DEAL-00377,16,16,approved,2025-09-26,2025-09-29
DEAL-00378,18,18,approved,2025-01-11,2025-01-13
DEAL-00379,13,13,approved,2025-06-19,2025-06-24
DEAL-00380,16,8,pending,2024-10-26,2024-11-07
DEAL-00381,13,13,approved,2026-05-02,2026-05-07
DEAL-00382,14,11,pending,2024-12-05,2024-12-18
DEAL-00383,13,4,flagged,2024-06-19,2024-06-23
DEAL-00384,19,19,approved,2025-10-12,2025-10-14
DEAL-00385,17,17,approved,2025-11-02,2025-11-03
DEAL-00386,11,11,approved,2026-01-13,2026-01-16
DEAL-00387,15,9,approved,2025-06-18,2025-06-29
DEAL-00388,12,12,approved,2025-12-09,2025-12-11
DEAL-00389,18,18,approved,2026-02-28,2026-03-04
DEAL-00390,14,0,approved,,
DEAL-00391,13,13,approved,2025-10-30,2025-10-31
DEAL-00392,19,8,flagged,2026-05-03,2026-05-11
DEAL-00393,18,2,flagged,2025-02-10,2025-02-12
DEAL-00394,15,15,approved,2025-08-28,2025-09-02
DEAL-00395,11,11,approved,2024-08-22,2024-08-23
DEAL-00396,14,14,approved,2024-04-26,2024-04-30
DEAL-00397,18,15,approved,2026-04-25,2026-04-29
DEAL-00398,19,19,approved,2026-03-26,2026-03-28
DEAL-00399,17,5,pending,2024-05-29,2024-06-01
DEAL-00400,16,16,approved,2026-05-01,2026-05-06
DEAL-00401,8,8,approved,2026-04-20,2026-04-25
DEAL-00402,10,10,pending,2024-11-21,2024-11-22
DEAL-00403,15,4,approved,2024-10-23,2024-10-31
DEAL-00404,15,15,approved,2026-05-05,2026-05-10
DEAL-00405,20,8,approved,2024-10-30,2024-11-12
DEAL-00406,13,13,approved,2024-04-05,2024-04-09
DEAL-00407,10,4,pending,2024-07-09,2024-07-15
DEAL-00408,9,9,approved,2025-11-07,2025-11-10
DEAL-00409,12,12,approved,2025-12-01,2025-12-05
DEAL-00410,12,12,approved,2026-04-24,2026-04-27
DEAL-00411,19,19,approved,2025-09-12,2025-09-15
DEAL-00412,20,20,approved,2024-05-16,2024-05-19
DEAL-00413,9,2,flagged,2025-01-20,2025-01-30
DEAL-00414,8,2,approved,2026-04-25,2026-05-06
DEAL-00415,20,20,approved,2025-10-14,2025-10-17
DEAL-00416,15,15,approved,2024-08-02,2024-08-07
DEAL-00417,9,9,approved,2024-05-27,2024-05-31
DEAL-00418,14,5,approved,2026-04-25,2026-04-27
DEAL-00419,13,13,approved,2025-08-17,2025-08-20
DEAL-00420,10,10,approved,2025-10-09,2025-10-11
DEAL-00421,17,17,approved,2025-08-17,2025-08-21
DEAL-00422,17,17,approved,2025-07-29,2025-07-30
DEAL-00423,17,17,approved,2024-03-20,2024-03-22
DEAL-00424,17,17,approved,2024-07-06,2024-07-08
DEAL-00425,16,16,approved,2026-04-22,2026-04-23
DEAL-00426,15,4,pending,2025-07-30,2025-08-02
DEAL-00427,11,11,approved,2024-11-04,2024-11-09
DEAL-00428,8,8,approved,2024-12-05,2024-12-07
DEAL-00429,16,16,approved,2025-06-14,2025-06-18
DEAL-00430,16,16,approved,2025-05-15,2025-05-16
DEAL-00431,17,9,approved,2024-05-18,2024-05-31
DEAL-00432,11,7,approved,,
DEAL-00433,15,15,approved,2026-03-14,2026-03-18
DEAL-00434,15,4,flagged,2024-12-25,2025-01-05
DEAL-00435,15,5,flagged,,
DEAL-00436,18,18,approved,2024-11-07,2024-11-11
DEAL-00437,9,6,pending,2025-10-24,2025-11-01
DEAL-00438,18,18,approved,2026-04-03,2026-04-05
DEAL-00439,10,10,approved,2025-10-14,2025-10-15
DEAL-00440,19,18,flagged,2025-12-31,2026-01-01
DEAL-00441,11,11,approved,2026-03-16,2026-03-21
DEAL-00442,14,5,pending,2026-04-26,2026-05-09
DEAL-00443,15,15,approved,2025-05-24,2025-05-25
DEAL-00444,16,16,approved,2025-01-16,2025-01-19
DEAL-00445,20,20,approved,2026-03-07,2026-03-08
DEAL-00446,16,16,approved,2024-11-29,2024-12-04
DEAL-00447,16,10,flagged,2026-03-05,2026-03-08
DEAL-00448,15,15,approved,2024-10-04,2024-10-08
DEAL-00449,15,15,approved,2026-04-08,2026-04-10
DEAL-00450,13,13,approved,2024-09-07,2024-09-12
DEAL-00451,20,20,approved,2025-02-17,2025-02-20
DEAL-00452,19,14,pending,,
DEAL-00453,8,5,pending,2026-05-17,2026-05-29
DEAL-00454,17,17,approved,2024-04-07,2024-04-09
DEAL-00455,10,10,approved,2024-05-05,2024-05-10
DEAL-00456,18,18,approved,2024-07-07,2024-07-12
DEAL-00457,11,8,pending,2025-09-13,2025-09-18
DEAL-00458,12,6,pending,2024-02-26,2024-03-04
DEAL-00459,9,2,pending,2024-05-03,2024-05-12
DEAL-00460,9,6,approved,,
DEAL-00461,14,14,approved,2026-03-03,2026-03-07
DEAL-00462,9,9,approved,2025-10-06,2025-10-10
DEAL-00463,9,9,approved,2026-03-27,2026-03-29
DEAL-00464,18,3,pending,2024-08-10,2024-08-15
DEAL-00465,14,3,pending,2025-08-20,2025-08-28
DEAL-00466,14,14,approved,2024-05-21,2024-05-25
DEAL-00467,19,19,approved,2025-08-30,2025-09-04
DEAL-00468,13,13,approved,2024-07-09,2024-07-11
DEAL-00469,19,19,approved,2024-07-29,2024-08-03
DEAL-00470,9,8,pending,2024-07-27,2024-07-28
DEAL-00471,15,15,approved,2024-03-10,2024-03-15
DEAL-00472,14,5,approved,2026-05-15,2026-05-23
DEAL-00473,17,17,approved,2024-12-04,2024-12-09
DEAL-00474,17,8,flagged,2025-06-24,2025-07-03
DEAL-00475,14,14,approved,2026-01-25,2026-01-28
DEAL-00476,17,17,approved,2025-10-08,2025-10-12
DEAL-00477,18,18,approved,2025-10-06,2025-10-08
DEAL-00478,14,14,approved,2025-06-26,2025-06-30
DEAL-00479,19,13,flagged,2024-05-27,2024-06-04
DEAL-00480,11,8,approved,2026-01-12,2026-01-19
DEAL-00481,15,15,approved,2026-02-25,2026-02-27
DEAL-00482,15,15,approved,2024-03-19,2024-03-20
DEAL-00483,11,11,approved,2024-06-24,2024-06-27
DEAL-00484,10,4,pending,2026-04-18,2026-04-20
DEAL-00485,14,14,approved,2025-07-23,2025-07-28
DEAL-00486,18,18,approved,2026-03-11,2026-03-15
DEAL-00487,9,9,approved,2024-04-19,2024-04-20
DEAL-00488,19,19,approved,2024-04-14,2024-04-18
DEAL-00489,17,12,pending,2024-11-12,2024-11-19
DEAL-00490,10,10,approved,2026-04-04,2026-04-08
DEAL-00491,18,12,approved,,
DEAL-00492,19,19,approved,2025-06-09,2025-06-12
DEAL-00493,11,11,approved,2026-03-24,2026-03-29
DEAL-00494,20,20,approved,2025-04-23,2025-04-26
DEAL-00495,11,6,pending,2025-11-13,2025-11-18
DEAL-00496,20,20,approved,2025-03-20,2025-03-23
DEAL-00497,12,5,approved,,
DEAL-00498,12,12,approved,2026-03-08,2026-03-09
DEAL-00499,20,6,pending,2024-08-20,2024-08-23
DEAL-00500,8,8,approved,2025-09-09,2025-09-13
DEAL-00501,12,12,approved,2026-01-07,2026-01-10
DEAL-00502,10,10,approved,2024-05-15,2024-05-17
DEAL-00503,13,1,approved,2026-03-07,2026-03-09
DEAL-00504,12,12,approved,2025-06-29,2025-07-02
DEAL-00505,8,0,flagged,2026-03-06,
DEAL-00506,12,11,flagged,2025-10-06,2025-10-07
DEAL-00507,18,18,approved,2024-08-31,2024-09-02
DEAL-00508,10,2,pending,2025-08-08,2025-08-12
DEAL-00509,10,10,approved,2026-05-11,2026-05-13
DEAL-00510,16,16,approved,2024-06-07,2024-06-09
DEAL-00511,9,9,approved,2026-04-07,2026-04-10
DEAL-00512,8,8,approved,2024-09-12,2024-09-13
DEAL-00513,18,10,pending,2026-02-17,2026-02-19
DEAL-00514,14,10,pending,2024-01-13,2024-01-22
DEAL-00515,13,13,approved,2024-09-29,2024-10-04
DEAL-00516,17,17,approved,2025-05-05,2025-05-08
DEAL-00517,13,13,approved,2024-12-15,2024-12-16
DEAL-00518,14,14,approved,2025-12-23,2025-12-27
DEAL-00519,16,13,pending,,
DEAL-00520,18,18,approved,2024-09-30,2024-10-01
DEAL-00521,20,20,approved,2024-07-01,2024-07-06
DEAL-00522,12,6,flagged,2025-12-27,2026-01-09
DEAL-00523,9,9,approved,2025-02-09,2025-02-13
DEAL-00524,19,7,approved,2024-02-11,2024-02-14
DEAL-00525,11,11,approved,2024-03-02,2024-03-03
DEAL-00526,20,20,approved,2024-06-25,2024-06-27
DEAL-00527,18,16,pending,2026-05-02,2026-05-06
DEAL-00528,9,3,pending,2025-08-23,2025-08-29
DEAL-00529,8,8,approved,2026-05-12,2026-05-14
DEAL-00530,17,17,approved,2024-12-20,2024-12-22
DEAL-00531,20,20,approved,2026-01-01,2026-01-04
DEAL-00532,19,19,approved,2026-02-10,2026-02-13
DEAL-00533,14,14,approved,2026-05-07,2026-05-10
DEAL-00534,16,16,approved,2026-02-27,2026-03-04
DEAL-00535,12,12,approved,2026-03-10,2026-03-12
DEAL-00536,8,5,pending,2025-11-25,2025-11-30
DEAL-00537,17,17,approved,2026-02-04,2026-02-08
DEAL-00538,18,0,approved,2024-03-27,
DEAL-00539,9,9,approved,2025-04-27,2025-04-29
DEAL-00540,20,20,approved,2026-04-13,2026-04-15
DEAL-00541,14,14,approved,2026-04-23,2026-04-24
DEAL-00542,15,15,approved,2024-05-17,2024-05-20
DEAL-00543,9,9,approved,2025-04-02,2025-04-04
DEAL-00544,17,12,pending,2025-05-14,2025-05-18
DEAL-00545,17,17,approved,2025-07-01,2025-07-02
DEAL-00546,19,19,approved,2025-01-09,2025-01-11
DEAL-00547,20,20,approved,2025-02-10,2025-02-15
DEAL-00548,19,14,pending,2024-06-22,2024-06-27
DEAL-00549,19,19,approved,2025-10-31,2025-11-01
DEAL-00550,17,4,flagged,2026-02-16,2026-02-26
DEAL-00551,10,8,approved,2024-06-03,2024-06-04
DEAL-00552,20,20,approved,2025-06-28,2025-07-03
DEAL-00553,8,8,approved,2026-05-02,2026-05-07
DEAL-00554,10,10,approved,2025-09-02,2025-09-03
DEAL-00555,14,14,approved,2026-02-22,2026-02-25
DEAL-00556,15,12,flagged,2024-03-30,2024-04-04
DEAL-00557,17,17,approved,2025-04-13,2025-04-18
DEAL-00558,10,4,pending,2025-04-30,2025-05-14
DEAL-00559,18,2,approved,2024-07-20,2024-07-26
DEAL-00560,11,11,approved,2024-04-04,2024-04-07
DEAL-00561,18,18,approved,2026-01-19,2026-01-22
DEAL-00562,9,9,approved,2024-12-21,2024-12-22
DEAL-00563,17,11,flagged,2025-12-26,2025-12-29
DEAL-00564,17,17,approved,2025-10-21,2025-10-26
DEAL-00565,19,16,approved,2024-03-21,2024-03-24
DEAL-00566,14,9,pending,2025-12-10,2025-12-17
DEAL-00567,10,10,approved,2025-11-22,2025-11-27
DEAL-00568,17,17,approved,2024-11-05,2024-11-07
DEAL-00569,18,7,pending,2025-06-18,2025-06-29
DEAL-00570,8,4,pending,2025-05-23,2025-06-05
DEAL-00571,9,9,approved,2026-02-27,2026-03-04
DEAL-00572,10,10,approved,2026-03-25,2026-03-27
DEAL-00573,14,14,approved,2024-11-17,2024-11-21
DEAL-00574,12,12,approved,2024-02-25,2024-02-28
DEAL-00575,16,13,approved,,
DEAL-00576,16,12,approved,2025-09-02,2025-09-07
DEAL-00577,8,5,flagged,2025-10-03,2025-10-09
DEAL-00578,19,19,approved,2024-08-22,2024-08-23
DEAL-00579,9,9,approved,2026-05-21,2026-05-22
DEAL-00580,12,8,flagged,2025-07-01,2025-07-12
DEAL-00581,8,4,pending,2025-06-05,2025-06-07
DEAL-00582,11,11,approved,2026-02-15,2026-02-18
DEAL-00583,14,2,approved,2024-12-16,2024-12-29
DEAL-00584,12,12,approved,2024-04-29,2024-05-02
DEAL-00585,17,17,approved,2024-07-24,2024-07-25
DEAL-00586,12,12,approved,2025-06-02,2025-06-04
DEAL-00587,12,12,approved,2025-09-01,2025-09-06
DEAL-00588,13,13,flagged,2026-03-27,2026-03-31
DEAL-00589,16,16,approved,2026-04-22,2026-04-25
DEAL-00590,18,18,approved,2025-11-01,2025-11-04
DEAL-00591,12,5,approved,2026-04-10,2026-04-24
DEAL-00592,20,20,approved,2025-07-13,2025-07-17
DEAL-00593,10,10,approved,2024-10-19,2024-10-21
DEAL-00594,20,20,approved,2024-08-02,2024-08-07
DEAL-00595,9,9,approved,2024-08-18,2024-08-22
DEAL-00596,9,5,pending,2025-05-13,2025-05-27
DEAL-00597,14,14,approved,2024-09-22,2024-09-25
DEAL-00598,15,3,flagged,2026-03-24,2026-04-04
DEAL-00599,13,13,approved,2026-03-17,2026-03-22
DEAL-00600,17,17,approved,2026-01-06,2026-01-08
DEAL-00601,14,14,approved,2025-12-23,2025-12-27
DEAL-00602,12,12,approved,2025-06-17,2025-06-22
DEAL-00603,8,8,approved,2025-02-26,2025-02-27
DEAL-00604,12,12,approved,2025-08-13,2025-08-17
DEAL-00605,13,13,approved,2026-04-07,2026-04-11
DEAL-00606,20,18,pending,2024-06-07,2024-06-11
DEAL-00607,13,13,approved,2026-04-25,2026-04-29
DEAL-00608,15,15,approved,2026-01-20,2026-01-21
DEAL-00609,20,20,approved,2025-09-13,2025-09-15
DEAL-00610,8,8,approved,2024-06-20,2024-06-25
DEAL-00611,8,8,approved,2026-04-19,2026-04-24
DEAL-00612,17,17,approved,2026-01-13,2026-01-15
DEAL-00613,15,15,approved,2024-11-08,2024-11-10
DEAL-00614,16,12,flagged,,
DEAL-00615,11,11,approved,2024-04-25,2024-04-28
DEAL-00616,10,4,flagged,2024-06-14,2024-06-21
DEAL-00617,12,12,approved,2026-03-23,2026-03-25
DEAL-00618,19,9,flagged,2025-08-16,2025-08-26
DEAL-00619,14,14,flagged,,
DEAL-00620,16,3,pending,2024-07-14,2024-07-18
DEAL-00621,17,17,approved,2025-11-07,2025-11-08
DEAL-00622,10,10,approved,2024-11-02,2024-11-06
DEAL-00623,8,2,flagged,,
DEAL-00624,14,13,pending,,
DEAL-00625,16,16,approved,2025-10-11,2025-10-14
DEAL-00626,17,6,pending,2025-06-18,2025-06-29
DEAL-00627,12,6,pending,2025-06-24,2025-06-30
DEAL-00628,13,13,approved,2025-01-31,2025-02-03
DEAL-00629,15,15,approved,2026-01-03,2026-01-08
DEAL-00630,10,6,flagged,2025-03-09,2025-03-16
DEAL-00631,19,19,approved,2025-06-07,2025-06-12
DEAL-00632,17,17,approved,2024-10-18,2024-10-22
DEAL-00633,20,20,approved,2026-03-03,2026-03-06
DEAL-00634,17,17,approved,2025-05-09,2025-05-14
DEAL-00635,17,17,approved,2025-08-20,2025-08-21
DEAL-00636,18,18,approved,2024-06-20,2024-06-21
DEAL-00637,16,5,approved,2026-03-13,2026-03-22
DEAL-00638,8,4,flagged,2025-05-20,2025-06-01
DEAL-00639,14,14,approved,2025-06-01,2025-06-03
DEAL-00640,10,10,approved,2024-09-07,2024-09-09
DEAL-00641,19,18,approved,2024-09-09,2024-09-10
DEAL-00642,15,15,approved,2026-01-23,2026-01-24
DEAL-00643,14,14,approved,2024-04-13,2024-04-14
DEAL-00644,20,20,approved,2026-03-02,2026-03-04
DEAL-00645,17,4,approved,,
DEAL-00646,14,13,approved,2024-03-28,2024-04-02
DEAL-00647,8,4,flagged,2026-04-17,2026-04-20
DEAL-00648,18,18,approved,2024-11-09,2024-11-11
DEAL-00649,12,12,approved,2025-04-20,2025-04-25
DEAL-00650,10,10,approved,2026-03-24,2026-03-29
DEAL-00651,11,11,approved,2024-12-08,2024-12-12
DEAL-00652,20,3,flagged,2025-01-30,2025-02-13
DEAL-00653,12,12,approved,2025-12-31,2026-01-04
DEAL-00654,19,19,approved,2025-07-19,2025-07-20
DEAL-00655,16,3,approved,2025-10-19,2025-10-31
DEAL-00656,10,10,approved,2025-10-31,2025-11-03
DEAL-00657,12,12,approved,2024-04-15,2024-04-19
DEAL-00658,19,3,flagged,2026-03-07,2026-03-15
DEAL-00659,14,2,pending,2025-09-14,2025-09-21
DEAL-00660,20,20,approved,2025-04-16,2025-04-20
DEAL-00661,11,11,approved,2026-04-28,2026-05-01
DEAL-00662,15,15,approved,2025-07-05,2025-07-06
DEAL-00663,19,2,pending,2024-08-09,2024-08-13
DEAL-00664,11,11,approved,2025-12-08,2025-12-13
DEAL-00665,13,13,approved,2025-12-31,2026-01-03
DEAL-00666,12,12,approved,2025-06-11,2025-06-14
DEAL-00667,14,6,approved,2025-07-09,2025-07-16
DEAL-00668,17,17,approved,2024-11-10,2024-11-14
DEAL-00669,9,1,pending,2024-04-18,2024-04-26
DEAL-00670,9,3,flagged,2025-04-13,2025-04-19
DEAL-00671,10,9,flagged,2025-09-30,2025-10-02
DEAL-00672,14,14,approved,2024-12-01,2024-12-03
DEAL-00673,10,5,approved,2025-04-12,2025-04-17
DEAL-00674,9,9,approved,2024-09-06,2024-09-11
DEAL-00675,10,10,approved,2025-10-26,2025-10-30
DEAL-00676,8,8,approved,2025-05-13,2025-05-16
DEAL-00677,8,8,approved,2024-10-29,2024-10-31
DEAL-00678,14,14,flagged,2026-05-04,2026-05-05
DEAL-00679,17,4,approved,2024-10-08,2024-10-13
DEAL-00680,13,13,approved,2024-06-19,2024-06-20
DEAL-00681,20,20,approved,2026-04-12,2026-04-15
DEAL-00682,15,15,approved,2025-04-21,2025-04-23
DEAL-00683,11,1,pending,2024-09-07,2024-09-12
DEAL-00684,18,18,approved,2026-04-20,2026-04-25
DEAL-00685,13,13,approved,2024-12-19,2024-12-22
DEAL-00686,8,8,approved,2025-08-26,2025-08-30
DEAL-00687,16,9,approved,2026-03-28,2026-04-04
DEAL-00688,13,1,flagged,2025-07-14,2025-07-21
DEAL-00689,16,16,approved,2024-07-26,2024-07-30
DEAL-00690,17,17,approved,2025-12-13,2025-12-15
DEAL-00691,18,18,approved,2025-01-28,2025-01-30
DEAL-00692,11,10,pending,2025-02-25,2025-02-26
DEAL-00693,13,13,approved,2026-03-23,2026-03-27
DEAL-00694,12,12,approved,2026-04-12,2026-04-16
DEAL-00695,8,2,flagged,2025-10-03,2025-10-06
DEAL-00696,13,13,approved,2024-05-20,2024-05-24
DEAL-00697,11,8,pending,2024-09-14,2024-09-17
DEAL-00698,19,19,approved,2025-11-04,2025-11-05
DEAL-00699,8,8,approved,2024-06-07,2024-06-10
DEAL-00700,16,16,approved,2026-03-04,2026-03-09
DEAL-00701,18,18,approved,2026-03-16,2026-03-21
DEAL-00702,9,9,approved,2024-08-06,2024-08-10
DEAL-00703,10,10,approved,2025-11-30,2025-12-02
DEAL-00704,12,9,pending,2024-11-05,2024-11-19
DEAL-00705,8,5,pending,2026-03-19,2026-04-01
DEAL-00706,19,19,approved,2024-11-30,2024-12-04
DEAL-00707,8,8,approved,2024-09-23,2024-09-25
DEAL-00708,9,6,flagged,2025-11-13,2025-11-17
DEAL-00709,15,2,approved,2026-03-15,2026-03-22
DEAL-00710,8,8,approved,2026-03-19,2026-03-22
DEAL-00711,13,7,flagged,2026-03-07,2026-03-21
DEAL-00712,15,15,approved,2025-07-18,2025-07-20
DEAL-00713,13,9,flagged,,
DEAL-00714,19,12,flagged,2024-10-14,2024-10-28
DEAL-00715,15,15,approved,2024-12-25,2024-12-29
DEAL-00716,18,18,approved,2026-03-10,2026-03-15
DEAL-00717,14,14,approved,2025-05-26,2025-05-27
DEAL-00718,19,19,approved,2024-06-02,2024-06-07
DEAL-00719,19,5,approved,2024-03-04,2024-03-10
DEAL-00720,20,20,approved,2025-09-07,2025-09-12
DEAL-00721,17,17,approved,2024-09-02,2024-09-03
DEAL-00722,12,2,pending,2026-04-27,2026-05-11
DEAL-00723,18,18,approved,2024-10-17,2024-10-22
DEAL-00724,12,12,approved,2024-07-30,2024-08-03
DEAL-00725,9,9,approved,2024-06-21,2024-06-24
DEAL-00726,8,8,approved,2024-09-03,2024-09-05
DEAL-00727,15,13,flagged,2025-01-12,2025-01-13
DEAL-00728,14,14,approved,2024-05-23,2024-05-27
DEAL-00729,16,14,pending,2025-11-20,2025-11-23
DEAL-00730,19,19,approved,2026-02-25,2026-03-01
DEAL-00731,11,3,pending,2024-05-20,2024-05-25
DEAL-00732,17,17,approved,2025-10-18,2025-10-20
DEAL-00733,18,9,pending,2025-01-01,2025-01-15
DEAL-00734,12,9,flagged,2025-12-21,2025-12-24
DEAL-00735,10,10,approved,2026-04-03,2026-04-07
DEAL-00736,12,12,approved,2024-07-04,2024-07-08
DEAL-00737,19,19,approved,2024-04-20,2024-04-25
DEAL-00738,18,14,flagged,2024-12-15,2024-12-21
DEAL-00739,13,13,approved,2025-05-11,2025-05-14
DEAL-00740,9,9,approved,2024-11-12,2024-11-17
DEAL-00741,11,11,approved,2026-03-19,2026-03-24
DEAL-00742,8,8,approved,2025-11-01,2025-11-02
DEAL-00743,14,14,approved,2024-08-27,2024-08-28
DEAL-00744,8,2,pending,2024-08-27,2024-09-02
DEAL-00745,15,15,approved,2026-05-02,2026-05-07
DEAL-00746,13,13,approved,2026-04-06,2026-04-07
DEAL-00747,17,9,flagged,,
DEAL-00748,19,19,approved,2025-03-19,2025-03-22
DEAL-00749,11,11,approved,2026-02-25,2026-02-27
DEAL-00750,11,2,approved,2025-01-22,2025-01-30
DEAL-00751,19,13,flagged,2025-05-27,2025-06-06
DEAL-00752,20,20,approved,2026-04-06,2026-04-10
DEAL-00753,11,11,approved,2026-04-04,2026-04-07
DEAL-00754,15,15,approved,2026-02-14,2026-02-18
DEAL-00755,8,8,approved,2025-12-23,2025-12-25
DEAL-00756,19,19,approved,2024-11-28,2024-11-29
DEAL-00757,20,9,pending,2026-03-10,2026-03-12
DEAL-00758,15,15,approved,2026-04-18,2026-04-22
DEAL-00759,18,6,flagged,2026-03-01,2026-03-15
DEAL-00760,15,15,approved,2025-08-30,2025-08-31
DEAL-00761,20,20,approved,2025-11-12,2025-11-16
DEAL-00762,12,12,approved,2025-07-29,2025-08-03
DEAL-00763,12,12,approved,2025-07-28,2025-07-30
DEAL-00764,15,14,flagged,,
DEAL-00765,17,6,approved,2024-05-13,2024-05-23
DEAL-00766,19,19,approved,2026-03-12,2026-03-13
DEAL-00767,13,13,approved,2024-05-21,2024-05-26
DEAL-00768,17,17,approved,2024-06-27,2024-06-28
DEAL-00769,19,19,approved,2024-07-25,2024-07-29
DEAL-00770,17,17,approved,2024-05-06,2024-05-07
DEAL-00771,14,1,pending,2024-08-19,2024-09-01
DEAL-00772,8,8,approved,2025-05-27,2025-05-31
DEAL-00773,17,17,approved,2024-07-14,2024-07-18
DEAL-00774,12,12,approved,2026-05-04,2026-05-08
DEAL-00775,14,14,approved,2025-09-05,2025-09-07
DEAL-00776,20,13,approved,2024-06-02,2024-06-14
DEAL-00777,15,15,approved,2026-03-16,2026-03-19
DEAL-00778,14,1,approved,2024-03-26,2024-04-09
DEAL-00779,9,9,approved,2025-09-07,2025-09-08
DEAL-00780,16,11,flagged,2024-10-23,2024-10-29
DEAL-00781,11,2,flagged,2024-06-16,2024-06-22
DEAL-00782,11,11,approved,2026-03-28,2026-04-01
DEAL-00783,14,14,approved,2024-08-16,2024-08-17
DEAL-00784,19,19,approved,2025-03-21,2025-03-26
DEAL-00785,11,7,flagged,2024-06-11,2024-06-21
DEAL-00786,11,11,approved,2025-02-23,2025-02-24
DEAL-00787,16,16,approved,2024-05-01,2024-05-03
DEAL-00788,8,8,approved,2025-08-16,2025-08-19
DEAL-00789,15,15,approved,2026-03-23,2026-03-27
DEAL-00790,9,9,approved,2024-06-03,2024-06-05
DEAL-00791,17,17,approved,2025-01-19,2025-01-21
DEAL-00792,18,18,approved,2024-05-22,2024-05-27
DEAL-00793,19,19,approved,2024-12-20,2024-12-24
DEAL-00794,11,2,pending,2026-05-09,2026-05-16
DEAL-00795,12,12,approved,2026-02-27,2026-03-03
DEAL-00796,8,7,flagged,2024-10-12,2024-10-13
DEAL-00797,16,16,approved,2024-03-01,2024-03-02
DEAL-00798,18,18,approved,2024-04-25,2024-04-27
DEAL-00799,13,13,approved,2024-10-15,2024-10-19
DEAL-00800,9,9,approved,2025-10-27,2025-10-29
DEAL-00801,12,12,approved,2026-03-24,2026-03-28
DEAL-00802,20,20,approved,2024-06-20,2024-06-24
DEAL-00803,10,8,flagged,2024-11-16,2024-11-19
DEAL-00804,10,2,pending,2026-05-09,2026-05-11
DEAL-00805,18,18,approved,2025-02-11,2025-02-16
DEAL-00806,18,18,approved,2025-04-29,2025-05-03
DEAL-00807,16,9,flagged,2025-06-06,2025-06-15
DEAL-00808,20,20,approved,2025-03-18,2025-03-23
DEAL-00809,20,20,approved,2026-03-05,2026-03-08
DEAL-00810,12,12,approved,2024-06-29,2024-06-30
DEAL-00811,19,19,approved,2025-06-14,2025-06-19
DEAL-00812,19,11,pending,2025-06-25,2025-07-04
DEAL-00813,20,4,flagged,2024-11-16,2024-11-28
DEAL-00814,11,5,pending,2024-01-31,2024-02-11
DEAL-00815,19,19,approved,2025-12-22,2025-12-24
DEAL-00816,19,19,approved,2025-04-02,2025-04-06
DEAL-00817,20,20,approved,2025-01-11,2025-01-15
DEAL-00818,13,13,approved,2024-03-06,2024-03-11
DEAL-00819,15,15,approved,2025-05-08,2025-05-09
DEAL-00820,17,17,approved,2024-03-06,2024-03-07
DEAL-00821,13,13,approved,2025-12-06,2025-12-07
DEAL-00822,17,11,flagged,2025-06-23,2025-07-07
DEAL-00823,15,15,approved,2026-02-27,2026-03-03
DEAL-00824,13,7,flagged,2025-12-20,2025-12-29
DEAL-00825,15,15,approved,2025-08-19,2025-08-24
DEAL-00826,10,10,approved,2024-09-04,2024-09-05
DEAL-00827,20,20,approved,2026-03-19,2026-03-21
DEAL-00828,14,14,approved,2025-11-04,2025-11-06
DEAL-00829,19,19,approved,2025-09-26,2025-09-29
DEAL-00830,14,11,approved,2024-02-10,2024-02-21
DEAL-00831,13,13,approved,2026-04-16,2026-04-17
DEAL-00832,17,17,approved,2024-05-03,2024-05-05
DEAL-00833,10,6,flagged,2026-03-10,2026-03-13
DEAL-00834,11,11,approved,2024-08-28,2024-09-02
DEAL-00835,12,12,approved,2024-08-05,2024-08-09
DEAL-00836,8,8,approved,2024-03-30,2024-03-31
DEAL-00837,20,3,flagged,2025-11-17,2025-11-27
DEAL-00838,18,18,approved,2024-10-12,2024-10-17
DEAL-00839,9,9,approved,2024-09-22,2024-09-26
DEAL-00840,8,8,approved,2025-12-09,2025-12-10
DEAL-00841,17,4,flagged,2025-03-01,2025-03-09
DEAL-00842,15,15,approved,2024-05-17,2024-05-20
DEAL-00843,18,18,approved,2024-05-01,2024-05-06
DEAL-00844,12,12,approved,2026-02-25,2026-02-28
DEAL-00845,16,16,approved,2024-07-25,2024-07-29
DEAL-00846,17,10,pending,2024-08-01,2024-08-15
DEAL-00847,20,8,flagged,2026-03-06,2026-03-11
DEAL-00848,19,3,pending,2025-08-29,2025-09-01
DEAL-00849,16,16,approved,2025-12-20,2025-12-22
DEAL-00850,11,11,approved,2024-03-30,2024-04-04
DEAL-00851,13,10,pending,2024-12-03,2024-12-06
DEAL-00852,8,8,approved,2025-09-25,2025-09-27
DEAL-00853,13,13,approved,2025-08-11,2025-08-16
DEAL-00854,18,18,approved,2024-08-11,2024-08-16
DEAL-00855,9,6,pending,2024-11-06,2024-11-16
DEAL-00856,12,12,approved,2025-07-07,2025-07-11
DEAL-00857,13,8,pending,2025-07-11,2025-07-23
DEAL-00858,13,13,approved,2024-05-26,2024-05-27
DEAL-00859,20,20,approved,2024-10-02,2024-10-03
DEAL-00860,14,5,flagged,2026-03-22,2026-04-04
DEAL-00861,9,8,pending,2025-03-26,2025-03-27
DEAL-00862,18,18,approved,2026-05-08,2026-05-10
DEAL-00863,15,10,pending,2026-04-01,2026-04-12
DEAL-00864,18,17,flagged,2025-08-21,2025-08-23
DEAL-00865,17,17,approved,2025-04-19,2025-04-22
DEAL-00866,11,10,approved,2024-07-04,2024-07-06
DEAL-00867,12,12,approved,2024-09-15,2024-09-19
DEAL-00868,9,9,approved,2024-07-30,2024-08-01
DEAL-00869,19,16,approved,2024-04-06,2024-04-07
DEAL-00870,20,20,approved,2025-12-03,2025-12-06
DEAL-00871,20,20,approved,2025-09-09,2025-09-10
DEAL-00872,13,2,flagged,2024-10-01,2024-10-13
DEAL-00873,16,6,pending,2024-10-11,2024-10-18
DEAL-00874,8,8,approved,2025-03-25,2025-03-30
DEAL-00875,14,14,approved,2024-07-03,2024-07-08
DEAL-00876,19,19,approved,2025-01-27,2025-01-28
DEAL-00877,8,8,approved,2025-04-27,2025-05-01
DEAL-00878,9,9,approved,2026-03-23,2026-03-25
DEAL-00879,10,10,approved,2024-03-15,2024-03-16
DEAL-00880,18,6,flagged,2025-05-01,2025-05-06
DEAL-00881,15,15,approved,2025-01-14,2025-01-15
DEAL-00882,20,20,approved,2024-11-19,2024-11-21
DEAL-00883,16,16,approved,2024-10-17,2024-10-18
DEAL-00884,15,8,flagged,2024-02-18,2024-03-02
DEAL-00885,14,7,flagged,2024-10-20,2024-11-03
DEAL-00886,17,17,approved,2025-09-11,2025-09-15
DEAL-00887,9,9,approved,2026-05-04,2026-05-06
DEAL-00888,10,10,approved,2025-06-28,2025-07-02
DEAL-00889,12,3,pending,2025-09-08,2025-09-12
DEAL-00890,14,6,flagged,2026-04-05,2026-04-16
DEAL-00891,12,2,approved,2025-06-06,2025-06-17
DEAL-00892,19,19,approved,2025-03-07,2025-03-11
DEAL-00893,17,17,approved,2025-06-14,2025-06-16
DEAL-00894,10,6,flagged,2024-11-07,2024-11-11
DEAL-00895,19,19,approved,2024-03-22,2024-03-24
DEAL-00896,13,13,approved,2025-07-07,2025-07-10
DEAL-00897,10,10,approved,2026-03-11,2026-03-15
DEAL-00898,19,19,approved,2025-08-05,2025-08-10
DEAL-00899,17,17,approved,2026-03-12,2026-03-15
DEAL-00900,11,11,approved,2025-11-11,2025-11-13
DEAL-00901,15,15,approved,2025-06-04,2025-06-09
DEAL-00902,18,18,approved,2025-08-14,2025-08-16
DEAL-00903,12,12,approved,2025-08-16,2025-08-19
DEAL-00904,11,11,approved,2024-06-23,2024-06-28
DEAL-00905,20,10,approved,2026-02-23,2026-03-06
DEAL-00906,17,17,approved,2024-04-16,2024-04-17
DEAL-00907,16,5,flagged,2024-12-13,2024-12-21
DEAL-00908,10,10,approved,2026-04-12,2026-04-13
DEAL-00909,17,17,approved,2024-05-06,2024-05-09
DEAL-00910,18,18,approved,2026-02-18,2026-02-19
DEAL-00911,13,13,approved,2025-02-16,2025-02-19
DEAL-00912,14,10,approved,,
DEAL-00913,14,14,approved,2025-12-25,2025-12-27
DEAL-00914,10,10,approved,2024-04-22,2024-04-23
DEAL-00915,13,9,pending,2024-12-08,2024-12-16
DEAL-00916,8,8,approved,2025-06-04,2025-06-09
DEAL-00917,11,11,approved,2025-04-18,2025-04-21
DEAL-00918,20,15,approved,2025-12-10,2025-12-23
DEAL-00919,16,16,approved,2025-03-01,2025-03-03
DEAL-00920,11,11,approved,2026-04-23,2026-04-28
DEAL-00921,20,20,approved,2025-11-11,2025-11-14
DEAL-00922,14,14,approved,2024-08-01,2024-08-06
DEAL-00923,16,13,flagged,2024-10-11,2024-10-14
DEAL-00924,15,15,approved,2026-04-16,2026-04-20
DEAL-00925,10,10,approved,2025-01-07,2025-01-11
DEAL-00926,15,15,approved,2026-05-07,2026-05-11
DEAL-00927,14,14,approved,2024-05-29,2024-06-01
DEAL-00928,16,4,pending,2024-10-02,2024-10-13
DEAL-00929,13,13,approved,2025-03-18,2025-03-22
DEAL-00930,17,2,pending,2026-04-12,2026-04-23
DEAL-00931,14,14,approved,2024-08-05,2024-08-09
DEAL-00932,11,7,pending,2024-02-22,2024-02-29
DEAL-00933,13,13,approved,2024-04-17,2024-04-20
DEAL-00934,14,7,pending,2025-09-09,2025-09-20
DEAL-00935,16,16,approved,2026-01-20,2026-01-22
DEAL-00936,17,17,approved,2024-07-30,2024-08-01
DEAL-00937,9,9,approved,2026-04-27,2026-05-01
DEAL-00938,18,18,approved,2025-01-10,2025-01-11
DEAL-00939,9,9,approved,2024-07-16,2024-07-21
DEAL-00940,15,6,flagged,2025-09-05,2025-09-17
DEAL-00941,9,9,approved,2024-02-14,2024-02-16
DEAL-00942,8,2,pending,2026-05-06,2026-05-20
DEAL-00943,13,13,approved,2024-06-27,2024-06-30
DEAL-00944,13,5,pending,2024-05-25,2024-06-03
DEAL-00945,19,19,approved,2026-05-06,2026-05-07
DEAL-00946,14,14,approved,2025-11-19,2025-11-23
DEAL-00947,14,2,flagged,2025-10-18,2025-10-23
DEAL-00948,14,14,approved,2024-07-28,2024-08-01
DEAL-00949,10,1,flagged,2025-07-29,2025-08-12
DEAL-00950,9,7,pending,2025-12-27,2026-01-04
DEAL-00951,13,13,approved,2025-09-07,2025-09-10
DEAL-00952,15,15,approved,2025-04-23,2025-04-24
DEAL-00953,12,12,approved,2024-07-07,2024-07-12
DEAL-00954,17,17,approved,2025-10-19,2025-10-20
DEAL-00955,8,8,approved,2025-05-28,2025-05-30
DEAL-00956,8,8,approved,2025-05-24,2025-05-29
DEAL-00957,17,17,approved,2025-05-01,2025-05-04
DEAL-00958,13,13,approved,2025-07-25,2025-07-26
DEAL-00959,8,8,approved,2026-05-09,2026-05-14
DEAL-00960,13,13,approved,2025-11-02,2025-11-03
DEAL-00961,14,8,pending,2026-05-11,2026-05-21
DEAL-00962,8,3,approved,,
DEAL-00963,8,4,pending,2025-03-10,2025-03-16
DEAL-00964,10,10,approved,2024-09-02,2024-09-05
DEAL-00965,9,5,pending,2025-05-30,2025-06-04
DEAL-00966,11,1,pending,2026-02-21,2026-02-26
DEAL-00967,16,11,flagged,2024-06-15,2024-06-20
DEAL-00968,19,19,approved,2024-05-30,2024-06-03
DEAL-00969,12,8,approved,2024-08-27,2024-08-29
DEAL-00970,19,19,approved,2025-09-13,2025-09-17
DEAL-00971,11,8,pending,2025-02-04,2025-02-13
DEAL-00972,19,19,approved,2025-04-23,2025-04-24
DEAL-00973,18,18,approved,2026-03-19,2026-03-20
DEAL-00974,12,12,approved,2024-12-17,2024-12-19
DEAL-00975,8,8,approved,2024-03-07,2024-03-10
DEAL-00976,11,11,approved,2025-02-14,2025-02-16
DEAL-00977,11,11,approved,2026-04-05,2026-04-07
DEAL-00978,11,7,pending,2025-07-16,2025-07-20
DEAL-00979,13,13,approved,2026-04-10,2026-04-14
DEAL-00980,16,16,approved,2026-03-06,2026-03-09
DEAL-00981,14,14,approved,2026-03-15,2026-03-17
DEAL-00982,9,9,approved,2025-05-29,2025-05-31
DEAL-00983,20,20,approved,2026-04-12,2026-04-14
DEAL-00984,15,4,pending,2026-04-26,2026-05-09
DEAL-00985,9,9,approved,2026-04-14,2026-04-18
DEAL-00986,19,19,approved,2025-10-29,2025-11-02
DEAL-00987,18,18,approved,2026-05-01,2026-05-04
DEAL-00988,16,16,approved,2025-07-18,2025-07-20
DEAL-00989,20,20,approved,2026-03-19,2026-03-24
DEAL-00990,19,4,flagged,2024-08-25,2024-09-04
DEAL-00991,18,18,approved,2024-05-04,2024-05-08
DEAL-00992,12,12,approved,2025-06-12,2025-06-17
DEAL-00993,13,13,approved,2026-03-05,2026-03-08
DEAL-00994,18,18,approved,2024-07-24,2024-07-28
DEAL-00995,12,12,approved,2026-04-26,2026-04-27
DEAL-00996,9,9,approved,2024-10-10,2024-10-12
DEAL-00997,11,11,approved,2025-11-27,2025-12-01
DEAL-00998,12,12,approved,2025-04-18,2025-04-22
DEAL-00999,14,14,approved,2026-03-07,2026-03-12
DEAL-01000,13,13,approved,2025-07-15,2025-07-18
DEAL-01001,16,16,approved,2024-08-26,2024-08-27
DEAL-01002,15,15,approved,2025-01-07,2025-01-09
DEAL-01003,12,12,approved,2026-02-01,2026-02-02
DEAL-01004,14,14,approved,2025-07-17,2025-07-18
DEAL-01005,18,11,pending,2026-03-26,2026-04-05
DEAL-01006,13,13,approved,2025-05-09,2025-05-14
DEAL-01007,13,13,approved,2025-06-25,2025-06-27
DEAL-01008,9,9,approved,2025-06-26,2025-07-01
DEAL-01009,14,9,pending,2024-08-30,2024-09-08
DEAL-01010,20,15,approved,2024-11-21,2024-11-28
DEAL-01011,14,6,pending,2026-05-19,2026-05-23
DEAL-01012,20,20,approved,2024-10-11,2024-10-14
DEAL-01013,18,18,approved,2024-10-18,2024-10-19
DEAL-01014,10,10,approved,2024-04-04,2024-04-06
DEAL-01015,11,11,approved,2025-03-05,2025-03-07
DEAL-01016,18,10,pending,2025-02-20,2025-02-27
DEAL-01017,11,11,approved,2024-03-04,2024-03-07
DEAL-01018,8,2,pending,2026-04-25,2026-05-08
DEAL-01019,9,8,approved,2025-04-04,2025-04-07
DEAL-01020,20,20,approved,2025-09-25,2025-09-29
DEAL-01021,19,19,approved,2024-04-26,2024-04-30
DEAL-01022,10,10,approved,2026-04-15,2026-04-17
DEAL-01023,17,17,approved,2024-12-28,2025-01-01
DEAL-01024,11,11,approved,2025-05-18,2025-05-21
DEAL-01025,10,10,approved,2025-02-05,2025-02-07
DEAL-01026,13,13,approved,2025-01-26,2025-01-31
DEAL-01027,10,0,pending,2025-09-04,
DEAL-01028,11,3,flagged,2025-07-11,2025-07-16
DEAL-01029,11,11,approved,2024-09-22,2024-09-24
DEAL-01030,17,9,flagged,2024-10-07,2024-10-10
DEAL-01031,13,9,pending,2025-02-11,2025-02-17
DEAL-01032,12,12,approved,2024-03-19,2024-03-24
DEAL-01033,16,11,pending,2025-11-18,2025-11-27
DEAL-01034,8,2,flagged,2025-10-29,2025-11-11
DEAL-01035,12,9,flagged,2024-04-14,2024-04-24
DEAL-01036,17,12,flagged,2024-05-14,2024-05-23
DEAL-01037,16,16,approved,2024-02-10,2024-02-13
DEAL-01038,10,10,approved,2025-09-11,2025-09-13
DEAL-01039,19,19,approved,2025-01-09,2025-01-13
DEAL-01040,17,7,flagged,2026-03-04,2026-03-13
DEAL-01041,9,9,approved,2025-08-15,2025-08-19
DEAL-01042,13,7,flagged,2024-06-20,2024-07-01
DEAL-01043,10,10,approved,2024-08-04,2024-08-09
DEAL-01044,14,14,approved,2024-05-31,2024-06-05
DEAL-01045,18,18,approved,2025-06-07,2025-06-09
DEAL-01046,13,12,pending,2025-06-25,2025-06-28
DEAL-01047,19,19,approved,2024-07-13,2024-07-15
DEAL-01048,12,12,approved,2024-07-12,2024-07-16
DEAL-01049,18,8,flagged,2025-02-07,2025-02-12
DEAL-01050,8,8,approved,2026-03-06,2026-03-09
DEAL-01051,11,11,approved,2024-08-21,2024-08-25
DEAL-01052,13,13,approved,2025-06-02,2025-06-06
DEAL-01053,13,13,approved,2025-09-19,2025-09-20
DEAL-01054,15,15,approved,2026-05-04,2026-05-06
DEAL-01055,10,10,approved,2024-10-20,2024-10-23
DEAL-01056,15,15,approved,2025-04-25,2025-04-26
DEAL-01057,20,9,pending,2024-03-29,2024-04-09
DEAL-01058,9,9,approved,2026-03-24,2026-03-28
DEAL-01059,18,18,approved,2025-06-07,2025-06-09
DEAL-01060,17,17,approved,2025-11-01,2025-11-05
DEAL-01061,19,18,flagged,2025-04-21,2025-04-23
DEAL-01062,16,16,approved,2026-05-13,2026-05-17
DEAL-01063,9,3,approved,2024-02-10,2024-02-13
DEAL-01064,11,2,pending,2024-10-10,2024-10-12
DEAL-01065,20,20,approved,2025-08-24,2025-08-28
DEAL-01066,15,15,approved,2026-05-05,2026-05-10
DEAL-01067,9,6,flagged,2024-04-19,2024-04-26
DEAL-01068,12,12,approved,2024-06-19,2024-06-24
DEAL-01069,11,11,approved,2025-09-07,2025-09-10
DEAL-01070,19,11,flagged,2025-03-23,2025-04-01
DEAL-01071,9,3,flagged,2024-10-30,2024-11-02
DEAL-01072,15,0,pending,2025-02-22,
DEAL-01073,8,8,approved,2025-07-22,2025-07-26
DEAL-01074,13,13,approved,2025-01-03,2025-01-04
DEAL-01075,13,13,approved,2025-02-27,2025-03-01
DEAL-01076,17,17,approved,2026-04-06,2026-04-11
DEAL-01077,14,9,approved,2024-04-26,2024-04-30
DEAL-01078,17,7,flagged,,
DEAL-01079,15,15,approved,2024-10-18,2024-10-19
DEAL-01080,12,12,approved,2026-05-19,2026-05-20
DEAL-01081,9,6,pending,2025-04-11,2025-04-22
DEAL-01082,9,1,flagged,2025-04-08,2025-04-19
DEAL-01083,13,13,approved,2025-05-24,2025-05-27
DEAL-01084,16,9,pending,2026-03-25,2026-04-02
DEAL-01085,20,20,approved,2025-04-06,2025-04-11
DEAL-01086,19,19,approved,2025-07-30,2025-08-03
DEAL-01087,15,15,approved,2025-08-15,2025-08-19
DEAL-01088,12,7,pending,2024-08-09,2024-08-13
DEAL-01089,15,10,pending,2025-07-20,2025-07-24
DEAL-01090,11,11,approved,2024-12-21,2024-12-22
DEAL-01091,16,16,approved,2024-10-17,2024-10-21
DEAL-01092,20,20,approved,2025-08-23,2025-08-24
DEAL-01093,8,2,pending,2025-10-29,2025-11-01
DEAL-01094,18,3,approved,2024-07-06,2024-07-10
DEAL-01095,20,7,flagged,2024-12-09,2024-12-18
DEAL-01096,13,13,approved,2026-03-24,2026-03-28
DEAL-01097,11,11,approved,2024-08-23,2024-08-26
DEAL-01098,10,9,pending,2024-10-13,2024-10-14
DEAL-01099,17,17,approved,2024-06-14,2024-06-16
DEAL-01100,9,9,approved,2024-09-17,2024-09-22
DEAL-01101,13,13,approved,2025-01-05,2025-01-07
DEAL-01102,18,5,approved,2024-08-08,2024-08-21
DEAL-01103,8,5,pending,2025-06-23,2025-07-05
DEAL-01104,13,13,approved,2025-12-01,2025-12-02
DEAL-01105,18,18,approved,2024-08-16,2024-08-17
DEAL-01106,16,12,flagged,,
DEAL-01107,9,9,approved,2024-07-08,2024-07-09
DEAL-01108,19,13,flagged,2026-03-20,2026-03-26
DEAL-01109,14,14,approved,2025-04-09,2025-04-12
DEAL-01110,15,15,approved,2026-03-29,2026-04-02
DEAL-01111,11,11,approved,2025-05-30,2025-06-04
DEAL-01112,10,3,flagged,2025-02-23,2025-03-04
DEAL-01113,9,0,pending,2024-06-09,
DEAL-01114,19,19,approved,2026-03-30,2026-03-31
DEAL-01115,8,8,approved,2025-09-29,2025-09-30
DEAL-01116,10,10,approved,2026-04-22,2026-04-26
DEAL-01117,13,3,flagged,2024-10-03,2024-10-14
DEAL-01118,16,16,approved,2024-09-24,2024-09-29
DEAL-01119,13,6,approved,2025-06-24,2025-07-01
DEAL-01120,10,2,pending,2025-03-14,2025-03-16
DEAL-01121,14,14,approved,2026-04-25,2026-04-29
DEAL-01122,15,15,approved,2026-03-28,2026-03-30
DEAL-01123,13,13,approved,2024-09-28,2024-10-03
DEAL-01124,11,11,approved,2025-05-28,2025-06-02
DEAL-01125,14,14,approved,2026-03-11,2026-03-12
DEAL-01126,16,16,approved,2025-04-30,2025-05-04
DEAL-01127,13,2,flagged,2024-05-04,2024-05-13
DEAL-01128,11,5,approved,2026-04-02,2026-04-08
DEAL-01129,9,9,approved,2024-07-29,2024-07-30
DEAL-01130,10,10,approved,2025-07-22,2025-07-26
DEAL-01131,17,17,approved,2025-08-02,2025-08-06
DEAL-01132,20,20,approved,2025-05-02,2025-05-07
DEAL-01133,17,17,approved,2025-04-05,2025-04-10
DEAL-01134,14,14,approved,2024-07-16,2024-07-17
DEAL-01135,17,10,flagged,2026-04-03,2026-04-13
DEAL-01136,18,18,approved,2025-04-28,2025-05-03
DEAL-01137,9,9,approved,2024-04-28,2024-04-29
DEAL-01138,16,16,approved,2026-04-25,2026-04-26
DEAL-01139,17,17,approved,2026-05-14,2026-05-19
DEAL-01140,15,11,pending,2026-03-11,2026-03-14
DEAL-01141,20,20,approved,2025-04-08,2025-04-12
DEAL-01142,20,20,approved,2024-07-01,2024-07-02
DEAL-01143,13,13,approved,2026-04-30,2026-05-03
DEAL-01144,13,6,approved,2025-11-05,2025-11-09
DEAL-01145,15,15,approved,2026-01-04,2026-01-06
DEAL-01146,11,3,pending,2026-04-05,2026-04-12
DEAL-01147,12,12,approved,2024-04-19,2024-04-23
DEAL-01148,13,13,approved,2026-04-24,2026-04-27
DEAL-01149,15,15,approved,2025-06-24,2025-06-26
DEAL-01150,15,13,pending,2024-08-28,2024-09-01
DEAL-01151,19,16,pending,2025-11-07,2025-11-08
DEAL-01152,9,9,approved,2024-09-23,2024-09-27
DEAL-01153,20,17,flagged,2026-03-19,2026-03-20
DEAL-01154,13,13,approved,2025-12-07,2025-12-12
DEAL-01155,19,17,approved,2024-12-01,2024-12-04
DEAL-01156,19,19,approved,2025-06-05,2025-06-09
DEAL-01157,10,5,approved,2025-08-16,2025-08-27
DEAL-01158,9,9,approved,2024-12-08,2024-12-09
DEAL-01159,9,9,approved,2026-05-06,2026-05-09
DEAL-01160,20,20,approved,2024-04-12,2024-04-14
DEAL-01161,9,9,approved,2025-05-19,2025-05-22
DEAL-01162,11,11,approved,2024-12-10,2024-12-11
DEAL-01163,15,15,approved,2026-05-05,2026-05-07
DEAL-01164,8,8,approved,2025-10-28,2025-10-30
DEAL-01165,13,13,approved,2025-06-03,2025-06-07
DEAL-01166,19,19,approved,2026-03-05,2026-03-07
DEAL-01167,11,4,pending,2024-11-26,2024-12-06
DEAL-01168,18,5,flagged,2026-03-18,2026-03-21
DEAL-01169,12,8,pending,2025-07-31,2025-08-12
DEAL-01170,8,4,flagged,2024-11-18,2024-12-01
DEAL-01171,10,10,approved,2025-10-28,2025-11-01
DEAL-01172,19,14,flagged,2024-10-30,2024-11-11
DEAL-01173,13,13,approved,2024-12-01,2024-12-02
DEAL-01174,16,16,approved,2025-07-26,2025-07-27
DEAL-01175,16,16,approved,2025-04-13,2025-04-17
DEAL-01176,11,11,flagged,2024-06-17,2024-06-20
DEAL-01177,16,16,approved,2025-12-02,2025-12-04
DEAL-01178,14,14,approved,2025-05-02,2025-05-06
DEAL-01179,16,16,approved,2025-11-10,2025-11-14
DEAL-01180,20,20,approved,2026-04-28,2026-05-03
DEAL-01181,19,19,approved,2025-08-13,2025-08-17
DEAL-01182,14,5,pending,2025-07-08,2025-07-14
DEAL-01183,14,14,approved,2024-06-01,2024-06-06
DEAL-01184,14,10,pending,2025-01-04,2025-01-18
DEAL-01185,15,15,approved,2024-10-10,2024-10-11
DEAL-01186,19,19,approved,2026-03-06,2026-03-07
DEAL-01187,13,13,approved,2026-05-19,2026-05-21
DEAL-01188,15,15,approved,2026-04-09,2026-04-10
DEAL-01189,12,12,approved,2024-05-05,2024-05-10
DEAL-01190,15,10,flagged,2025-06-13,2025-06-15
DEAL-01191,14,9,flagged,2025-12-06,2025-12-08
DEAL-01192,8,8,approved,2026-02-26,2026-03-02
DEAL-01193,19,19,approved,2025-10-03,2025-10-07
DEAL-01194,18,18,approved,2024-07-20,2024-07-21
DEAL-01195,15,15,approved,2025-06-15,2025-06-17
DEAL-01196,10,10,approved,2025-09-11,2025-09-13
DEAL-01197,19,19,approved,2025-11-02,2025-11-05
DEAL-01198,20,20,approved,2026-05-04,2026-05-06
DEAL-01199,15,15,approved,2026-03-01,2026-03-02
DEAL-01200,8,8,approved,2025-05-04,2025-05-08
DEAL-01201,13,13,approved,2025-09-05,2025-09-07
DEAL-01202,16,0,pending,2024-12-14,
DEAL-01203,8,8,approved,2025-04-15,2025-04-20
DEAL-01204,8,8,approved,2024-09-12,2024-09-16
DEAL-01205,16,16,approved,2026-01-21,2026-01-25
DEAL-01206,11,11,approved,2024-04-21,2024-04-24
DEAL-01207,13,13,approved,2026-02-25,2026-03-02
DEAL-01208,20,20,approved,2025-09-12,2025-09-15
DEAL-01209,9,9,approved,2026-04-04,2026-04-07
DEAL-01210,8,8,approved,2025-06-01,2025-06-03
DEAL-01211,20,20,approved,2024-06-24,2024-06-27
DEAL-01212,9,9,approved,2026-02-28,2026-03-03
DEAL-01213,18,8,pending,2025-12-09,2025-12-13
DEAL-01214,19,19,approved,2025-02-01,2025-02-04
DEAL-01215,10,10,approved,2026-05-20,2026-05-25
DEAL-01216,15,15,approved,2024-11-18,2024-11-21
DEAL-01217,8,8,approved,2026-04-27,2026-04-29
DEAL-01218,14,14,approved,2024-04-14,2024-04-17
DEAL-01219,11,1,pending,,
DEAL-01220,8,8,approved,2025-09-12,2025-09-13
DEAL-01221,20,7,flagged,2024-11-02,2024-11-06
DEAL-01222,19,8,pending,2024-01-12,2024-01-14
DEAL-01223,15,15,approved,2026-03-24,2026-03-29
DEAL-01224,11,4,approved,2024-05-05,2024-05-13
DEAL-01225,11,8,pending,2025-06-01,2025-06-07
DEAL-01226,20,20,approved,2025-07-12,2025-07-15
DEAL-01227,15,15,approved,2024-05-05,2024-05-09
DEAL-01228,11,5,approved,,
DEAL-01229,20,20,approved,2026-04-28,2026-04-29
DEAL-01230,11,7,flagged,2025-02-02,2025-02-11
DEAL-01231,8,8,approved,2024-05-04,2024-05-07
DEAL-01232,19,19,approved,2025-10-08,2025-10-10
DEAL-01233,12,12,approved,2026-04-04,2026-04-07
DEAL-01234,18,18,approved,2025-07-31,2025-08-03
DEAL-01235,10,10,approved,2025-07-09,2025-07-14
DEAL-01236,18,18,approved,2026-01-18,2026-01-22
DEAL-01237,13,13,approved,2026-04-18,2026-04-22
DEAL-01238,14,7,pending,2024-02-13,2024-02-16
DEAL-01239,11,11,approved,2025-09-19,2025-09-22
DEAL-01240,18,18,approved,2025-07-04,2025-07-08
DEAL-01241,18,6,pending,2026-05-06,2026-05-09
DEAL-01242,15,7,pending,2026-03-19,2026-03-21
DEAL-01243,11,11,approved,2026-04-22,2026-04-24
DEAL-01244,20,20,approved,2024-09-16,2024-09-20
DEAL-01245,19,4,flagged,2026-01-17,2026-01-19
DEAL-01246,12,9,flagged,2024-04-16,2024-04-26
DEAL-01247,15,15,approved,2024-03-10,2024-03-11
DEAL-01248,17,17,approved,2025-12-12,2025-12-16
DEAL-01249,18,18,approved,2024-07-12,2024-07-16
DEAL-01250,19,15,flagged,2024-03-05,2024-03-11
DEAL-01251,17,17,approved,2025-12-02,2025-12-07
DEAL-01252,20,20,approved,2024-07-02,2024-07-04
DEAL-01253,19,13,pending,2025-01-22,2025-01-30
DEAL-01254,19,19,approved,2024-10-26,2024-10-31
DEAL-01255,18,4,flagged,2025-05-24,2025-05-28
DEAL-01256,10,10,approved,2025-05-17,2025-05-18
DEAL-01257,8,8,approved,2024-04-19,2024-04-23
DEAL-01258,11,11,approved,2026-04-12,2026-04-17
DEAL-01259,8,3,pending,2024-05-26,2024-05-31
DEAL-01260,12,6,flagged,2024-10-12,2024-10-21
DEAL-01261,8,8,approved,2025-10-19,2025-10-23
DEAL-01262,15,15,approved,2024-03-21,2024-03-26
DEAL-01263,14,14,approved,2024-07-27,2024-07-30
DEAL-01264,18,18,approved,2026-04-18,2026-04-20
DEAL-01265,15,15,approved,2024-05-05,2024-05-08
DEAL-01266,16,9,flagged,2025-01-19,2025-01-23
DEAL-01267,11,11,approved,2024-09-23,2024-09-28
DEAL-01268,16,12,flagged,2026-04-30,2026-05-12
DEAL-01269,8,4,flagged,2024-05-17,2024-05-31
DEAL-01270,11,4,pending,2025-12-05,2025-12-19
DEAL-01271,16,2,pending,2025-12-14,2025-12-25
DEAL-01272,17,17,approved,2025-08-04,2025-08-06
DEAL-01273,15,15,approved,2026-04-30,2026-05-01
DEAL-01274,20,20,approved,2024-12-20,2024-12-23
DEAL-01275,12,8,flagged,2026-03-21,2026-04-03
DEAL-01276,17,17,approved,2025-02-01,2025-02-05
DEAL-01277,8,8,approved,2025-12-30,2026-01-04
DEAL-01278,14,8,pending,2026-02-24,2026-03-02
DEAL-01279,9,9,approved,2025-12-17,2025-12-22
DEAL-01280,18,18,approved,2025-09-18,2025-09-22
DEAL-01281,11,2,pending,2024-05-20,2024-05-31
DEAL-01282,11,1,flagged,2026-05-08,2026-05-11
DEAL-01283,13,13,approved,2025-06-03,2025-06-07
DEAL-01284,8,8,approved,2024-05-13,2024-05-18
DEAL-01285,10,10,approved,2025-06-05,2025-06-10
DEAL-01286,10,10,approved,2025-05-17,2025-05-21
DEAL-01287,14,5,pending,2025-06-05,2025-06-19
DEAL-01288,8,8,approved,2026-04-05,2026-04-09
DEAL-01289,20,8,flagged,2025-07-05,2025-07-12
DEAL-01290,8,8,approved,2024-08-13,2024-08-14
DEAL-01291,14,14,approved,2024-07-05,2024-07-07
DEAL-01292,11,11,approved,2025-07-13,2025-07-18
DEAL-01293,14,14,approved,2025-05-07,2025-05-10
DEAL-01294,13,6,pending,2026-03-14,2026-03-20
DEAL-01295,8,6,flagged,2026-03-12,2026-03-23
DEAL-01296,13,13,approved,2024-08-23,2024-08-24
DEAL-01297,12,12,approved,2025-12-12,2025-12-14
DEAL-01298,13,3,flagged,2025-02-13,2025-02-25
DEAL-01299,12,12,approved,2024-09-19,2024-09-21
DEAL-01300,18,18,approved,2024-07-02,2024-07-03
DEAL-01301,16,16,approved,2024-04-29,2024-04-30
DEAL-01302,14,14,approved,2026-01-07,2026-01-10
DEAL-01303,18,18,approved,2024-07-15,2024-07-18
DEAL-01304,12,12,approved,2026-04-17,2026-04-19
DEAL-01305,8,8,approved,2024-12-28,2025-01-02
DEAL-01306,20,20,approved,2024-06-13,2024-06-18
DEAL-01307,13,13,approved,2026-03-15,2026-03-19
DEAL-01308,17,17,approved,2024-12-17,2024-12-19
DEAL-01309,20,20,approved,2026-03-15,2026-03-16
DEAL-01310,16,16,approved,2025-04-06,2025-04-08
DEAL-01311,9,9,approved,2025-04-26,2025-04-28
DEAL-01312,16,5,approved,2025-08-23,2025-09-02
DEAL-01313,15,15,approved,2024-06-26,2024-07-01
DEAL-01314,15,10,flagged,2024-07-11,2024-07-13
DEAL-01315,20,14,pending,2026-04-11,2026-04-17
DEAL-01316,17,17,approved,2026-03-15,2026-03-17
DEAL-01317,10,10,approved,2024-10-20,2024-10-25
DEAL-01318,20,20,approved,2024-10-03,2024-10-08
DEAL-01319,12,12,approved,2024-02-15,2024-02-18
DEAL-01320,9,9,approved,2024-04-27,2024-05-01
DEAL-01321,17,17,approved,2026-03-29,2026-03-30
DEAL-01322,18,18,approved,2025-08-25,2025-08-28
DEAL-01323,13,13,approved,2024-04-23,2024-04-27
DEAL-01324,15,12,approved,2024-02-28,2024-02-29
DEAL-01325,11,4,approved,2026-03-05,2026-03-15
DEAL-01326,12,12,approved,2026-02-12,2026-02-13
DEAL-01327,14,1,approved,2026-03-04,2026-03-10
DEAL-01328,17,17,approved,2024-06-30,2024-07-01
DEAL-01329,17,6,approved,2025-05-10,2025-05-22
DEAL-01330,17,6,pending,2025-11-10,2025-11-20
DEAL-01331,10,10,approved,2026-04-19,2026-04-20
DEAL-01332,13,9,flagged,2024-04-01,2024-04-09
DEAL-01333,10,10,approved,2025-08-10,2025-08-13
DEAL-01334,16,16,approved,2024-11-27,2024-12-01
DEAL-01335,8,8,approved,2025-08-06,2025-08-11
DEAL-01336,19,6,pending,2024-06-22,2024-07-01
DEAL-01337,13,13,approved,2025-02-18,2025-02-19
DEAL-01338,17,17,pending,2026-03-12,2026-03-13
DEAL-01339,9,9,approved,2024-09-07,2024-09-09
DEAL-01340,15,15,approved,2024-07-02,2024-07-06
DEAL-01341,17,11,flagged,2025-11-19,2025-12-03
DEAL-01342,15,15,approved,2025-06-30,2025-07-05
DEAL-01343,12,12,approved,2024-08-17,2024-08-18
DEAL-01344,11,5,flagged,2024-08-24,2024-09-05
DEAL-01345,12,12,approved,2026-05-05,2026-05-08
DEAL-01346,16,16,approved,2026-03-17,2026-03-22
DEAL-01347,8,3,pending,2025-12-15,2025-12-22
DEAL-01348,20,11,approved,2025-05-29,2025-05-31
DEAL-01349,11,11,approved,2025-07-24,2025-07-28
DEAL-01350,12,12,approved,2024-05-24,2024-05-26
DEAL-01351,18,16,pending,2025-12-27,2025-12-31
DEAL-01352,8,8,approved,2024-09-27,2024-10-01
DEAL-01353,16,12,pending,,
DEAL-01354,15,15,approved,2025-07-31,2025-08-02
DEAL-01355,12,12,approved,2024-12-19,2024-12-23
DEAL-01356,15,15,approved,2025-01-24,2025-01-27
DEAL-01357,13,4,pending,2024-06-05,2024-06-12
DEAL-01358,16,0,approved,2026-03-01,
DEAL-01359,18,12,pending,2025-05-19,2025-05-27
DEAL-01360,11,11,approved,2024-05-17,2024-05-18
DEAL-01361,9,9,approved,2024-06-22,2024-06-27
DEAL-01362,9,0,pending,2026-05-04,
DEAL-01363,19,19,approved,2026-03-28,2026-03-31
DEAL-01364,18,18,approved,2024-11-13,2024-11-17
DEAL-01365,19,19,approved,2024-06-01,2024-06-02
DEAL-01366,12,12,approved,2025-11-25,2025-11-30
DEAL-01367,17,17,approved,2024-12-29,2024-12-30
DEAL-01368,12,12,approved,2026-01-29,2026-02-02
DEAL-01369,19,14,flagged,2025-08-08,2025-08-11
DEAL-01370,9,9,approved,2026-02-26,2026-02-27
DEAL-01371,12,12,approved,2025-07-08,2025-07-12
DEAL-01372,13,13,approved,2024-07-17,2024-07-18
DEAL-01373,18,18,approved,2024-07-28,2024-07-29
DEAL-01374,13,13,approved,2025-08-17,2025-08-22
DEAL-01375,8,8,approved,2026-05-03,2026-05-08
DEAL-01376,11,6,approved,2026-05-03,2026-05-09
DEAL-01377,12,7,approved,2024-08-12,2024-08-21
DEAL-01378,16,16,approved,2026-04-19,2026-04-21
DEAL-01379,13,13,approved,2024-08-25,2024-08-26
DEAL-01380,10,10,approved,2024-07-13,2024-07-18
DEAL-01381,15,12,flagged,2026-04-10,2026-04-13
DEAL-01382,19,19,approved,2025-11-05,2025-11-08
DEAL-01383,14,14,approved,2026-05-19,2026-05-24
DEAL-01384,16,16,approved,2024-04-15,2024-04-18
DEAL-01385,19,19,approved,2024-11-28,2024-11-29
DEAL-01386,16,16,approved,2025-11-14,2025-11-15
DEAL-01387,11,11,approved,2024-09-06,2024-09-07
DEAL-01388,13,13,approved,2026-05-09,2026-05-14
DEAL-01389,18,4,flagged,2024-12-18,2024-12-23
DEAL-01390,12,5,pending,2026-01-22,2026-01-30
DEAL-01391,15,2,flagged,2024-11-12,2024-11-14
DEAL-01392,20,20,approved,2025-03-08,2025-03-09
DEAL-01393,15,15,approved,2024-11-02,2024-11-05
DEAL-01394,17,17,approved,2024-10-16,2024-10-21
DEAL-01395,10,10,approved,2025-06-09,2025-06-14
DEAL-01396,9,9,approved,2026-03-29,2026-03-31
DEAL-01397,20,20,flagged,2024-11-08,2024-11-11
DEAL-01398,19,12,pending,2026-01-17,2026-01-30
DEAL-01399,9,9,approved,2026-03-02,2026-03-03
DEAL-01400,17,17,approved,2026-04-13,2026-04-14
DEAL-01401,15,15,approved,2026-04-04,2026-04-08
DEAL-01402,12,12,approved,2025-07-17,2025-07-20
DEAL-01403,8,8,approved,2025-01-15,2025-01-16
DEAL-01404,15,10,pending,2025-09-06,2025-09-10
DEAL-01405,16,16,approved,2024-05-26,2024-05-31
DEAL-01406,12,12,approved,2025-11-28,2025-12-03
DEAL-01407,10,10,approved,2025-05-08,2025-05-12
DEAL-01408,14,5,flagged,2024-12-18,2024-12-30
DEAL-01409,11,11,approved,2025-09-08,2025-09-09
DEAL-01410,12,12,approved,2024-05-09,2024-05-10
DEAL-01411,19,0,flagged,2025-10-09,
DEAL-01412,15,15,approved,2026-04-23,2026-04-27
DEAL-01413,13,2,approved,2025-08-29,2025-09-05
DEAL-01414,15,10,pending,2025-08-25,2025-09-02
DEAL-01415,8,8,approved,2024-04-06,2024-04-10
DEAL-01416,11,11,approved,2024-12-24,2024-12-26
DEAL-01417,12,12,approved,2025-07-20,2025-07-25
DEAL-01418,12,12,approved,2025-02-22,2025-02-27
DEAL-01419,10,10,approved,2025-05-04,2025-05-07
DEAL-01420,10,3,pending,2025-04-07,2025-04-12
DEAL-01421,8,8,approved,2024-10-29,2024-11-01
DEAL-01422,17,17,approved,2024-04-21,2024-04-25
DEAL-01423,9,9,approved,2025-10-07,2025-10-11
DEAL-01424,13,13,approved,2024-06-07,2024-06-12
DEAL-01425,14,14,approved,2025-09-16,2025-09-18
DEAL-01426,11,7,pending,2026-04-21,2026-04-30
DEAL-01427,9,9,approved,2026-01-03,2026-01-08
DEAL-01428,11,11,approved,2025-03-15,2025-03-19
DEAL-01429,17,17,approved,2024-07-11,2024-07-12
DEAL-01430,17,17,approved,2025-03-26,2025-03-29
DEAL-01431,15,7,flagged,2025-03-13,2025-03-25
DEAL-01432,8,8,approved,2025-07-04,2025-07-09
DEAL-01433,12,12,approved,2024-10-02,2024-10-05
DEAL-01434,17,17,approved,2024-11-26,2024-11-27
DEAL-01435,14,14,approved,2024-08-25,2024-08-29
DEAL-01436,14,14,approved,2026-04-14,2026-04-18
DEAL-01437,11,11,approved,2025-04-27,2025-04-29
DEAL-01438,17,9,flagged,2024-11-14,2024-11-28
DEAL-01439,18,14,flagged,2026-02-24,2026-03-03
DEAL-01440,12,0,flagged,2026-03-11,
DEAL-01441,19,19,approved,2024-09-19,2024-09-20
DEAL-01442,13,13,approved,2025-04-30,2025-05-05
DEAL-01443,8,8,approved,2024-09-19,2024-09-22
DEAL-01444,15,15,approved,2025-04-20,2025-04-22
DEAL-01445,13,13,approved,2024-02-14,2024-02-16
DEAL-01446,16,12,flagged,2026-03-12,2026-03-21
DEAL-01447,8,8,approved,2025-11-23,2025-11-28
DEAL-01448,15,8,pending,2025-06-27,2025-07-10
DEAL-01449,9,9,approved,2024-05-04,2024-05-06
DEAL-01450,18,6,flagged,2025-12-18,2026-01-01
DEAL-01451,17,17,approved,2026-02-14,2026-02-16
DEAL-01452,13,8,pending,2026-04-25,2026-04-28
DEAL-01453,10,10,approved,2025-11-05,2025-11-06
DEAL-01454,13,13,approved,2026-05-17,2026-05-18
DEAL-01455,11,11,approved,2024-11-17,2024-11-19
DEAL-01456,16,8,flagged,2026-03-31,2026-04-11
DEAL-01457,18,18,approved,2026-02-26,2026-02-28
DEAL-01458,16,16,approved,2024-05-19,2024-05-21
DEAL-01459,17,17,approved,2025-04-22,2025-04-27
DEAL-01460,14,6,flagged,2025-05-19,2025-06-02
DEAL-01461,11,11,approved,2024-07-24,2024-07-28
DEAL-01462,15,15,approved,2025-08-01,2025-08-02
DEAL-01463,9,9,approved,2025-07-05,2025-07-09
DEAL-01464,20,20,approved,2025-12-25,2025-12-29
DEAL-01465,12,12,approved,2025-03-11,2025-03-14
DEAL-01466,15,15,approved,2025-02-26,2025-03-01
DEAL-01467,16,16,approved,2025-08-27,2025-08-29
DEAL-01468,20,13,flagged,2024-07-27,2024-08-01
DEAL-01469,15,15,approved,2026-03-05,2026-03-06
DEAL-01470,11,1,approved,2025-01-09,2025-01-15
DEAL-01471,8,8,approved,2026-05-12,2026-05-17
DEAL-01472,19,19,approved,2025-10-26,2025-10-28
DEAL-01473,20,20,approved,2025-08-30,2025-08-31
DEAL-01474,13,13,approved,2026-03-31,2026-04-05
DEAL-01475,10,10,approved,2024-09-02,2024-09-07
DEAL-01476,8,8,approved,2025-03-08,2025-03-10
DEAL-01477,10,10,approved,2025-06-03,2025-06-07
DEAL-01478,20,16,pending,2024-06-18,2024-06-23
DEAL-01479,19,19,approved,2025-03-10,2025-03-11
DEAL-01480,13,13,approved,2025-07-06,2025-07-07
DEAL-01481,20,20,approved,2026-05-15,2026-05-19
DEAL-01482,16,16,approved,2024-05-05,2024-05-10
DEAL-01483,12,4,flagged,,
DEAL-01484,11,11,approved,2025-05-01,2025-05-05
DEAL-01485,12,12,approved,2024-07-05,2024-07-07
DEAL-01486,12,11,flagged,2024-12-09,2024-12-10
DEAL-01487,16,16,approved,2024-07-03,2024-07-04
DEAL-01488,19,19,approved,2024-12-09,2024-12-13
DEAL-01489,11,11,approved,2024-08-31,2024-09-05
DEAL-01490,13,13,approved,2026-02-28,2026-03-01
DEAL-01491,9,9,approved,2026-04-19,2026-04-21
DEAL-01492,12,12,approved,2024-08-22,2024-08-27
DEAL-01493,9,9,approved,2025-10-05,2025-10-09
DEAL-01494,11,11,approved,2024-11-24,2024-11-26
DEAL-01495,14,14,approved,2025-06-19,2025-06-24
DEAL-01496,15,12,approved,2025-05-22,2025-05-23
DEAL-01497,17,17,approved,2025-10-27,2025-10-31
DEAL-01498,18,10,pending,2025-10-31,2025-11-06
DEAL-01499,12,8,approved,2026-04-15,2026-04-24
DEAL-01500,12,8,pending,2026-05-16,2026-05-23
DEAL-01501,15,15,approved,2024-04-03,2024-04-07
DEAL-01502,11,11,approved,2026-04-20,2026-04-24
DEAL-01503,17,17,approved,2025-11-12,2025-11-17
DEAL-01504,10,5,flagged,2026-03-17,2026-03-28
DEAL-01505,18,18,approved,2026-05-17,2026-05-20
DEAL-01506,9,9,approved,2025-01-20,2025-01-23
DEAL-01507,18,18,approved,2024-06-22,2024-06-23
DEAL-01508,14,14,approved,2025-12-02,2025-12-07
DEAL-01509,17,17,approved,2025-10-12,2025-10-13
DEAL-01510,10,10,approved,2024-10-22,2024-10-26
DEAL-01511,20,20,approved,2024-12-04,2024-12-06
DEAL-01512,11,8,flagged,2025-02-17,2025-02-23
DEAL-01513,11,11,approved,2025-10-17,2025-10-22
DEAL-01514,13,13,approved,2026-04-23,2026-04-26
DEAL-01515,9,9,approved,2024-05-14,2024-05-17
DEAL-01516,14,14,approved,2026-04-15,2026-04-17
DEAL-01517,17,6,flagged,2026-03-16,2026-03-26
DEAL-01518,9,9,approved,2024-03-30,2024-04-01
DEAL-01519,10,10,approved,2025-01-27,2025-01-30
DEAL-01520,17,17,approved,2025-01-30,2025-02-03
DEAL-01521,9,9,approved,2026-04-26,2026-05-01
DEAL-01522,11,3,flagged,2026-03-06,2026-03-13
DEAL-01523,11,11,approved,2024-10-27,2024-10-31
DEAL-01524,15,0,approved,2026-05-21,
DEAL-01525,8,3,approved,2024-04-18,2024-05-02
DEAL-01526,18,15,pending,2025-01-14,2025-01-18
DEAL-01527,15,15,approved,2024-04-14,2024-04-16
DEAL-01528,19,19,approved,2024-12-05,2024-12-07
DEAL-01529,18,1,pending,2026-01-11,2026-01-15
DEAL-01530,10,0,pending,2025-08-15,
DEAL-01531,16,12,flagged,2026-02-27,2026-03-09
DEAL-01532,15,15,approved,2024-10-07,2024-10-09
DEAL-01533,19,19,approved,2024-06-07,2024-06-12
DEAL-01534,15,15,approved,2026-05-09,2026-05-10
DEAL-01535,14,0,approved,2026-03-09,
DEAL-01536,16,5,approved,2025-01-20,2025-01-24
DEAL-01537,16,16,approved,2025-07-18,2025-07-22
DEAL-01538,12,7,pending,2025-04-27,2025-04-29
DEAL-01539,13,13,approved,2025-08-26,2025-08-31
DEAL-01540,10,10,approved,2025-04-02,2025-04-05
DEAL-01541,15,15,approved,2024-05-18,2024-05-22
DEAL-01542,11,11,approved,2026-04-04,2026-04-05
DEAL-01543,19,6,approved,2026-04-24,2026-04-28
DEAL-01544,17,17,approved,2024-07-01,2024-07-03
DEAL-01545,12,12,approved,2024-04-27,2024-05-02
DEAL-01546,11,11,approved,2025-09-08,2025-09-13
DEAL-01547,15,15,approved,2025-05-15,2025-05-16
DEAL-01548,19,19,approved,2026-04-09,2026-04-11
DEAL-01549,19,19,approved,2025-07-22,2025-07-27
DEAL-01550,10,4,pending,2025-11-08,2025-11-14
DEAL-01551,10,3,flagged,2025-05-21,2025-05-28
DEAL-01552,14,5,approved,2024-03-22,2024-03-29
DEAL-01553,15,2,flagged,2026-03-24,2026-04-01
DEAL-01554,9,9,approved,2026-04-22,2026-04-27
DEAL-01555,10,10,approved,2024-05-25,2024-05-26
DEAL-01556,14,14,approved,2026-01-06,2026-01-10
DEAL-01557,9,9,approved,2024-04-21,2024-04-25
DEAL-01558,18,18,approved,2026-02-28,2026-03-03
DEAL-01559,15,15,approved,2024-09-05,2024-09-06
DEAL-01560,15,4,flagged,2024-03-30,2024-04-06
DEAL-01561,11,11,approved,2025-01-09,2025-01-13
DEAL-01562,9,4,flagged,2026-05-06,2026-05-20
DEAL-01563,16,16,approved,2024-05-26,2024-05-30
DEAL-01564,14,0,flagged,2024-12-11,
DEAL-01565,9,9,approved,2024-04-30,2024-05-04
DEAL-01566,11,7,flagged,2024-02-16,2024-02-23
DEAL-01567,14,14,approved,2024-09-25,2024-09-28
DEAL-01568,18,15,flagged,2025-04-04,2025-04-08
DEAL-01569,15,15,approved,2024-05-01,2024-05-04
DEAL-01570,18,18,approved,2025-01-25,2025-01-26
DEAL-01571,11,11,approved,2026-03-23,2026-03-25
DEAL-01572,18,18,approved,2024-09-20,2024-09-25
DEAL-01573,20,7,flagged,2025-06-24,2025-06-27
DEAL-01574,11,11,approved,2024-04-28,2024-05-03
DEAL-01575,20,6,flagged,2024-05-07,2024-05-10
DEAL-01576,9,9,approved,2026-03-19,2026-03-24
DEAL-01577,18,18,approved,2024-11-22,2024-11-26
DEAL-01578,18,9,approved,2024-04-27,2024-04-29
DEAL-01579,15,15,approved,2025-07-04,2025-07-06
DEAL-01580,19,13,flagged,2025-08-27,2025-09-06
DEAL-01581,18,18,approved,2026-02-10,2026-02-13
DEAL-01582,17,8,pending,2026-03-06,2026-03-10
DEAL-01583,11,11,approved,2026-03-06,2026-03-08
DEAL-01584,18,18,approved,2024-04-28,2024-05-02
DEAL-01585,17,17,approved,2024-06-25,2024-06-30
DEAL-01586,15,3,approved,2025-06-11,2025-06-21
DEAL-01587,18,18,approved,2025-04-23,2025-04-27
DEAL-01588,18,18,approved,2024-10-08,2024-10-12
DEAL-01589,11,11,approved,2026-04-24,2026-04-28
DEAL-01590,15,15,approved,2024-12-07,2024-12-08
DEAL-01591,9,3,pending,2025-09-07,2025-09-20
DEAL-01592,8,8,approved,2026-05-21,2026-05-25
DEAL-01593,8,8,approved,2024-02-04,2024-02-09
DEAL-01594,20,2,flagged,2024-09-22,2024-09-28
DEAL-01595,17,17,approved,2024-06-21,2024-06-26
DEAL-01596,10,10,approved,2025-04-15,2025-04-18
DEAL-01597,16,16,approved,2026-02-26,2026-03-03
DEAL-01598,10,10,approved,2025-05-18,2025-05-20
DEAL-01599,13,6,flagged,2026-02-06,2026-02-09
DEAL-01600,9,9,approved,2025-03-18,2025-03-20
DEAL-01601,11,11,approved,2024-05-29,2024-05-30
DEAL-01602,14,14,approved,2026-01-24,2026-01-25
DEAL-01603,17,17,approved,2026-03-13,2026-03-17
DEAL-01604,9,9,approved,2024-08-01,2024-08-04
DEAL-01605,13,13,approved,2024-06-16,2024-06-19
DEAL-01606,17,17,approved,2025-05-10,2025-05-11
DEAL-01607,11,1,approved,2024-09-11,2024-09-14
DEAL-01608,16,16,approved,2026-01-27,2026-01-28
DEAL-01609,11,11,approved,2026-04-28,2026-04-30
DEAL-01610,13,13,approved,2025-07-09,2025-07-10
DEAL-01611,9,2,approved,2026-02-28,2026-03-12
DEAL-01612,14,9,pending,2024-11-26,2024-12-02
DEAL-01613,19,19,approved,2025-03-09,2025-03-14
DEAL-01614,20,20,approved,2025-06-06,2025-06-08
DEAL-01615,16,5,approved,2025-01-30,2025-02-01
DEAL-01616,16,16,approved,2024-04-26,2024-04-29
DEAL-01617,20,20,approved,2024-02-12,2024-02-14
DEAL-01618,11,11,approved,2026-03-21,2026-03-26
DEAL-01619,11,0,flagged,2024-09-17,
DEAL-01620,17,17,approved,2024-05-27,2024-05-30
DEAL-01621,13,6,pending,2025-08-23,2025-08-25
DEAL-01622,19,4,pending,2025-04-24,2025-05-07
DEAL-01623,11,2,flagged,2026-03-07,2026-03-10
DEAL-01624,16,16,approved,2025-02-26,2025-02-27
DEAL-01625,10,10,approved,2024-09-24,2024-09-25
DEAL-01626,10,10,approved,2024-09-18,2024-09-22
DEAL-01627,16,10,pending,2025-07-27,2025-07-29
DEAL-01628,18,18,approved,2025-04-19,2025-04-21
DEAL-01629,17,17,approved,2025-01-25,2025-01-27
DEAL-01630,16,15,approved,2024-07-18,2024-07-22
DEAL-01631,15,15,approved,2025-06-26,2025-06-28
DEAL-01632,14,10,pending,2026-03-15,2026-03-20
DEAL-01633,11,11,approved,2024-12-26,2024-12-28
DEAL-01634,13,13,approved,2024-07-02,2024-07-03
DEAL-01635,14,14,approved,2025-11-30,2025-12-01
DEAL-01636,20,2,pending,2025-01-04,2025-01-08
DEAL-01637,18,13,pending,2026-04-13,2026-04-17
DEAL-01638,11,11,approved,2025-04-16,2025-04-18
DEAL-01639,12,12,approved,2024-12-01,2024-12-06
DEAL-01640,9,9,approved,2025-08-14,2025-08-15
DEAL-01641,18,18,approved,2025-10-27,2025-10-29
DEAL-01642,15,15,approved,2025-12-14,2025-12-16
DEAL-01643,8,8,approved,2025-05-07,2025-05-08
DEAL-01644,17,13,flagged,2025-09-29,2025-10-04
DEAL-01645,17,2,flagged,2025-09-21,2025-09-30
DEAL-01646,19,0,approved,2024-06-29,
DEAL-01647,19,1,flagged,2025-11-22,2025-11-25
DEAL-01648,15,15,approved,2025-04-02,2025-04-06
DEAL-01649,19,19,approved,2025-07-30,2025-08-04
DEAL-01650,20,20,approved,2025-01-16,2025-01-20
DEAL-01651,18,18,approved,2025-06-19,2025-06-22
DEAL-01652,9,9,approved,2024-05-12,2024-05-15
DEAL-01653,16,9,pending,2025-08-26,2025-09-01
DEAL-01654,20,20,approved,2024-10-08,2024-10-10
DEAL-01655,20,20,approved,2025-12-16,2025-12-19
DEAL-01656,10,10,approved,2025-07-16,2025-07-20
DEAL-01657,16,16,approved,2025-03-24,2025-03-25
DEAL-01658,13,4,flagged,2024-04-04,2024-04-06
DEAL-01659,8,8,approved,2026-03-04,2026-03-08
DEAL-01660,18,12,flagged,2026-01-28,2026-02-09
DEAL-01661,20,20,approved,2024-02-29,2024-03-01
DEAL-01662,18,18,approved,2025-07-06,2025-07-07
DEAL-01663,12,5,pending,2026-03-25,2026-04-07
DEAL-01664,16,16,approved,2024-04-02,2024-04-06
DEAL-01665,18,18,approved,2026-04-18,2026-04-21
DEAL-01666,8,8,approved,2024-05-10,2024-05-12
DEAL-01667,8,1,approved,2024-10-01,2024-10-09
DEAL-01668,8,8,approved,2026-02-10,2026-02-14
DEAL-01669,15,6,flagged,2025-08-23,2025-08-26
DEAL-01670,9,9,approved,2025-08-18,2025-08-20
DEAL-01671,17,17,approved,2026-04-05,2026-04-10
DEAL-01672,18,15,flagged,2024-10-06,2024-10-07
DEAL-01673,16,16,approved,2025-02-02,2025-02-07
DEAL-01674,14,14,approved,2024-04-22,2024-04-27
DEAL-01675,18,18,approved,2026-01-28,2026-02-01
DEAL-01676,13,4,pending,2024-04-30,2024-05-14
DEAL-01677,9,6,pending,2025-10-27,2025-10-29
DEAL-01678,13,13,approved,2024-07-23,2024-07-25
DEAL-01679,15,15,approved,2025-04-17,2025-04-21
DEAL-01680,9,9,approved,2026-04-26,2026-05-01
DEAL-01681,13,13,approved,2024-07-22,2024-07-24
DEAL-01682,19,19,approved,2024-09-01,2024-09-03
DEAL-01683,17,17,approved,2024-06-17,2024-06-18
DEAL-01684,11,11,approved,2025-01-27,2025-01-31
DEAL-01685,19,19,approved,2025-07-03,2025-07-08
DEAL-01686,18,18,approved,2026-03-27,2026-03-31
DEAL-01687,9,4,flagged,,
DEAL-01688,9,3,pending,2026-03-01,2026-03-05
DEAL-01689,15,15,approved,2026-03-10,2026-03-11
DEAL-01690,8,8,approved,2025-08-11,2025-08-14
DEAL-01691,11,8,pending,2025-01-31,2025-02-14
DEAL-01692,19,19,approved,2024-03-08,2024-03-10
DEAL-01693,14,10,approved,2026-04-21,2026-05-04
DEAL-01694,13,13,approved,2025-07-03,2025-07-04
DEAL-01695,9,9,approved,2025-03-27,2025-03-31
DEAL-01696,17,17,approved,2026-05-13,2026-05-17
DEAL-01697,12,12,approved,2026-03-14,2026-03-19
DEAL-01698,19,19,approved,2025-08-29,2025-09-03
DEAL-01699,18,18,approved,2025-04-23,2025-04-27
DEAL-01700,12,12,approved,2025-01-25,2025-01-29
DEAL-01701,8,8,approved,2025-01-28,2025-02-01
DEAL-01702,12,12,approved,2025-05-24,2025-05-26
DEAL-01703,15,15,approved,2025-02-01,2025-02-02
DEAL-01704,19,19,approved,2024-11-19,2024-11-22
DEAL-01705,13,1,pending,2026-02-28,2026-03-03
DEAL-01706,10,10,approved,2025-08-09,2025-08-13
DEAL-01707,8,8,approved,2025-08-05,2025-08-06
DEAL-01708,12,12,approved,2026-04-11,2026-04-12
DEAL-01709,10,10,approved,2024-02-18,2024-02-20
DEAL-01710,12,12,approved,2026-04-14,2026-04-18
DEAL-01711,16,16,approved,2024-10-30,2024-11-04
DEAL-01712,12,12,approved,2025-03-28,2025-03-29
DEAL-01713,11,11,approved,2026-03-13,2026-03-15
DEAL-01714,17,3,pending,2024-02-17,2024-02-20
DEAL-01715,8,8,approved,2024-12-17,2024-12-20
DEAL-01716,10,10,approved,2025-10-25,2025-10-30
DEAL-01717,8,8,approved,2026-03-02,2026-03-04
DEAL-01718,14,13,pending,2024-05-03,2024-05-05
DEAL-01719,8,4,pending,2025-10-09,2025-10-16
DEAL-01720,13,13,approved,2024-06-23,2024-06-24
DEAL-01721,18,18,approved,2026-02-14,2026-02-17
DEAL-01722,15,5,flagged,2026-05-11,2026-05-14
DEAL-01723,14,14,approved,2026-02-17,2026-02-18
DEAL-01724,10,10,approved,2025-09-13,2025-09-16
DEAL-01725,10,10,approved,2024-10-19,2024-10-21
DEAL-01726,18,10,flagged,2025-12-18,2025-12-28
DEAL-01727,20,2,approved,2024-12-14,2024-12-16
DEAL-01728,11,0,flagged,2026-02-24,
DEAL-01729,10,10,approved,2026-03-02,2026-03-04
DEAL-01730,16,13,approved,2024-04-08,2024-04-09
DEAL-01731,16,4,pending,2025-05-07,2025-05-15
DEAL-01732,19,19,approved,2025-07-26,2025-07-31
DEAL-01733,13,10,approved,,
DEAL-01734,15,15,approved,2024-06-06,2024-06-09
DEAL-01735,18,18,approved,2025-05-10,2025-05-14
DEAL-01736,9,9,approved,2024-12-12,2024-12-17
DEAL-01737,15,15,approved,2025-06-20,2025-06-25
DEAL-01738,9,1,pending,,
DEAL-01739,9,9,approved,2025-07-18,2025-07-20
DEAL-01740,11,11,approved,2026-02-28,2026-03-04
DEAL-01741,19,19,approved,2024-08-27,2024-08-28
DEAL-01742,17,17,approved,2025-12-09,2025-12-14
DEAL-01743,15,15,approved,2025-03-30,2025-04-03
DEAL-01744,18,18,approved,2025-02-27,2025-02-28
DEAL-01745,18,0,flagged,2025-06-15,
DEAL-01746,10,2,pending,2026-04-01,2026-04-09
DEAL-01747,16,16,approved,2025-02-01,2025-02-05
DEAL-01748,16,16,approved,2024-05-12,2024-05-14
DEAL-01749,15,12,approved,2024-08-30,2024-09-03
DEAL-01750,16,9,approved,2024-09-21,2024-10-04
DEAL-01751,15,8,approved,2024-05-07,2024-05-15
DEAL-01752,8,8,approved,2024-08-04,2024-08-08
DEAL-01753,16,16,approved,2026-02-28,2026-03-01
DEAL-01754,19,19,approved,2026-02-08,2026-02-13
DEAL-01755,8,2,approved,2026-01-05,2026-01-14
DEAL-01756,16,16,approved,2025-04-04,2025-04-06
DEAL-01757,9,5,approved,2025-02-28,2025-03-10
DEAL-01758,10,10,approved,2024-08-26,2024-08-29
DEAL-01759,15,6,flagged,2024-05-28,2024-06-01
DEAL-01760,17,17,approved,2025-07-27,2025-07-30
DEAL-01761,18,2,approved,2024-09-28,2024-10-04
DEAL-01762,14,14,approved,2026-04-22,2026-04-24
DEAL-01763,18,18,approved,2025-05-11,2025-05-14
DEAL-01764,14,14,approved,2025-02-08,2025-02-12
DEAL-01765,12,10,pending,2025-06-14,2025-06-17
DEAL-01766,15,15,approved,2024-07-24,2024-07-28
DEAL-01767,12,12,approved,2024-08-18,2024-08-21
DEAL-01768,16,16,pending,,
DEAL-01769,8,8,approved,2024-03-15,2024-03-19
DEAL-01770,14,5,flagged,2024-05-17,2024-05-23
DEAL-01771,11,11,approved,2025-01-29,2025-02-03
DEAL-01772,12,12,approved,2024-03-28,2024-04-01
DEAL-01773,16,3,pending,2026-05-13,2026-05-20
DEAL-01774,19,19,approved,2024-06-21,2024-06-23
DEAL-01775,17,17,approved,2025-05-01,2025-05-03
DEAL-01776,8,8,approved,2026-03-02,2026-03-05
DEAL-01777,13,3,flagged,2024-07-30,2024-08-01
DEAL-01778,19,19,approved,2024-06-18,2024-06-22
DEAL-01779,12,9,pending,2026-03-01,2026-03-12
DEAL-01780,20,20,approved,2026-02-26,2026-02-28
DEAL-01781,9,9,approved,2024-08-12,2024-08-16
DEAL-01782,11,10,flagged,2026-01-01,2026-01-05
DEAL-01783,13,1,pending,2025-11-12,2025-11-25
DEAL-01784,15,4,pending,2024-09-18,2024-09-27
DEAL-01785,13,4,flagged,2025-10-05,2025-10-14
DEAL-01786,11,11,approved,2025-06-19,2025-06-21
DEAL-01787,9,9,approved,2026-03-15,2026-03-17
DEAL-01788,9,4,pending,2026-03-02,2026-03-14
DEAL-01789,16,16,approved,2026-02-24,2026-02-26
DEAL-01790,14,14,approved,2024-05-07,2024-05-11
DEAL-01791,9,9,approved,2024-03-19,2024-03-20
DEAL-01792,9,9,flagged,,
DEAL-01793,9,8,flagged,2025-03-20,2025-03-22
DEAL-01794,8,8,approved,2025-02-01,2025-02-02
DEAL-01795,10,10,approved,2024-06-20,2024-06-24
DEAL-01796,17,17,approved,2025-02-17,2025-02-18
DEAL-01797,11,11,approved,2024-11-22,2024-11-23
DEAL-01798,18,18,approved,2025-05-19,2025-05-23
DEAL-01799,20,20,approved,2024-11-15,2024-11-19
DEAL-01800,20,20,approved,2026-04-18,2026-04-19
DEAL-01801,13,13,approved,2024-03-01,2024-03-03
DEAL-01802,10,5,pending,2026-02-06,2026-02-10
DEAL-01803,15,15,approved,2026-01-19,2026-01-20
DEAL-01804,9,9,approved,2026-01-25,2026-01-27
DEAL-01805,19,19,approved,2024-08-09,2024-08-10
DEAL-01806,16,16,approved,2024-01-30,2024-02-03
DEAL-01807,19,19,approved,2025-09-14,2025-09-18
DEAL-01808,9,3,flagged,,
DEAL-01809,16,16,approved,2026-03-13,2026-03-16
DEAL-01810,15,15,approved,2026-03-16,2026-03-20
DEAL-01811,13,13,approved,2025-08-18,2025-08-21
DEAL-01812,14,14,approved,2026-04-27,2026-05-02
DEAL-01813,16,16,approved,2024-06-07,2024-06-08
DEAL-01814,10,10,approved,2026-05-17,2026-05-20
DEAL-01815,17,17,approved,2024-07-10,2024-07-12
DEAL-01816,17,17,approved,2025-08-24,2025-08-25
DEAL-01817,8,3,flagged,2026-01-14,2026-01-22
DEAL-01818,18,18,approved,2025-11-28,2025-12-01
DEAL-01819,18,9,flagged,2026-05-15,2026-05-17
DEAL-01820,13,13,approved,2025-07-04,2025-07-08
DEAL-01821,12,12,approved,2025-06-23,2025-06-24
DEAL-01822,12,12,approved,2025-09-21,2025-09-25
DEAL-01823,20,20,approved,2024-09-08,2024-09-10
DEAL-01824,18,18,approved,2026-02-07,2026-02-10
DEAL-01825,18,1,pending,2024-02-28,2024-03-03
DEAL-01826,17,17,approved,2025-08-26,2025-08-31
DEAL-01827,10,10,approved,2026-04-08,2026-04-10
DEAL-01828,13,3,flagged,2025-04-03,2025-04-07
DEAL-01829,8,4,pending,2024-04-29,2024-05-10
DEAL-01830,8,8,approved,2025-05-15,2025-05-20
DEAL-01831,20,1,pending,2024-07-24,2024-08-06
DEAL-01832,9,1,approved,,
DEAL-01833,8,8,approved,2024-04-22,2024-04-25
DEAL-01834,8,2,approved,2026-05-14,2026-05-28
DEAL-01835,17,5,approved,2026-02-28,2026-03-10
DEAL-01836,12,12,approved,2025-03-14,2025-03-15
DEAL-01837,8,3,pending,2025-06-05,2025-06-12
DEAL-01838,8,8,approved,2026-03-16,2026-03-19
DEAL-01839,12,12,approved,2025-04-14,2025-04-19
DEAL-01840,8,4,pending,2024-12-11,2024-12-23
DEAL-01841,13,13,approved,2024-10-14,2024-10-16
DEAL-01842,15,3,approved,2024-12-13,2024-12-27
DEAL-01843,15,15,approved,2024-11-04,2024-11-09
DEAL-01844,17,17,approved,2024-11-02,2024-11-05
DEAL-01845,13,13,approved,2026-05-05,2026-05-08
DEAL-01846,20,20,approved,2026-04-09,2026-04-10
DEAL-01847,10,10,approved,2024-05-06,2024-05-07
DEAL-01848,8,2,pending,2025-02-28,2025-03-02
DEAL-01849,15,15,approved,2024-09-25,2024-09-27
DEAL-01850,16,16,approved,2026-04-10,2026-04-15
DEAL-01851,15,15,approved,2024-12-18,2024-12-20
DEAL-01852,9,9,approved,2024-02-27,2024-03-03
DEAL-01853,20,6,pending,2024-02-27,2024-03-12
DEAL-01854,8,8,approved,2026-03-15,2026-03-16
DEAL-01855,14,14,approved,2024-09-06,2024-09-07
DEAL-01856,8,8,approved,2025-03-13,2025-03-17
DEAL-01857,20,8,flagged,2025-09-26,2025-09-30
DEAL-01858,13,13,approved,2026-01-04,2026-01-06
DEAL-01859,8,8,approved,2025-03-02,2025-03-06
DEAL-01860,14,2,approved,,
DEAL-01861,17,17,approved,2024-03-20,2024-03-22
DEAL-01862,9,9,approved,2025-11-10,2025-11-12
DEAL-01863,10,10,approved,2026-04-15,2026-04-19
DEAL-01864,18,18,approved,2025-08-23,2025-08-26
DEAL-01865,14,14,approved,2025-07-23,2025-07-24
DEAL-01866,9,9,approved,2025-12-23,2025-12-25
DEAL-01867,9,6,pending,2024-04-18,2024-04-29
DEAL-01868,15,2,flagged,2025-05-06,2025-05-17
DEAL-01869,13,0,approved,2026-03-23,
DEAL-01870,17,17,approved,2025-09-04,2025-09-09
DEAL-01871,20,14,pending,2025-03-24,2025-04-07
DEAL-01872,8,8,approved,2024-08-10,2024-08-15
DEAL-01873,15,6,pending,2024-12-25,2025-01-05
DEAL-01874,17,12,flagged,2024-09-16,2024-09-19
DEAL-01875,17,17,approved,2025-10-18,2025-10-20
DEAL-01876,10,10,approved,2024-06-18,2024-06-21
DEAL-01877,20,8,pending,2024-04-04,2024-04-12
DEAL-01878,9,9,approved,2025-05-14,2025-05-16
DEAL-01879,14,14,approved,2024-05-10,2024-05-14
DEAL-01880,8,8,approved,2024-11-01,2024-11-06
DEAL-01881,16,7,pending,2025-09-28,2025-09-30
DEAL-01882,14,14,approved,2025-06-03,2025-06-04
DEAL-01883,16,15,approved,2026-03-01,2026-03-06
DEAL-01884,20,20,approved,2024-05-19,2024-05-21
DEAL-01885,16,5,approved,2026-04-24,2026-04-28
DEAL-01886,14,14,approved,2025-05-06,2025-05-08
DEAL-01887,9,9,approved,2026-05-04,2026-05-05
DEAL-01888,14,14,approved,2025-04-30,2025-05-03
DEAL-01889,15,6,flagged,,
DEAL-01890,11,3,pending,2025-10-04,2025-10-07
DEAL-01891,9,9,approved,2024-08-10,2024-08-14
DEAL-01892,18,18,approved,2025-10-10,2025-10-12
DEAL-01893,9,8,pending,2025-07-17,2025-07-20
DEAL-01894,18,0,flagged,2025-08-24,
DEAL-01895,12,4,pending,2026-03-29,2026-04-04
DEAL-01896,10,10,approved,2026-02-26,2026-03-02
DEAL-01897,19,19,approved,2026-05-20,2026-05-22
DEAL-01898,12,12,approved,2026-04-01,2026-04-06
DEAL-01899,11,11,approved,2026-02-09,2026-02-10
DEAL-01900,16,16,approved,2025-03-30,2025-03-31
DEAL-01901,17,13,flagged,2024-03-26,2024-03-29
DEAL-01902,17,1,flagged,2025-01-04,2025-01-11
DEAL-01903,13,13,approved,2026-01-03,2026-01-08
DEAL-01904,17,17,approved,2024-09-27,2024-09-28
DEAL-01905,10,10,approved,2024-07-25,2024-07-27
DEAL-01906,8,6,pending,2024-10-24,2024-11-05
DEAL-01907,17,17,approved,2024-11-08,2024-11-13
DEAL-01908,18,2,flagged,2026-01-09,2026-01-22
DEAL-01909,18,14,flagged,2024-04-13,2024-04-19
DEAL-01910,15,10,pending,2024-03-30,2024-04-04
DEAL-01911,8,7,pending,2024-07-01,2024-07-05
DEAL-01912,14,14,approved,2025-04-15,2025-04-17
DEAL-01913,20,20,approved,2025-07-16,2025-07-19
DEAL-01914,10,10,approved,2024-03-29,2024-03-31
DEAL-01915,15,4,approved,2025-06-14,2025-06-24
DEAL-01916,18,18,approved,2025-10-20,2025-10-21
DEAL-01917,11,11,approved,2025-01-10,2025-01-13
DEAL-01918,18,12,pending,2024-03-28,2024-04-10
DEAL-01919,18,4,approved,2024-07-06,2024-07-11
DEAL-01920,16,16,approved,2024-12-25,2024-12-28
DEAL-01921,14,14,approved,2025-05-10,2025-05-13
DEAL-01922,18,18,approved,2024-04-24,2024-04-28
DEAL-01923,11,11,approved,2024-05-01,2024-05-04
DEAL-01924,13,11,approved,,
DEAL-01925,19,0,approved,,
DEAL-01926,8,0,pending,2025-09-13,
DEAL-01927,19,19,approved,2025-08-23,2025-08-28
DEAL-01928,14,14,approved,2024-07-08,2024-07-13
DEAL-01929,14,8,flagged,2026-03-28,2026-04-01
DEAL-01930,11,2,pending,2024-10-16,2024-10-28
DEAL-01931,10,3,pending,2025-06-23,2025-06-28
DEAL-01932,16,15,approved,2025-04-20,2025-04-21
DEAL-01933,8,8,approved,2025-08-03,2025-08-08
DEAL-01934,9,9,approved,2025-02-10,2025-02-15
DEAL-01935,17,17,approved,2024-09-11,2024-09-14
DEAL-01936,9,1,approved,2024-02-09,2024-02-17
DEAL-01937,17,15,flagged,,
DEAL-01938,15,15,approved,2025-03-15,2025-03-16
DEAL-01939,13,13,approved,2026-04-04,2026-04-09
DEAL-01940,13,13,approved,2026-01-23,2026-01-26
DEAL-01941,11,0,approved,2025-12-08,
DEAL-01942,12,12,approved,2026-04-29,2026-05-03
DEAL-01943,11,11,approved,2026-04-03,2026-04-07
DEAL-01944,15,15,approved,2025-11-12,2025-11-14
DEAL-01945,10,6,pending,2025-04-20,2025-04-27
DEAL-01946,15,13,approved,2025-10-12,2025-10-16
DEAL-01947,15,11,flagged,2026-01-18,2026-01-31
DEAL-01948,18,9,pending,2025-06-24,2025-07-01
DEAL-01949,16,16,approved,2025-08-27,2025-08-30
DEAL-01950,14,8,approved,,
DEAL-01951,20,6,pending,2024-10-10,2024-10-16
DEAL-01952,9,9,approved,2025-10-05,2025-10-08
DEAL-01953,16,16,approved,2024-11-26,2024-11-28
DEAL-01954,10,10,approved,2025-03-25,2025-03-28
DEAL-01955,11,11,approved,2024-08-03,2024-08-05
DEAL-01956,13,13,approved,2026-03-16,2026-03-19
DEAL-01957,10,10,approved,2026-04-17,2026-04-21
DEAL-01958,9,6,pending,2026-05-16,2026-05-26
DEAL-01959,13,11,flagged,2025-11-22,2025-11-27
DEAL-01960,11,5,flagged,2025-03-02,2025-03-09
DEAL-01961,16,6,flagged,2026-04-29,2026-05-07
DEAL-01962,18,9,pending,2026-02-23,2026-03-08
DEAL-01963,12,12,approved,2025-02-21,2025-02-26
DEAL-01964,10,4,pending,2025-11-18,2025-11-21
DEAL-01965,10,10,approved,2025-04-26,2025-04-27
DEAL-01966,11,11,approved,2024-06-05,2024-06-09
DEAL-01967,8,8,approved,2024-02-27,2024-03-03
DEAL-01968,12,12,approved,2025-01-16,2025-01-21
DEAL-01969,9,2,flagged,2026-05-10,2026-05-21
DEAL-01970,11,6,approved,2025-06-13,2025-06-22
DEAL-01971,9,3,pending,2025-05-30,2025-06-03
DEAL-01972,12,9,pending,2025-03-20,2025-03-26
DEAL-01973,20,20,approved,2025-11-23,2025-11-27
DEAL-01974,14,14,approved,2024-08-25,2024-08-26
DEAL-01975,11,11,approved,2025-06-15,2025-06-18
DEAL-01976,14,14,approved,2025-02-28,2025-03-03
DEAL-01977,11,3,flagged,2025-01-14,2025-01-25
DEAL-01978,18,11,pending,2024-05-27,2024-05-30
DEAL-01979,13,13,approved,2024-06-04,2024-06-05
DEAL-01980,18,18,approved,2025-11-19,2025-11-20
DEAL-01981,13,13,approved,2024-11-25,2024-11-27
DEAL-01982,18,18,approved,2025-06-11,2025-06-12
DEAL-01983,11,5,pending,2025-09-11,2025-09-25
DEAL-01984,9,9,approved,2024-01-25,2024-01-28
DEAL-01985,18,18,approved,2025-08-01,2025-08-06
DEAL-01986,19,19,approved,2026-05-06,2026-05-09
DEAL-01987,18,18,approved,2026-01-08,2026-01-12
DEAL-01988,19,12,flagged,2024-09-25,2024-09-30
DEAL-01989,20,8,pending,2025-07-03,2025-07-13
DEAL-01990,12,12,approved,2024-11-15,2024-11-16
DEAL-01991,8,3,pending,2025-06-18,2025-06-28
DEAL-01992,17,11,approved,2026-02-10,2026-02-24
DEAL-01993,8,8,approved,2025-03-31,2025-04-03
DEAL-01994,17,10,flagged,2026-02-27,2026-03-13
DEAL-01995,10,0,flagged,2024-05-16,
DEAL-01996,11,5,flagged,2026-03-26,2026-04-05
DEAL-01997,19,19,approved,2025-12-12,2025-12-16
DEAL-01998,13,13,approved,2024-10-13,2024-10-16
DEAL-01999,11,11,approved,2024-02-19,2024-02-20
DEAL-02000,8,8,approved,2025-06-27,2025-07-01
DEAL-02001,20,8,pending,2024-12-17,2024-12-31
DEAL-02002,8,4,flagged,2025-08-06,2025-08-20
DEAL-02003,17,0,pending,2025-02-27,
DEAL-02004,9,9,pending,2025-07-19,2025-07-21
DEAL-02005,19,19,approved,2025-05-07,2025-05-08
DEAL-02006,17,17,approved,2025-11-08,2025-11-12
DEAL-02007,9,8,approved,2024-06-14,2024-06-15
DEAL-02008,14,14,approved,2024-09-07,2024-09-09
DEAL-02009,10,10,approved,2024-04-20,2024-04-24
DEAL-02010,11,11,approved,2026-03-01,2026-03-06
DEAL-02011,19,19,approved,2024-06-30,2024-07-02
DEAL-02012,14,14,approved,2025-04-24,2025-04-25
DEAL-02013,16,16,approved,2026-04-04,2026-04-05
DEAL-02014,12,12,approved,2025-10-17,2025-10-21
DEAL-02015,14,14,approved,2025-11-28,2025-12-02
DEAL-02016,14,10,pending,2024-07-31,2024-08-04
DEAL-02017,9,9,approved,2024-07-23,2024-07-28
DEAL-02018,15,15,flagged,2026-05-16,2026-05-19
DEAL-02019,11,11,approved,2025-11-22,2025-11-23
DEAL-02020,9,9,approved,2026-05-13,2026-05-17
DEAL-02021,13,12,flagged,2024-02-08,2024-02-12
DEAL-02022,14,14,approved,2024-08-16,2024-08-21
DEAL-02023,10,10,approved,2026-03-17,2026-03-19
DEAL-02024,19,3,approved,2024-06-28,2024-07-12
DEAL-02025,16,16,approved,2024-08-01,2024-08-03
DEAL-02026,10,10,approved,2025-04-22,2025-04-24
DEAL-02027,17,17,approved,2025-09-13,2025-09-15
DEAL-02028,14,7,pending,2026-03-22,2026-03-25
DEAL-02029,8,8,approved,2026-01-04,2026-01-08
DEAL-02030,9,9,approved,2025-09-30,2025-10-05
DEAL-02031,9,9,approved,2024-11-03,2024-11-08
DEAL-02032,19,19,approved,2026-03-08,2026-03-12
DEAL-02033,8,8,approved,2024-05-20,2024-05-22
DEAL-02034,11,6,pending,2026-04-06,2026-04-10
DEAL-02035,14,14,approved,2025-09-25,2025-09-29
DEAL-02036,14,14,approved,2025-02-28,2025-03-05
DEAL-02037,16,16,approved,2026-02-17,2026-02-22
DEAL-02038,15,15,approved,2025-05-31,2025-06-01
DEAL-02039,13,13,approved,2025-02-07,2025-02-08
DEAL-02040,13,11,flagged,2024-06-30,2024-07-01
DEAL-02041,11,11,approved,2024-07-15,2024-07-18
DEAL-02042,19,19,approved,2025-04-21,2025-04-22
DEAL-02043,17,17,approved,2025-09-04,2025-09-05
DEAL-02044,18,15,pending,2025-01-25,2025-01-28
DEAL-02045,11,11,approved,2026-04-02,2026-04-03
DEAL-02046,18,3,pending,2024-03-13,2024-03-26
DEAL-02047,13,3,pending,2026-04-10,2026-04-22
DEAL-02048,8,8,approved,2025-03-25,2025-03-27
DEAL-02049,18,18,approved,2024-05-15,2024-05-20
DEAL-02050,13,9,approved,2026-04-20,2026-05-03
DEAL-02051,19,19,approved,2025-07-13,2025-07-16
DEAL-02052,9,5,pending,2026-04-19,2026-04-30
DEAL-02053,11,11,approved,2024-04-17,2024-04-18
DEAL-02054,13,13,approved,2024-07-07,2024-07-08
DEAL-02055,8,8,approved,2025-05-09,2025-05-13
DEAL-02056,20,20,approved,2024-11-17,2024-11-19
DEAL-02057,17,17,approved,2026-01-07,2026-01-11
DEAL-02058,14,6,approved,2024-09-01,2024-09-06
DEAL-02059,16,6,approved,,
DEAL-02060,15,15,approved,2026-04-11,2026-04-16
DEAL-02061,18,18,approved,2025-06-24,2025-06-27
DEAL-02062,14,14,approved,2024-06-30,2024-07-04
DEAL-02063,12,12,approved,2025-04-04,2025-04-06
DEAL-02064,14,14,approved,2024-06-25,2024-06-26
DEAL-02065,11,11,approved,2026-04-01,2026-04-04
DEAL-02066,19,19,approved,2026-01-07,2026-01-12
DEAL-02067,12,2,pending,2026-05-08,2026-05-16
DEAL-02068,13,13,approved,2025-12-21,2025-12-22
DEAL-02069,17,17,approved,2025-12-19,2025-12-22
DEAL-02070,20,20,approved,2025-03-20,2025-03-25
DEAL-02071,8,0,pending,2025-08-09,
DEAL-02072,17,7,flagged,2026-04-08,2026-04-21
DEAL-02073,13,3,pending,2025-03-31,2025-04-13
DEAL-02074,13,13,approved,2026-04-07,2026-04-10
DEAL-02075,11,11,approved,2025-12-27,2025-12-30
DEAL-02076,16,9,flagged,2024-03-16,2024-03-20
DEAL-02077,17,0,flagged,,
DEAL-02078,9,9,approved,2025-04-04,2025-04-05
DEAL-02079,13,3,approved,2026-04-03,2026-04-07
DEAL-02080,8,8,approved,2024-07-10,2024-07-14
DEAL-02081,10,10,approved,2024-02-12,2024-02-16
DEAL-02082,12,12,approved,2024-06-13,2024-06-18
DEAL-02083,16,2,flagged,2024-06-29,2024-07-13
DEAL-02084,14,14,approved,2025-03-27,2025-04-01
DEAL-02085,20,20,approved,2025-08-17,2025-08-20
DEAL-02086,20,20,approved,2025-12-01,2025-12-06
DEAL-02087,18,18,approved,2026-02-08,2026-02-12
DEAL-02088,20,16,pending,2024-06-05,2024-06-08
DEAL-02089,16,16,approved,2025-05-13,2025-05-14
DEAL-02090,14,9,pending,2025-04-22,2025-05-05
DEAL-02091,19,19,approved,2025-05-05,2025-05-06
DEAL-02092,14,14,approved,2024-10-05,2024-10-08
DEAL-02093,12,12,approved,2024-05-12,2024-05-14
DEAL-02094,17,17,approved,2024-10-20,2024-10-22
DEAL-02095,8,8,approved,2024-10-07,2024-10-10
DEAL-02096,12,8,approved,2024-12-26,2024-12-29
DEAL-02097,10,10,approved,2025-09-04,2025-09-07
DEAL-02098,19,17,approved,2024-09-09,2024-09-10
DEAL-02099,16,15,pending,2024-03-29,2024-03-30
DEAL-02100,12,12,approved,2024-07-17,2024-07-20
DEAL-02101,13,1,flagged,2026-03-11,2026-03-21
DEAL-02102,12,12,approved,2024-06-08,2024-06-09
DEAL-02103,11,11,approved,2026-03-19,2026-03-22
DEAL-02104,16,11,pending,,
DEAL-02105,14,14,approved,2025-05-31,2025-06-04
DEAL-02106,12,12,approved,2025-03-15,2025-03-16
DEAL-02107,16,16,approved,2024-10-11,2024-10-12
DEAL-02108,19,19,approved,2024-07-24,2024-07-27
DEAL-02109,20,20,approved,2024-02-18,2024-02-21
DEAL-02110,11,2,pending,2026-03-01,2026-03-05
DEAL-02111,12,11,pending,2024-07-20,2024-07-23
DEAL-02112,12,12,approved,2024-07-31,2024-08-02
DEAL-02113,20,20,approved,2025-07-15,2025-07-17
DEAL-02114,18,18,approved,2024-02-16,2024-02-18
DEAL-02115,16,16,approved,2025-01-26,2025-01-27
DEAL-02116,16,16,approved,2026-03-18,2026-03-20
DEAL-02117,14,9,pending,2025-12-14,2025-12-26
DEAL-02118,18,15,flagged,2024-09-23,2024-09-24
DEAL-02119,20,20,approved,2026-02-11,2026-02-14
DEAL-02120,16,16,approved,2025-04-24,2025-04-27
DEAL-02121,12,12,approved,2024-08-30,2024-08-31
DEAL-02122,10,10,approved,2025-06-27,2025-06-30
DEAL-02123,9,9,approved,2025-02-23,2025-02-26
DEAL-02124,8,8,approved,2024-06-05,2024-06-10
DEAL-02125,12,12,approved,2026-03-11,2026-03-13
DEAL-02126,20,20,approved,2025-04-17,2025-04-19
DEAL-02127,19,2,flagged,2025-12-18,2025-12-24
DEAL-02128,17,7,pending,2025-01-30,2025-02-07
DEAL-02129,8,8,approved,2025-05-25,2025-05-28
DEAL-02130,9,9,approved,2024-05-14,2024-05-17
DEAL-02131,10,10,approved,2025-07-19,2025-07-22
DEAL-02132,16,16,approved,2026-04-18,2026-04-23
DEAL-02133,15,15,approved,2026-03-23,2026-03-24
DEAL-02134,9,9,approved,2024-07-25,2024-07-26
DEAL-02135,8,3,flagged,2024-07-03,2024-07-13
DEAL-02136,12,12,approved,2025-11-24,2025-11-28
DEAL-02137,12,12,approved,2025-11-02,2025-11-04
DEAL-02138,18,18,approved,2024-04-18,2024-04-22
DEAL-02139,19,19,approved,2024-04-29,2024-05-01
DEAL-02140,20,20,approved,2024-09-04,2024-09-06
DEAL-02141,8,8,approved,2025-06-02,2025-06-06
DEAL-02142,20,20,approved,2024-04-17,2024-04-20
DEAL-02143,17,17,approved,2025-12-20,2025-12-25
DEAL-02144,10,10,approved,2025-06-13,2025-06-16
DEAL-02145,9,9,approved,2025-05-15,2025-05-19
DEAL-02146,18,2,flagged,2025-08-05,2025-08-09
DEAL-02147,16,16,approved,2024-06-10,2024-06-13
DEAL-02148,14,1,approved,2024-11-30,2024-12-11
DEAL-02149,12,7,pending,2024-10-19,2024-10-24
DEAL-02150,18,18,approved,2026-03-22,2026-03-23
DEAL-02151,19,19,approved,2025-12-31,2026-01-01
DEAL-02152,17,17,approved,2026-03-22,2026-03-24
DEAL-02153,18,18,approved,2024-10-16,2024-10-21
DEAL-02154,17,17,approved,2025-09-18,2025-09-20
DEAL-02155,15,15,pending,2025-04-13,2025-04-16
DEAL-02156,16,16,approved,2024-12-21,2024-12-22
DEAL-02157,15,15,approved,2025-06-22,2025-06-25
DEAL-02158,13,13,approved,2024-06-11,2024-06-13
DEAL-02159,20,20,approved,2024-05-08,2024-05-12
DEAL-02160,15,15,approved,2024-08-10,2024-08-15
DEAL-02161,13,13,approved,2024-07-09,2024-07-12
DEAL-02162,10,10,approved,2024-06-29,2024-07-04
DEAL-02163,18,7,flagged,2025-10-28,2025-11-02
DEAL-02164,16,16,approved,2026-05-17,2026-05-18
DEAL-02165,20,20,approved,2026-03-11,2026-03-14
DEAL-02166,20,9,flagged,2024-12-05,2024-12-11
DEAL-02167,12,2,flagged,2025-06-14,2025-06-22
DEAL-02168,11,1,approved,2025-12-25,2025-12-31
DEAL-02169,9,9,approved,2024-12-19,2024-12-20
DEAL-02170,15,5,pending,2025-03-29,2025-04-08
DEAL-02171,13,10,pending,,
DEAL-02172,11,11,approved,2025-01-30,2025-02-03
DEAL-02173,12,12,approved,2024-04-01,2024-04-06
DEAL-02174,10,10,approved,2026-01-06,2026-01-07
DEAL-02175,13,13,approved,2024-07-31,2024-08-02
DEAL-02176,8,7,approved,2025-05-01,2025-05-05
DEAL-02177,13,13,approved,2025-08-24,2025-08-26
DEAL-02178,11,3,approved,,
DEAL-02179,10,6,flagged,2025-08-09,2025-08-11
DEAL-02180,17,10,approved,,
DEAL-02181,20,20,approved,2024-09-02,2024-09-06
DEAL-02182,15,2,flagged,2024-10-28,2024-10-31
DEAL-02183,10,10,approved,2026-03-09,2026-03-11
DEAL-02184,13,9,pending,2026-04-15,2026-04-25
DEAL-02185,14,14,approved,2024-08-14,2024-08-19
DEAL-02186,15,15,approved,2024-08-18,2024-08-23
DEAL-02187,11,11,approved,2024-09-13,2024-09-17
DEAL-02188,18,18,approved,2025-02-11,2025-02-15
DEAL-02189,8,7,pending,2024-07-03,2024-07-05
DEAL-02190,15,15,approved,2026-05-16,2026-05-17
DEAL-02191,19,10,flagged,2025-10-03,2025-10-07
DEAL-02192,13,13,approved,2025-09-04,2025-09-05
DEAL-02193,9,0,approved,2026-05-09,
DEAL-02194,10,6,approved,2025-04-26,2025-04-30
DEAL-02195,12,10,pending,2026-01-30,2026-02-04
DEAL-02196,20,20,approved,2025-10-24,2025-10-27
DEAL-02197,20,20,approved,2026-04-02,2026-04-04
DEAL-02198,10,5,pending,2026-03-29,2026-04-06
DEAL-02199,13,7,pending,2026-03-22,2026-03-26
DEAL-02200,18,18,approved,2025-03-13,2025-03-14
DEAL-02201,20,20,approved,2026-05-02,2026-05-06
DEAL-02202,14,14,approved,2025-03-29,2025-04-02
DEAL-02203,9,9,approved,2025-07-24,2025-07-25
DEAL-02204,19,15,pending,2024-10-29,2024-11-05
DEAL-02205,18,18,approved,2025-07-22,2025-07-23
DEAL-02206,8,8,approved,2024-12-10,2024-12-12
DEAL-02207,10,10,approved,2024-05-11,2024-05-13
DEAL-02208,19,19,approved,2026-05-04,2026-05-06
DEAL-02209,11,11,approved,2025-07-21,2025-07-23
DEAL-02210,18,18,approved,2025-05-07,2025-05-12
DEAL-02211,13,13,approved,2024-08-24,2024-08-27
DEAL-02212,15,15,approved,2025-02-08,2025-02-10
DEAL-02213,11,11,approved,2025-06-26,2025-06-30
DEAL-02214,8,8,approved,2025-05-30,2025-06-03
DEAL-02215,18,0,approved,2024-06-08,
DEAL-02216,8,8,approved,2026-05-11,2026-05-14
DEAL-02217,8,8,approved,2024-11-14,2024-11-15
DEAL-02218,20,20,approved,2024-11-04,2024-11-06
DEAL-02219,16,16,approved,2025-04-13,2025-04-17
DEAL-02220,15,15,approved,2024-11-28,2024-11-30
DEAL-02221,12,12,approved,2024-06-12,2024-06-16
DEAL-02222,13,13,approved,2024-09-03,2024-09-07
DEAL-02223,11,11,approved,2026-03-31,2026-04-01
DEAL-02224,14,14,approved,2024-02-09,2024-02-13
DEAL-02225,19,19,approved,2026-03-17,2026-03-21
DEAL-02226,19,14,flagged,2025-09-15,2025-09-23
DEAL-02227,16,16,approved,2025-09-11,2025-09-16
DEAL-02228,20,20,approved,2025-04-01,2025-04-02
DEAL-02229,12,10,approved,2025-02-20,2025-02-21
DEAL-02230,11,11,approved,2025-05-05,2025-05-06
DEAL-02231,15,9,pending,2026-03-03,2026-03-15
DEAL-02232,12,12,approved,2026-04-24,2026-04-29
DEAL-02233,14,12,pending,2025-11-07,2025-11-08
DEAL-02234,15,9,pending,2026-03-14,2026-03-26
DEAL-02235,17,6,approved,2025-11-25,2025-12-09
DEAL-02236,8,8,approved,2026-02-13,2026-02-17
DEAL-02237,20,20,approved,2025-05-14,2025-05-19
DEAL-02238,13,13,approved,2025-04-16,2025-04-19
DEAL-02239,17,2,flagged,2024-10-03,2024-10-17
DEAL-02240,11,11,approved,2024-04-01,2024-04-05
DEAL-02241,19,19,approved,2026-04-10,2026-04-13
DEAL-02242,13,13,approved,2024-11-13,2024-11-18
DEAL-02243,19,15,flagged,2025-02-19,2025-03-02
DEAL-02244,18,7,pending,,
DEAL-02245,17,17,approved,2025-11-28,2025-11-29
DEAL-02246,9,3,approved,2024-05-06,2024-05-20
DEAL-02247,8,4,pending,2024-07-27,2024-08-03
DEAL-02248,18,18,approved,2025-09-12,2025-09-17
DEAL-02249,14,14,approved,2024-10-18,2024-10-21
DEAL-02250,10,0,flagged,2025-01-26,
DEAL-02251,17,16,approved,2024-08-09,2024-08-10
DEAL-02252,11,11,approved,2025-03-15,2025-03-16
DEAL-02253,9,9,approved,2025-06-24,2025-06-26
DEAL-02254,13,13,approved,2024-09-25,2024-09-26
DEAL-02255,15,8,approved,2026-03-18,2026-03-20
DEAL-02256,9,9,approved,2025-04-11,2025-04-15
DEAL-02257,20,20,approved,2026-03-02,2026-03-04
DEAL-02258,17,17,approved,2026-04-19,2026-04-24
DEAL-02259,14,14,approved,2025-12-30,2026-01-02
DEAL-02260,19,19,approved,2025-11-29,2025-11-30
DEAL-02261,20,1,approved,2026-04-14,2026-04-21
DEAL-02262,8,8,approved,2025-06-20,2025-06-24
DEAL-02263,19,9,flagged,2025-10-12,2025-10-19
DEAL-02264,11,11,approved,2025-11-04,2025-11-05
DEAL-02265,17,16,flagged,2025-01-05,2025-01-06
DEAL-02266,12,12,approved,2026-03-26,2026-03-31
DEAL-02267,14,4,flagged,2026-04-30,2026-05-10
DEAL-02268,12,3,flagged,2026-04-05,2026-04-07
DEAL-02269,14,12,approved,2025-05-11,2025-05-14
DEAL-02270,15,8,pending,2025-08-12,2025-08-15
DEAL-02271,9,9,approved,2024-02-04,2024-02-09
DEAL-02272,15,15,approved,2024-12-22,2024-12-26
DEAL-02273,20,20,approved,2025-07-12,2025-07-16
DEAL-02274,19,19,approved,2025-08-31,2025-09-05
DEAL-02275,8,6,pending,2026-01-14,2026-01-26
DEAL-02276,11,11,approved,2025-01-20,2025-01-22
DEAL-02277,10,10,approved,2024-09-27,2024-09-29
DEAL-02278,16,11,pending,2025-11-20,2025-11-29
DEAL-02279,19,19,approved,2026-01-08,2026-01-11
DEAL-02280,10,10,approved,2024-08-26,2024-08-28
DEAL-02281,18,18,approved,2026-04-21,2026-04-25
DEAL-02282,9,9,approved,2025-07-30,2025-08-03
DEAL-02283,12,12,approved,2025-07-17,2025-07-21
DEAL-02284,17,17,approved,2024-09-29,2024-10-02
DEAL-02285,10,10,approved,2024-12-06,2024-12-07
DEAL-02286,20,20,approved,2026-05-15,2026-05-17
DEAL-02287,14,10,pending,2025-11-16,2025-11-23
DEAL-02288,11,11,approved,2026-03-17,2026-03-21
DEAL-02289,20,20,approved,2025-06-28,2025-07-02
DEAL-02290,11,1,approved,2025-09-13,2025-09-20
DEAL-02291,11,11,approved,2026-03-27,2026-03-30
DEAL-02292,18,18,approved,2024-04-11,2024-04-14
DEAL-02293,20,10,pending,2024-03-23,2024-04-04
DEAL-02294,9,9,approved,2025-05-05,2025-05-07
DEAL-02295,12,4,flagged,2025-10-29,2025-11-12
DEAL-02296,15,3,pending,2026-03-26,2026-04-04
DEAL-02297,20,20,approved,2025-09-11,2025-09-15
DEAL-02298,19,14,flagged,,
DEAL-02299,8,0,approved,2024-12-01,
DEAL-02300,12,2,pending,2024-06-18,2024-06-29
DEAL-02301,11,11,approved,2026-03-20,2026-03-22
DEAL-02302,16,16,approved,2024-06-11,2024-06-13
DEAL-02303,20,20,approved,2025-06-25,2025-06-30
DEAL-02304,9,0,approved,2026-03-24,
DEAL-02305,11,11,approved,2024-07-24,2024-07-29
DEAL-02306,12,12,approved,2026-05-13,2026-05-17
DEAL-02307,10,3,flagged,2025-10-07,2025-10-17
DEAL-02308,13,4,pending,2025-12-11,2025-12-14
DEAL-02309,10,10,approved,2024-02-21,2024-02-24
DEAL-02310,16,13,flagged,2025-04-21,2025-04-24
DEAL-02311,14,14,approved,2026-04-20,2026-04-24
DEAL-02312,11,11,approved,2024-06-07,2024-06-09
DEAL-02313,15,6,flagged,2025-08-23,2025-08-29
DEAL-02314,10,10,approved,2024-08-22,2024-08-24
DEAL-02315,10,10,approved,2025-10-09,2025-10-12
DEAL-02316,8,8,approved,2026-03-16,2026-03-18
DEAL-02317,9,9,approved,2025-06-24,2025-06-27
DEAL-02318,19,19,approved,2024-03-20,2024-03-23
DEAL-02319,20,20,approved,2026-03-26,2026-03-29
DEAL-02320,19,19,approved,2024-12-27,2024-12-29
DEAL-02321,19,10,pending,2024-05-09,2024-05-14
DEAL-02322,14,14,approved,2025-04-14,2025-04-18
DEAL-02323,9,9,approved,2026-01-03,2026-01-06
DEAL-02324,20,20,approved,2026-04-20,2026-04-24
DEAL-02325,16,16,approved,2024-08-19,2024-08-22
DEAL-02326,16,16,approved,2025-12-31,2026-01-03
DEAL-02327,20,20,approved,2026-05-05,2026-05-10
DEAL-02328,19,13,flagged,2026-04-03,2026-04-06
DEAL-02329,9,9,approved,2024-04-05,2024-04-06
DEAL-02330,14,4,pending,2025-04-07,2025-04-21
DEAL-02331,13,13,approved,2026-05-15,2026-05-19
DEAL-02332,10,10,approved,2025-06-08,2025-06-11
DEAL-02333,10,10,approved,2024-08-27,2024-08-29
DEAL-02334,18,18,approved,2024-09-28,2024-10-02
DEAL-02335,13,13,approved,2025-09-08,2025-09-11
DEAL-02336,14,14,approved,2024-11-02,2024-11-07
DEAL-02337,10,8,flagged,2025-09-19,2025-09-24
DEAL-02338,14,14,approved,2026-05-04,2026-05-05
DEAL-02339,11,11,flagged,2025-05-30,2025-06-03
DEAL-02340,17,17,approved,2025-03-02,2025-03-07
DEAL-02341,11,1,approved,2024-10-04,2024-10-08
DEAL-02342,16,16,approved,2026-05-05,2026-05-06
DEAL-02343,9,9,approved,2025-03-18,2025-03-20
DEAL-02344,19,9,approved,2026-05-13,2026-05-20
DEAL-02345,17,17,approved,2025-11-23,2025-11-24
DEAL-02346,8,6,flagged,2025-12-17,2025-12-22
DEAL-02347,13,12,approved,2026-02-25,2026-02-28
DEAL-02348,8,8,approved,2024-05-26,2024-05-30
DEAL-02349,20,20,approved,2026-03-12,2026-03-14
DEAL-02350,17,8,approved,2026-05-01,2026-05-05
DEAL-02351,18,18,approved,2024-07-23,2024-07-27
DEAL-02352,17,17,approved,2024-09-12,2024-09-17
DEAL-02353,17,17,approved,2024-06-18,2024-06-23
DEAL-02354,11,11,approved,2025-10-16,2025-10-21
DEAL-02355,10,2,pending,2026-05-18,2026-05-27
DEAL-02356,17,16,flagged,2024-05-13,2024-05-15
DEAL-02357,16,16,approved,2024-12-24,2024-12-25
DEAL-02358,14,14,approved,2025-09-23,2025-09-25
DEAL-02359,14,14,approved,2024-09-07,2024-09-12
DEAL-02360,8,8,approved,2024-06-22,2024-06-25
DEAL-02361,12,12,approved,2024-07-06,2024-07-10
DEAL-02362,13,7,pending,2025-06-16,2025-06-28
DEAL-02363,16,16,approved,2025-10-27,2025-10-28
DEAL-02364,16,16,approved,2026-02-26,2026-03-01
DEAL-02365,19,19,approved,2025-12-19,2025-12-22
DEAL-02366,11,11,approved,2026-05-11,2026-05-13
DEAL-02367,12,1,approved,2026-03-13,2026-03-20
DEAL-02368,15,15,approved,2026-02-26,2026-02-28
DEAL-02369,10,6,flagged,2024-06-23,2024-07-04
DEAL-02370,17,17,approved,2026-04-16,2026-04-18
DEAL-02371,15,15,approved,2024-07-26,2024-07-30
DEAL-02372,18,2,pending,2025-04-07,2025-04-09
DEAL-02373,20,2,flagged,2024-04-12,2024-04-15
DEAL-02374,9,3,approved,2025-06-03,2025-06-17
DEAL-02375,18,18,approved,2025-06-04,2025-06-08
DEAL-02376,9,9,approved,2025-09-03,2025-09-06
DEAL-02377,19,19,approved,2024-06-18,2024-06-19
DEAL-02378,16,16,approved,2026-05-10,2026-05-11
DEAL-02379,19,12,approved,,
DEAL-02380,13,13,approved,2026-03-21,2026-03-25
DEAL-02381,9,9,approved,2026-02-10,2026-02-15
DEAL-02382,12,12,approved,2026-04-30,2026-05-05
DEAL-02383,19,19,approved,2025-04-19,2025-04-24
DEAL-02384,19,19,approved,2026-04-12,2026-04-14
DEAL-02385,17,17,approved,2024-10-01,2024-10-04
DEAL-02386,14,14,approved,2026-04-25,2026-04-26
DEAL-02387,12,4,approved,2024-05-15,2024-05-24
DEAL-02388,17,17,approved,2026-03-23,2026-03-24
DEAL-02389,13,13,approved,2024-02-20,2024-02-22
DEAL-02390,14,14,approved,2025-06-24,2025-06-29
DEAL-02391,9,9,approved,2024-07-13,2024-07-17
DEAL-02392,11,3,pending,2024-08-25,2024-08-30
DEAL-02393,14,14,approved,2024-11-24,2024-11-26
DEAL-02394,12,12,approved,2026-03-03,2026-03-06
DEAL-02395,15,15,approved,2026-03-02,2026-03-07
DEAL-02396,16,16,approved,2024-04-17,2024-04-20
DEAL-02397,20,0,flagged,2026-05-09,
DEAL-02398,15,15,approved,2025-06-29,2025-07-02
DEAL-02399,10,10,approved,2024-06-01,2024-06-03
DEAL-02400,19,19,approved,2025-05-30,2025-06-04
DEAL-02401,16,16,approved,2024-04-30,2024-05-05
DEAL-02402,19,19,approved,2024-11-02,2024-11-03
DEAL-02403,14,14,approved,2025-04-10,2025-04-12
DEAL-02404,16,11,flagged,2024-07-23,2024-07-27
DEAL-02405,19,19,approved,2026-04-03,2026-04-05
DEAL-02406,19,1,flagged,2026-02-01,2026-02-10
DEAL-02407,10,10,approved,2024-11-15,2024-11-20
DEAL-02408,8,1,pending,2025-12-20,2025-12-29
DEAL-02409,10,10,approved,2026-03-29,2026-03-30
DEAL-02410,11,8,flagged,2025-05-30,2025-06-10
DEAL-02411,11,11,approved,2026-04-09,2026-04-14
DEAL-02412,16,4,flagged,2024-12-08,2024-12-13
DEAL-02413,13,13,approved,2025-10-03,2025-10-05
DEAL-02414,8,1,approved,2026-02-08,2026-02-22
DEAL-02415,17,4,pending,2026-03-20,2026-03-27
DEAL-02416,9,9,approved,2026-03-29,2026-03-30
DEAL-02417,10,10,approved,2025-11-05,2025-11-10
DEAL-02418,15,15,approved,2025-09-06,2025-09-11
DEAL-02419,13,11,flagged,2025-03-19,2025-03-20
DEAL-02420,13,13,approved,2025-09-24,2025-09-29
DEAL-02421,9,9,approved,2024-03-10,2024-03-15
DEAL-02422,19,19,approved,2025-12-19,2025-12-24
DEAL-02423,16,16,approved,2024-11-29,2024-11-30
DEAL-02424,20,20,approved,2024-08-06,2024-08-10
DEAL-02425,17,17,approved,2025-09-07,2025-09-11
DEAL-02426,13,13,approved,2024-10-25,2024-10-27
DEAL-02427,12,3,flagged,2024-10-22,2024-11-04
DEAL-02428,8,8,approved,2025-05-11,2025-05-13
DEAL-02429,18,18,approved,2024-10-24,2024-10-29
DEAL-02430,19,1,approved,2024-12-07,2024-12-16
DEAL-02431,18,18,approved,2025-07-03,2025-07-07
DEAL-02432,11,6,flagged,2026-04-04,2026-04-14
DEAL-02433,19,19,approved,2025-12-10,2025-12-13
DEAL-02434,13,13,approved,2025-09-17,2025-09-20
DEAL-02435,9,9,approved,2024-03-10,2024-03-11
DEAL-02436,16,16,approved,2024-07-14,2024-07-16
DEAL-02437,15,15,approved,2024-05-01,2024-05-05
DEAL-02438,10,2,flagged,2024-09-23,2024-10-03
DEAL-02439,16,16,approved,2025-08-06,2025-08-07
DEAL-02440,17,17,approved,2024-10-08,2024-10-09
DEAL-02441,11,11,approved,2026-03-12,2026-03-14
DEAL-02442,12,12,approved,2026-04-26,2026-04-30
DEAL-02443,15,15,approved,2026-02-25,2026-02-26
DEAL-02444,9,9,approved,2025-03-10,2025-03-15
DEAL-02445,19,10,pending,2025-07-26,2025-07-28
DEAL-02446,11,11,approved,2025-04-27,2025-05-02
DEAL-02447,8,8,approved,2025-08-28,2025-08-29
DEAL-02448,19,2,pending,2026-04-25,2026-05-06
DEAL-02449,9,3,pending,2025-10-01,2025-10-05
DEAL-02450,12,7,pending,2026-03-23,2026-04-03
DEAL-02451,15,4,approved,2026-04-16,2026-04-23
DEAL-02452,17,17,approved,2026-03-12,2026-03-14
DEAL-02453,19,19,approved,2026-05-17,2026-05-19
DEAL-02454,9,9,approved,2024-07-03,2024-07-08
DEAL-02455,13,13,approved,2025-01-26,2025-01-31
DEAL-02456,11,2,flagged,2024-07-03,2024-07-16
DEAL-02457,18,18,approved,2026-05-07,2026-05-11
DEAL-02458,13,13,approved,2026-05-11,2026-05-14
DEAL-02459,13,13,approved,2026-02-21,2026-02-24
DEAL-02460,11,0,pending,2026-03-12,
DEAL-02461,8,8,approved,2024-05-04,2024-05-07
DEAL-02462,18,18,approved,2024-09-23,2024-09-25
DEAL-02463,19,19,approved,2025-04-10,2025-04-14
DEAL-02464,19,19,approved,2025-06-23,2025-06-26
DEAL-02465,13,9,pending,2024-12-31,2025-01-03
DEAL-02466,12,12,approved,2025-04-09,2025-04-10
DEAL-02467,10,0,approved,2025-05-23,
DEAL-02468,10,10,approved,2025-09-17,2025-09-21
DEAL-02469,8,8,approved,2024-05-22,2024-05-26
DEAL-02470,18,3,pending,,
DEAL-02471,10,7,pending,2024-09-13,2024-09-21
DEAL-02472,20,20,approved,2024-10-12,2024-10-13
DEAL-02473,10,10,approved,2024-05-25,2024-05-30
DEAL-02474,15,15,approved,2024-06-11,2024-06-12
DEAL-02475,11,11,approved,2024-07-02,2024-07-03
DEAL-02476,11,7,flagged,2025-07-04,2025-07-13
DEAL-02477,8,3,approved,2025-12-24,2026-01-07
DEAL-02478,13,9,pending,2025-07-07,2025-07-14
DEAL-02479,19,19,approved,2024-12-14,2024-12-18
DEAL-02480,10,10,approved,2024-05-06,2024-05-09
DEAL-02481,11,11,approved,2025-05-27,2025-05-29
DEAL-02482,17,17,approved,2026-01-11,2026-01-12
DEAL-02483,11,11,approved,2024-03-24,2024-03-27
DEAL-02484,16,14,approved,2025-05-26,2025-05-30
DEAL-02485,8,8,approved,2025-12-06,2025-12-08
DEAL-02486,10,10,approved,2025-09-30,2025-10-01
DEAL-02487,15,4,flagged,2024-11-15,2024-11-20
DEAL-02488,17,17,approved,2026-04-29,2026-05-02
DEAL-02489,13,4,flagged,2025-08-27,2025-09-05
DEAL-02490,16,16,approved,2025-04-21,2025-04-26
DEAL-02491,9,9,approved,2025-07-28,2025-07-31
DEAL-02492,8,8,approved,2026-02-27,2026-03-03
DEAL-02493,9,9,approved,2025-08-08,2025-08-10
DEAL-02494,11,0,flagged,,
DEAL-02495,14,3,flagged,2025-04-01,2025-04-11
DEAL-02496,16,16,approved,2025-07-29,2025-08-01
DEAL-02497,19,19,approved,2025-03-16,2025-03-20
DEAL-02498,11,10,pending,2026-03-21,2026-03-25
DEAL-02499,15,9,flagged,2024-05-08,2024-05-21
DEAL-02500,13,13,approved,2026-04-18,2026-04-21
DEAL-02501,16,16,approved,2026-03-11,2026-03-12
DEAL-02502,10,10,flagged,2025-08-05,2025-08-06
DEAL-02503,15,15,approved,2024-01-30,2024-02-02
DEAL-02504,11,11,approved,2026-04-24,2026-04-29
DEAL-02505,15,15,approved,2025-01-07,2025-01-10
DEAL-02506,19,15,flagged,2026-02-18,2026-03-01
DEAL-02507,14,14,approved,2024-06-15,2024-06-19
DEAL-02508,11,11,approved,2025-10-03,2025-10-04
DEAL-02509,16,16,approved,2025-01-20,2025-01-22
DEAL-02510,19,19,approved,2025-01-18,2025-01-22
DEAL-02511,19,19,approved,2024-10-24,2024-10-27
DEAL-02512,10,10,approved,2026-03-02,2026-03-05
DEAL-02513,19,4,flagged,2026-04-15,2026-04-21
DEAL-02514,17,17,approved,2026-03-10,2026-03-14
DEAL-02515,11,11,approved,2025-10-19,2025-10-23
DEAL-02516,20,20,approved,2026-04-13,2026-04-18
DEAL-02517,14,14,approved,2026-03-16,2026-03-17
DEAL-02518,15,15,approved,2024-07-11,2024-07-15
DEAL-02519,13,13,approved,2026-04-04,2026-04-07
DEAL-02520,19,19,approved,2025-12-22,2025-12-25
DEAL-02521,10,10,approved,2025-07-30,2025-08-02
DEAL-02522,15,15,approved,2024-07-01,2024-07-03
DEAL-02523,11,11,approved,2024-03-27,2024-04-01
DEAL-02524,20,20,approved,2024-07-25,2024-07-27
DEAL-02525,13,13,approved,2025-10-24,2025-10-27
DEAL-02526,12,12,approved,2026-03-20,2026-03-24
DEAL-02527,11,11,approved,2025-11-17,2025-11-22
DEAL-02528,18,18,approved,2025-08-01,2025-08-03
DEAL-02529,14,14,approved,2024-09-13,2024-09-15
DEAL-02530,20,20,approved,2025-01-31,2025-02-03
DEAL-02531,9,9,approved,2024-08-25,2024-08-27
DEAL-02532,11,11,approved,2024-05-18,2024-05-19
DEAL-02533,15,0,pending,2024-08-15,
DEAL-02534,10,10,approved,2024-06-05,2024-06-09
DEAL-02535,9,8,pending,2024-10-26,2024-10-28
DEAL-02536,12,12,approved,2025-02-12,2025-02-13
DEAL-02537,9,9,approved,2025-10-15,2025-10-17
DEAL-02538,16,10,approved,2026-03-22,2026-04-01
DEAL-02539,20,8,flagged,2026-01-16,2026-01-28
DEAL-02540,16,16,approved,2026-04-13,2026-04-17
DEAL-02541,19,13,flagged,2025-06-09,2025-06-12
DEAL-02542,10,10,approved,2026-03-30,2026-04-01
DEAL-02543,13,1,pending,2024-12-22,2025-01-05
DEAL-02544,12,12,approved,2024-03-18,2024-03-21
DEAL-02545,10,10,approved,2024-08-02,2024-08-04
DEAL-02546,11,11,approved,2025-07-23,2025-07-28
DEAL-02547,20,20,approved,2024-06-23,2024-06-26
DEAL-02548,12,12,approved,2024-12-22,2024-12-25
DEAL-02549,10,10,approved,2025-02-15,2025-02-18
DEAL-02550,11,11,approved,2026-02-25,2026-03-02
DEAL-02551,11,4,pending,2026-05-05,2026-05-12
DEAL-02552,18,18,approved,2024-08-25,2024-08-26
DEAL-02553,17,17,approved,2025-08-10,2025-08-12
DEAL-02554,16,5,pending,2025-10-17,2025-10-21
DEAL-02555,20,3,flagged,2025-09-14,2025-09-24
DEAL-02556,8,8,approved,2025-08-03,2025-08-08
DEAL-02557,18,4,approved,2025-10-04,2025-10-13
DEAL-02558,16,1,pending,2026-04-10,2026-04-16
DEAL-02559,12,12,approved,2026-04-20,2026-04-24
DEAL-02560,9,2,approved,,
DEAL-02561,15,15,approved,2024-07-15,2024-07-20
DEAL-02562,15,15,approved,2024-10-31,2024-11-04
DEAL-02563,18,18,approved,2026-02-27,2026-03-04
DEAL-02564,9,9,pending,,
DEAL-02565,11,11,approved,2026-05-03,2026-05-08
DEAL-02566,15,15,approved,2024-08-31,2024-09-05
DEAL-02567,13,0,pending,,
DEAL-02568,16,16,approved,2025-06-19,2025-06-20
DEAL-02569,17,17,approved,2025-08-31,2025-09-04
DEAL-02570,19,19,approved,2026-03-12,2026-03-13
DEAL-02571,18,18,approved,2025-01-21,2025-01-23
DEAL-02572,16,16,approved,2026-02-13,2026-02-16
DEAL-02573,17,17,approved,2024-07-11,2024-07-15
DEAL-02574,13,7,flagged,2025-02-23,2025-03-07
DEAL-02575,10,10,approved,2024-05-16,2024-05-19
DEAL-02576,8,3,pending,2026-03-15,2026-03-24
DEAL-02577,13,13,approved,2025-10-17,2025-10-22
DEAL-02578,12,12,approved,2025-04-05,2025-04-08
DEAL-02579,12,12,approved,2024-10-29,2024-10-30
DEAL-02580,20,4,flagged,2025-06-17,2025-06-26
DEAL-02581,16,4,flagged,2026-02-11,2026-02-18
DEAL-02582,9,9,approved,2025-03-08,2025-03-10
DEAL-02583,10,10,approved,2025-04-28,2025-05-03
DEAL-02584,9,9,approved,2024-05-15,2024-05-16
DEAL-02585,18,18,approved,2025-07-09,2025-07-13
DEAL-02586,10,10,approved,2025-11-16,2025-11-18
DEAL-02587,17,12,flagged,2026-03-23,2026-04-02
DEAL-02588,19,19,approved,2025-05-29,2025-05-31
DEAL-02589,18,10,flagged,2026-05-15,2026-05-22
DEAL-02590,11,2,approved,2026-03-02,2026-03-04
DEAL-02591,19,19,approved,2025-12-14,2025-12-16
DEAL-02592,20,6,flagged,,
DEAL-02593,9,9,approved,2026-04-20,2026-04-24
DEAL-02594,8,2,pending,2025-05-11,2025-05-17
DEAL-02595,14,14,approved,2025-09-01,2025-09-04
DEAL-02596,16,16,approved,2024-04-30,2024-05-04
DEAL-02597,17,11,pending,2025-09-24,2025-09-26
DEAL-02598,8,8,approved,2024-11-13,2024-11-17
DEAL-02599,12,12,approved,2025-02-27,2025-03-02
DEAL-02600,15,7,flagged,2024-08-17,2024-08-21
DEAL-02601,10,2,flagged,2024-05-23,2024-05-31
DEAL-02602,11,6,flagged,2025-10-23,2025-11-03
DEAL-02603,17,17,approved,2024-11-08,2024-11-12
DEAL-02604,13,13,approved,2025-05-31,2025-06-02
DEAL-02605,17,17,approved,2025-10-27,2025-10-29
DEAL-02606,20,7,flagged,2024-05-01,2024-05-06
DEAL-02607,20,20,approved,2024-08-16,2024-08-19
DEAL-02608,16,16,approved,2026-03-31,2026-04-05
DEAL-02609,20,20,approved,2024-03-01,2024-03-06
DEAL-02610,20,20,approved,2026-03-15,2026-03-17
DEAL-02611,11,11,approved,2025-07-27,2025-07-29
DEAL-02612,19,2,flagged,2024-04-13,2024-04-15
DEAL-02613,9,9,approved,2025-09-06,2025-09-10
DEAL-02614,10,10,approved,2025-07-01,2025-07-04
DEAL-02615,10,7,flagged,2025-10-17,2025-10-20
DEAL-02616,9,5,pending,2024-04-11,2024-04-18
DEAL-02617,8,8,approved,2026-04-04,2026-04-07
DEAL-02618,8,5,pending,2024-12-20,2025-01-01
DEAL-02619,12,12,approved,2025-07-27,2025-07-30
DEAL-02620,15,15,approved,2025-02-16,2025-02-18
DEAL-02621,11,3,pending,2026-05-10,2026-05-21
DEAL-02622,20,20,approved,2024-11-06,2024-11-09
DEAL-02623,8,2,pending,2026-03-10,2026-03-12
DEAL-02624,16,16,approved,2026-03-29,2026-04-03
DEAL-02625,17,17,approved,2025-03-14,2025-03-17
DEAL-02626,19,19,approved,2025-02-13,2025-02-18
DEAL-02627,10,10,approved,2025-02-07,2025-02-12
DEAL-02628,16,16,approved,2025-04-05,2025-04-10
DEAL-02629,8,2,flagged,2025-03-31,2025-04-09
DEAL-02630,9,9,approved,2025-06-29,2025-06-30
DEAL-02631,10,10,approved,2025-05-27,2025-05-29
DEAL-02632,18,11,pending,2024-03-26,2024-04-09
DEAL-02633,12,12,approved,2024-11-06,2024-11-09
DEAL-02634,16,16,approved,2024-06-29,2024-07-01
DEAL-02635,8,8,approved,2024-07-10,2024-07-14
DEAL-02636,9,9,approved,2025-04-03,2025-04-07
DEAL-02637,15,11,flagged,2025-01-28,2025-02-09
DEAL-02638,10,4,pending,2025-10-22,2025-11-03
DEAL-02639,19,19,approved,2025-11-09,2025-11-13
DEAL-02640,9,3,flagged,2025-06-15,2025-06-25
DEAL-02641,20,20,approved,2024-05-26,2024-05-31
DEAL-02642,20,20,approved,2026-05-08,2026-05-12
DEAL-02643,17,4,flagged,2024-03-27,2024-04-02
DEAL-02644,13,9,flagged,2024-10-30,2024-11-03
DEAL-02645,15,15,approved,2024-06-12,2024-06-16
DEAL-02646,10,3,pending,2026-04-16,2026-04-26
DEAL-02647,10,4,flagged,2026-05-07,2026-05-10
DEAL-02648,17,17,approved,2024-10-14,2024-10-19
DEAL-02649,13,13,approved,2025-05-31,2025-06-04
DEAL-02650,16,16,approved,2024-06-28,2024-07-01
DEAL-02651,11,11,approved,2024-07-01,2024-07-06
DEAL-02652,10,3,flagged,2025-08-10,2025-08-16
DEAL-02653,20,20,approved,2025-02-03,2025-02-06
DEAL-02654,17,17,approved,2026-04-04,2026-04-08
DEAL-02655,9,9,approved,2024-06-20,2024-06-22
DEAL-02656,14,14,approved,2026-03-03,2026-03-08
DEAL-02657,9,9,approved,2024-09-23,2024-09-27
DEAL-02658,11,11,approved,2025-04-16,2025-04-21
DEAL-02659,14,14,approved,2024-07-01,2024-07-06
DEAL-02660,15,6,approved,2025-02-12,2025-02-16
DEAL-02661,17,17,approved,2025-11-15,2025-11-18
DEAL-02662,18,18,approved,2024-11-29,2024-12-04
DEAL-02663,12,12,approved,2025-10-01,2025-10-02
DEAL-02664,16,16,approved,2025-07-19,2025-07-21
DEAL-02665,9,9,approved,2025-09-12,2025-09-17
DEAL-02666,12,12,approved,2024-06-05,2024-06-08
DEAL-02667,15,15,approved,2025-02-18,2025-02-19
DEAL-02668,9,9,approved,2025-08-15,2025-08-19
DEAL-02669,20,20,approved,2026-03-31,2026-04-02
DEAL-02670,15,15,approved,2024-07-04,2024-07-09
DEAL-02671,11,11,pending,2024-12-15,2024-12-19
DEAL-02672,9,9,approved,2024-05-02,2024-05-05
DEAL-02673,10,8,flagged,2026-04-12,2026-04-14
DEAL-02674,8,8,approved,2025-02-02,2025-02-04
DEAL-02675,15,8,flagged,2024-09-12,2024-09-22
DEAL-02676,17,17,approved,2026-04-30,2026-05-03
DEAL-02677,10,6,flagged,2024-09-01,2024-09-12
DEAL-02678,20,17,flagged,2025-10-01,2025-10-06
DEAL-02679,19,2,pending,2024-03-30,2024-04-03
DEAL-02680,11,7,pending,2025-04-30,2025-05-05
DEAL-02681,19,19,approved,2024-07-01,2024-07-06
DEAL-02682,20,20,approved,2024-11-16,2024-11-19
DEAL-02683,19,19,approved,2026-04-19,2026-04-21
DEAL-02684,10,10,approved,2026-03-21,2026-03-22
DEAL-02685,17,17,approved,2025-10-18,2025-10-20
DEAL-02686,11,11,approved,2024-08-22,2024-08-23
DEAL-02687,17,17,approved,2024-09-29,2024-09-30
DEAL-02688,18,18,approved,2024-02-17,2024-02-19
DEAL-02689,10,3,flagged,2026-03-24,2026-04-03
DEAL-02690,9,0,approved,2024-09-20,
DEAL-02691,10,1,approved,2024-07-24,2024-08-07
DEAL-02692,20,8,flagged,2025-02-24,2025-02-28
DEAL-02693,15,0,approved,2024-05-29,
DEAL-02694,19,19,approved,2024-11-03,2024-11-07
DEAL-02695,19,19,approved,2024-04-14,2024-04-17
DEAL-02696,14,13,flagged,,
DEAL-02697,20,20,approved,2026-04-12,2026-04-15
DEAL-02698,19,4,approved,2026-01-28,2026-02-01
DEAL-02699,10,10,approved,2025-09-15,2025-09-18
DEAL-02700,9,3,pending,2025-03-31,2025-04-10
DEAL-02701,15,15,approved,2025-11-07,2025-11-11
DEAL-02702,11,11,approved,2025-06-03,2025-06-08
DEAL-02703,19,19,approved,2024-08-11,2024-08-13
DEAL-02704,10,10,approved,2026-02-03,2026-02-06
DEAL-02705,14,14,approved,2026-03-15,2026-03-19
DEAL-02706,19,19,approved,2026-01-25,2026-01-29
DEAL-02707,18,18,approved,2026-04-12,2026-04-13
DEAL-02708,12,9,pending,2024-06-30,2024-07-04
DEAL-02709,14,14,approved,2025-04-16,2025-04-18
DEAL-02710,13,13,approved,2026-03-25,2026-03-30
DEAL-02711,18,18,approved,2024-04-01,2024-04-06
DEAL-02712,9,9,approved,2025-10-23,2025-10-24
DEAL-02713,16,16,approved,2024-09-08,2024-09-13
DEAL-02714,20,13,approved,2026-03-09,2026-03-21
DEAL-02715,17,16,approved,2026-01-21,2026-01-22
DEAL-02716,8,8,approved,2025-05-10,2025-05-13
DEAL-02717,13,13,pending,2026-04-07,2026-04-10
DEAL-02718,12,12,approved,2024-06-22,2024-06-27
DEAL-02719,9,9,approved,2024-04-24,2024-04-26
DEAL-02720,14,14,approved,2025-10-28,2025-10-29
DEAL-02721,20,12,pending,2024-07-16,2024-07-29
DEAL-02722,8,8,approved,2026-04-03,2026-04-04
DEAL-02723,20,12,pending,2025-05-25,2025-05-27
DEAL-02724,10,10,approved,2026-04-07,2026-04-11
DEAL-02725,8,4,pending,2024-09-22,2024-09-27
DEAL-02726,14,14,approved,2024-08-19,2024-08-21
DEAL-02727,11,11,approved,2024-09-11,2024-09-13
DEAL-02728,11,7,approved,2024-04-08,2024-04-18
DEAL-02729,9,6,approved,2024-12-03,2024-12-10
DEAL-02730,10,10,approved,2026-01-04,2026-01-05
DEAL-02731,10,10,approved,2024-12-12,2024-12-13
DEAL-02732,12,12,approved,2024-06-23,2024-06-28
DEAL-02733,15,15,approved,2026-05-13,2026-05-17
DEAL-02734,12,12,approved,2024-08-04,2024-08-06
DEAL-02735,19,19,approved,2025-04-10,2025-04-12
DEAL-02736,18,9,flagged,2024-11-16,2024-11-30
DEAL-02737,18,8,flagged,2025-11-16,2025-11-23
DEAL-02738,19,19,approved,2025-03-16,2025-03-19
DEAL-02739,16,16,approved,2025-03-07,2025-03-08
DEAL-02740,13,13,approved,2025-02-03,2025-02-06
DEAL-02741,18,13,pending,2024-10-01,2024-10-08
DEAL-02742,18,18,approved,2025-04-18,2025-04-20
DEAL-02743,15,11,flagged,2024-07-16,2024-07-18
DEAL-02744,20,20,approved,2024-07-22,2024-07-25
DEAL-02745,20,20,approved,2025-07-01,2025-07-06
DEAL-02746,20,20,approved,2025-03-08,2025-03-09
DEAL-02747,12,12,approved,2025-07-08,2025-07-10
DEAL-02748,17,17,approved,2026-03-21,2026-03-23
DEAL-02749,10,10,approved,2026-05-16,2026-05-20
DEAL-02750,14,14,approved,2026-02-24,2026-02-27
DEAL-02751,17,0,flagged,2025-10-11,
DEAL-02752,15,15,approved,2024-06-26,2024-06-27
DEAL-02753,11,11,approved,2024-08-07,2024-08-10
DEAL-02754,8,8,approved,2025-11-08,2025-11-10
DEAL-02755,19,19,approved,2025-08-16,2025-08-17
DEAL-02756,14,3,pending,2024-03-03,2024-03-05
DEAL-02757,19,19,approved,2025-01-28,2025-01-30
DEAL-02758,14,1,pending,,
DEAL-02759,19,14,flagged,2026-04-20,2026-05-01
DEAL-02760,20,20,approved,2025-08-08,2025-08-13
DEAL-02761,12,12,approved,2024-06-06,2024-06-09
DEAL-02762,12,12,approved,2025-05-30,2025-06-01
DEAL-02763,9,9,approved,2024-08-10,2024-08-11
DEAL-02764,11,11,approved,2024-08-05,2024-08-08
DEAL-02765,11,11,approved,2026-02-25,2026-02-26
DEAL-02766,8,8,approved,2024-04-18,2024-04-23
DEAL-02767,16,16,approved,2024-10-01,2024-10-03
DEAL-02768,8,8,approved,2025-07-16,2025-07-19
DEAL-02769,20,20,approved,2026-04-13,2026-04-18
DEAL-02770,20,20,approved,2024-12-06,2024-12-11
DEAL-02771,8,8,approved,2024-09-02,2024-09-03
DEAL-02772,14,14,approved,2024-06-25,2024-06-26
DEAL-02773,12,0,flagged,2026-05-07,
DEAL-02774,16,16,approved,2024-12-09,2024-12-13
DEAL-02775,17,5,flagged,2026-04-21,2026-05-04
DEAL-02776,10,4,pending,2025-09-16,2025-09-28
DEAL-02777,17,17,approved,2024-08-06,2024-08-07
DEAL-02778,16,14,pending,2025-06-05,2025-06-06
DEAL-02779,13,13,approved,2024-04-18,2024-04-20
DEAL-02780,16,14,approved,2025-08-25,2025-08-30
DEAL-02781,12,8,flagged,2025-05-27,2025-05-30
DEAL-02782,14,14,approved,2026-04-28,2026-04-30
DEAL-02783,13,13,approved,2026-05-08,2026-05-12
DEAL-02784,18,12,pending,2026-03-17,2026-03-22
DEAL-02785,8,8,approved,2026-03-31,2026-04-01
DEAL-02786,19,19,approved,2024-06-07,2024-06-12
DEAL-02787,20,20,approved,2024-08-07,2024-08-12
DEAL-02788,14,14,approved,2024-05-08,2024-05-12
DEAL-02789,17,17,approved,2025-02-14,2025-02-15
DEAL-02790,19,19,approved,2025-05-07,2025-05-12
DEAL-02791,13,13,approved,2026-04-24,2026-04-26
DEAL-02792,9,9,approved,2025-07-27,2025-07-30
DEAL-02793,12,12,approved,2026-03-31,2026-04-02
DEAL-02794,14,7,approved,2026-01-09,2026-01-14
DEAL-02795,19,11,flagged,2025-03-29,2025-04-11
DEAL-02796,19,19,approved,2024-07-10,2024-07-11
DEAL-02797,10,4,flagged,2026-04-04,2026-04-10
DEAL-02798,9,9,approved,2024-12-16,2024-12-20
DEAL-02799,8,8,approved,2026-01-20,2026-01-22
DEAL-02800,11,7,flagged,2026-03-24,2026-04-05
DEAL-02801,19,2,pending,2025-06-08,2025-06-11
DEAL-02802,13,13,approved,2025-06-16,2025-06-20
DEAL-02803,18,18,approved,2025-05-15,2025-05-16
DEAL-02804,8,8,approved,2025-11-27,2025-11-30
DEAL-02805,10,10,approved,2025-07-02,2025-07-07
DEAL-02806,9,9,approved,2024-05-18,2024-05-19
DEAL-02807,13,13,approved,2026-04-19,2026-04-21
DEAL-02808,14,14,approved,2025-05-26,2025-05-29
DEAL-02809,10,10,approved,2025-10-30,2025-11-01
DEAL-02810,9,9,approved,2026-04-14,2026-04-16
DEAL-02811,9,9,approved,2025-10-16,2025-10-17
DEAL-02812,15,0,flagged,2024-05-06,
DEAL-02813,13,13,approved,2024-12-05,2024-12-08
DEAL-02814,9,9,approved,2025-05-25,2025-05-27
DEAL-02815,8,8,approved,2025-09-15,2025-09-20
DEAL-02816,14,14,approved,2025-06-02,2025-06-03
DEAL-02817,18,8,flagged,2026-02-09,2026-02-21
DEAL-02818,14,14,approved,2024-06-05,2024-06-10
DEAL-02819,17,17,approved,2025-01-13,2025-01-17
DEAL-02820,11,11,approved,2024-12-22,2024-12-26
DEAL-02821,8,2,pending,,
DEAL-02822,17,17,approved,2026-05-02,2026-05-03
DEAL-02823,10,10,approved,2024-02-06,2024-02-11
DEAL-02824,8,8,approved,2025-11-14,2025-11-18
DEAL-02825,11,11,approved,2025-01-19,2025-01-23
DEAL-02826,20,18,flagged,2026-04-09,2026-04-14
DEAL-02827,17,17,approved,2025-09-23,2025-09-26
DEAL-02828,18,18,approved,2026-04-05,2026-04-08
DEAL-02829,17,17,approved,2024-09-28,2024-10-02
DEAL-02830,12,6,pending,2025-12-29,2026-01-07
DEAL-02831,13,13,approved,2025-02-06,2025-02-08
DEAL-02832,15,12,flagged,2024-08-25,2024-08-26
DEAL-02833,13,13,approved,2025-04-19,2025-04-23
DEAL-02834,13,8,flagged,2024-08-03,2024-08-12
DEAL-02835,18,15,approved,,
DEAL-02836,12,12,approved,2026-03-29,2026-03-31
DEAL-02837,16,16,approved,2024-05-11,2024-05-14
DEAL-02838,8,8,approved,2024-06-30,2024-07-03
DEAL-02839,10,10,approved,2026-05-06,2026-05-10
DEAL-02840,19,19,approved,2024-10-18,2024-10-21
DEAL-02841,12,12,approved,2024-08-05,2024-08-08
DEAL-02842,20,11,flagged,,
DEAL-02843,15,7,flagged,2024-08-23,2024-08-31
DEAL-02844,13,13,approved,2025-08-20,2025-08-21
DEAL-02845,20,20,approved,2026-04-21,2026-04-25
DEAL-02846,12,12,approved,2024-07-27,2024-08-01
DEAL-02847,11,2,pending,2024-08-29,2024-09-04
DEAL-02848,10,10,approved,2026-05-05,2026-05-08
DEAL-02849,16,5,pending,2024-09-06,2024-09-12
DEAL-02850,16,16,approved,2024-07-14,2024-07-18
DEAL-02851,12,3,approved,,
DEAL-02852,10,2,flagged,2024-04-21,2024-04-28
DEAL-02853,12,3,pending,2025-03-13,2025-03-27
DEAL-02854,20,20,approved,2024-06-19,2024-06-23
DEAL-02855,17,7,pending,2026-03-12,2026-03-17
DEAL-02856,18,18,approved,2025-06-01,2025-06-02
DEAL-02857,9,9,approved,2026-04-11,2026-04-14
DEAL-02858,19,19,approved,2025-08-13,2025-08-18
DEAL-02859,18,8,pending,2026-03-20,2026-03-24
DEAL-02860,17,17,approved,2025-09-08,2025-09-09
DEAL-02861,20,20,approved,2025-12-18,2025-12-20
DEAL-02862,17,17,flagged,2026-03-08,2026-03-09
DEAL-02863,19,19,approved,2025-10-31,2025-11-01
DEAL-02864,17,17,approved,2026-04-27,2026-05-01
DEAL-02865,9,9,approved,2026-05-04,2026-05-09
DEAL-02866,11,11,approved,2024-12-30,2025-01-02
DEAL-02867,13,13,approved,2024-06-22,2024-06-23
DEAL-02868,18,18,approved,2024-09-07,2024-09-12
DEAL-02869,15,15,approved,2024-07-04,2024-07-05
DEAL-02870,15,15,approved,2025-03-05,2025-03-06
DEAL-02871,10,10,approved,2024-10-28,2024-10-30
DEAL-02872,13,0,flagged,2026-04-01,
DEAL-02873,11,4,flagged,2024-08-26,2024-09-08
DEAL-02874,10,10,approved,2024-09-15,2024-09-18
DEAL-02875,18,8,flagged,2024-05-23,2024-06-06
DEAL-02876,15,4,approved,2026-03-26,2026-03-31
DEAL-02877,13,13,approved,2024-10-31,2024-11-01
DEAL-02878,9,6,pending,2025-05-05,2025-05-16
DEAL-02879,17,3,pending,2025-08-21,2025-08-31
DEAL-02880,14,5,flagged,2024-09-06,2024-09-13
DEAL-02881,11,3,pending,2024-05-24,2024-05-30
DEAL-02882,14,14,approved,2024-07-04,2024-07-06
DEAL-02883,14,14,approved,2026-02-18,2026-02-23
DEAL-02884,19,9,approved,2025-03-08,2025-03-20
DEAL-02885,10,10,approved,2024-05-15,2024-05-18
DEAL-02886,9,9,approved,2026-01-14,2026-01-19
DEAL-02887,12,12,approved,2025-05-01,2025-05-02
DEAL-02888,10,10,approved,2024-09-08,2024-09-13
DEAL-02889,8,8,approved,2026-03-16,2026-03-21
DEAL-02890,14,5,pending,2024-05-25,2024-06-02
DEAL-02891,19,19,approved,2024-06-23,2024-06-24
DEAL-02892,18,18,approved,2024-07-27,2024-07-29
DEAL-02893,14,14,approved,2024-07-22,2024-07-26
DEAL-02894,13,13,approved,2024-09-23,2024-09-28
DEAL-02895,9,9,approved,2025-01-09,2025-01-13
DEAL-02896,19,19,approved,2024-06-22,2024-06-24
DEAL-02897,18,18,approved,2024-11-13,2024-11-17
DEAL-02898,18,18,approved,2026-01-21,2026-01-25
DEAL-02899,9,2,pending,2025-10-10,2025-10-13
DEAL-02900,9,6,approved,,
DEAL-02901,20,20,approved,2026-05-08,2026-05-13
DEAL-02902,14,7,flagged,2025-12-06,2025-12-19
DEAL-02903,18,5,flagged,2025-06-12,2025-06-25
DEAL-02904,19,19,approved,2025-01-17,2025-01-20
DEAL-02905,14,14,approved,2024-10-07,2024-10-10
DEAL-02906,12,12,approved,2025-05-27,2025-05-28
DEAL-02907,8,8,approved,2024-11-27,2024-11-29
DEAL-02908,19,12,flagged,2026-04-30,2026-05-09
DEAL-02909,18,14,approved,2024-07-30,2024-08-13
DEAL-02910,20,20,approved,2026-05-08,2026-05-11
DEAL-02911,10,5,flagged,2025-02-09,2025-02-19
DEAL-02912,8,8,approved,2026-05-10,2026-05-14
DEAL-02913,15,15,approved,2025-10-16,2025-10-18
DEAL-02914,9,9,approved,2025-06-01,2025-06-03
DEAL-02915,18,3,pending,2024-07-03,2024-07-16
DEAL-02916,19,11,pending,2024-08-28,2024-09-09
DEAL-02917,19,8,pending,2025-04-30,2025-05-02
DEAL-02918,16,16,approved,2024-12-15,2024-12-18
DEAL-02919,18,7,flagged,2025-03-19,2025-03-25
DEAL-02920,18,18,approved,2025-12-23,2025-12-26
DEAL-02921,8,8,approved,2026-04-18,2026-04-22
DEAL-02922,15,15,approved,2024-02-13,2024-02-14
DEAL-02923,11,11,approved,2025-05-10,2025-05-14
DEAL-02924,10,10,approved,2024-06-07,2024-06-09
DEAL-02925,13,13,approved,2025-07-05,2025-07-10
DEAL-02926,14,3,approved,,
DEAL-02927,9,9,approved,2024-05-28,2024-06-02
DEAL-02928,19,19,approved,2025-11-03,2025-11-08
DEAL-02929,11,2,pending,2025-02-04,2025-02-16
DEAL-02930,12,12,approved,2024-12-28,2024-12-29
DEAL-02931,16,16,approved,2025-07-05,2025-07-06
DEAL-02932,20,20,approved,2024-06-30,2024-07-01
DEAL-02933,8,0,approved,,
DEAL-02934,18,18,approved,2025-03-24,2025-03-25
DEAL-02935,10,10,approved,2025-01-08,2025-01-12
DEAL-02936,20,20,approved,2024-05-13,2024-05-14
DEAL-02937,13,13,approved,2024-09-21,2024-09-23
DEAL-02938,17,17,approved,2024-06-15,2024-06-20
DEAL-02939,11,11,approved,2026-04-04,2026-04-06
DEAL-02940,17,17,approved,2025-08-13,2025-08-18
DEAL-02941,14,14,approved,2025-12-30,2026-01-03
DEAL-02942,10,10,approved,2024-09-12,2024-09-14
DEAL-02943,10,10,approved,2024-05-17,2024-05-19
DEAL-02944,15,3,approved,2024-11-06,2024-11-13
DEAL-02945,20,20,approved,2024-09-28,2024-10-03
DEAL-02946,9,9,approved,2024-02-16,2024-02-18
DEAL-02947,8,8,approved,2026-03-29,2026-04-01
DEAL-02948,13,13,approved,2024-07-22,2024-07-25
DEAL-02949,17,17,approved,2025-10-07,2025-10-11
DEAL-02950,19,19,approved,2025-05-23,2025-05-27
DEAL-02951,16,16,approved,2026-03-17,2026-03-20
DEAL-02952,10,10,approved,2024-12-29,2024-12-31
DEAL-02953,9,9,approved,2024-04-01,2024-04-02
DEAL-02954,18,18,approved,2025-07-19,2025-07-23
DEAL-02955,19,19,approved,2025-04-29,2025-04-30
DEAL-02956,16,16,approved,2025-03-06,2025-03-09
DEAL-02957,20,15,approved,2024-04-30,2024-05-02
DEAL-02958,8,8,approved,2025-10-19,2025-10-21
DEAL-02959,16,16,approved,2025-08-31,2025-09-01
DEAL-02960,8,8,approved,2024-07-31,2024-08-03
DEAL-02961,11,11,approved,2024-10-15,2024-10-16
DEAL-02962,15,6,flagged,2025-04-14,2025-04-23
DEAL-02963,15,15,approved,2024-08-11,2024-08-13
DEAL-02964,20,20,approved,2025-11-26,2025-12-01
DEAL-02965,14,14,approved,2026-01-13,2026-01-14
DEAL-02966,12,6,flagged,2024-07-16,2024-07-30
DEAL-02967,18,18,approved,2026-04-14,2026-04-18
DEAL-02968,8,8,approved,2024-06-27,2024-06-30
DEAL-02969,19,19,approved,2025-05-26,2025-05-29
DEAL-02970,16,16,approved,2025-05-21,2025-05-22
DEAL-02971,16,16,approved,2026-04-28,2026-04-29
DEAL-02972,13,13,approved,2025-08-31,2025-09-05
DEAL-02973,19,3,flagged,,
DEAL-02974,17,7,approved,2024-12-13,2024-12-22
DEAL-02975,15,12,approved,2024-08-14,2024-08-18
DEAL-02976,17,17,approved,2024-02-19,2024-02-24
DEAL-02977,16,4,pending,2025-05-22,2025-05-29
DEAL-02978,8,8,approved,2025-06-18,2025-06-21
DEAL-02979,20,3,approved,2025-03-14,2025-03-27
DEAL-02980,15,15,approved,2024-10-26,2024-10-30
DEAL-02981,9,9,approved,2025-07-20,2025-07-23
DEAL-02982,10,10,approved,2025-07-27,2025-07-29
DEAL-02983,12,12,approved,2026-02-20,2026-02-25
DEAL-02984,20,20,approved,2024-08-22,2024-08-26
DEAL-02985,12,12,approved,2025-04-01,2025-04-03
DEAL-02986,14,14,approved,2024-08-14,2024-08-18
DEAL-02987,20,20,approved,2026-02-15,2026-02-17
DEAL-02988,8,8,approved,2025-07-15,2025-07-16
DEAL-02989,16,16,approved,2026-05-05,2026-05-09
DEAL-02990,13,13,approved,2024-12-09,2024-12-14
DEAL-02991,9,9,approved,2026-01-10,2026-01-12
DEAL-02992,17,17,approved,2025-12-06,2025-12-09
DEAL-02993,16,8,approved,2025-12-23,2026-01-01
DEAL-02994,14,14,approved,2025-07-20,2025-07-24
DEAL-02995,14,8,pending,2026-03-07,2026-03-11
DEAL-02996,9,3,flagged,2026-04-25,2026-05-04
DEAL-02997,19,19,approved,2026-03-21,2026-03-22
DEAL-02998,12,12,approved,2025-05-15,2025-05-18
DEAL-02999,8,8,approved,2025-11-22,2025-11-26
DEAL-03000,16,16,approved,2026-03-02,2026-03-03
DEAL-03001,16,15,approved,2025-07-30,2025-07-31
DEAL-03002,8,8,approved,2026-02-27,2026-03-04
DEAL-03003,18,18,approved,2024-04-09,2024-04-12
DEAL-03004,20,20,approved,2025-02-17,2025-02-18
DEAL-03005,19,19,approved,2025-03-11,2025-03-12
DEAL-03006,10,8,flagged,2024-09-27,2024-10-01
DEAL-03007,11,9,pending,2025-07-02,2025-07-05
DEAL-03008,8,8,approved,2025-07-01,2025-07-06
DEAL-03009,18,18,approved,2026-01-02,2026-01-04
DEAL-03010,11,6,pending,2024-08-13,2024-08-17
DEAL-03011,9,6,flagged,2025-11-21,2025-11-23
DEAL-03012,20,2,flagged,2026-05-20,2026-05-22
DEAL-03013,16,16,approved,2024-09-24,2024-09-29
DEAL-03014,18,18,approved,2025-01-23,2025-01-26
DEAL-03015,13,13,approved,2024-08-17,2024-08-20
DEAL-03016,16,13,flagged,2024-03-06,2024-03-10
DEAL-03017,12,6,pending,2024-08-13,2024-08-19
DEAL-03018,18,18,approved,2026-03-12,2026-03-15
DEAL-03019,11,11,approved,2025-04-22,2025-04-23
DEAL-03020,20,20,approved,2024-08-04,2024-08-06
DEAL-03021,16,16,approved,2024-10-15,2024-10-16
DEAL-03022,12,8,flagged,2026-04-16,2026-04-22
DEAL-03023,11,6,pending,2024-07-11,2024-07-21
DEAL-03024,15,15,approved,2025-06-18,2025-06-19
DEAL-03025,14,4,flagged,2024-12-11,2024-12-16
DEAL-03026,16,16,approved,2026-03-27,2026-03-31
DEAL-03027,11,11,approved,2025-04-10,2025-04-13
DEAL-03028,14,14,approved,2025-09-05,2025-09-10
DEAL-03029,13,13,approved,2025-07-30,2025-08-03
DEAL-03030,13,5,approved,2026-03-20,2026-03-23
DEAL-03031,10,10,approved,2025-05-18,2025-05-22
DEAL-03032,17,17,approved,2025-06-02,2025-06-03
DEAL-03033,19,17,approved,2024-11-12,2024-11-16
DEAL-03034,14,14,approved,2026-04-09,2026-04-14
DEAL-03035,11,11,approved,2025-11-21,2025-11-26
DEAL-03036,14,7,flagged,,
DEAL-03037,11,11,pending,2024-03-19,2024-03-23
DEAL-03038,15,15,approved,2026-03-30,2026-04-03
DEAL-03039,9,1,approved,2025-01-01,2025-01-06
DEAL-03040,15,7,approved,2025-04-21,2025-04-23
DEAL-03041,8,8,approved,2025-12-24,2025-12-25
DEAL-03042,20,20,approved,2025-11-23,2025-11-25
DEAL-03043,10,10,approved,2024-06-04,2024-06-05
DEAL-03044,14,14,approved,2026-03-01,2026-03-06
DEAL-03045,17,17,approved,2024-10-04,2024-10-06
DEAL-03046,11,11,approved,2024-04-26,2024-04-30
DEAL-03047,12,12,approved,2025-06-26,2025-06-28
DEAL-03048,20,6,approved,,
DEAL-03049,15,15,approved,2026-04-22,2026-04-26
DEAL-03050,9,9,approved,2025-08-19,2025-08-21
DEAL-03051,15,15,approved,2026-04-15,2026-04-20
DEAL-03052,9,9,approved,2026-05-03,2026-05-08
DEAL-03053,15,15,approved,2026-03-06,2026-03-11
DEAL-03054,13,13,approved,2025-09-08,2025-09-11
DEAL-03055,11,11,approved,2025-10-26,2025-10-29
DEAL-03056,12,12,approved,2024-11-03,2024-11-06
DEAL-03057,10,2,pending,2024-11-20,2024-12-01
DEAL-03058,9,7,flagged,2024-08-21,2024-08-26
DEAL-03059,14,14,approved,2025-05-12,2025-05-15
DEAL-03060,14,14,approved,2024-03-25,2024-03-30
DEAL-03061,20,20,approved,2026-03-08,2026-03-13
DEAL-03062,19,19,approved,2026-03-27,2026-03-29
DEAL-03063,9,5,pending,2025-08-21,2025-08-25
DEAL-03064,17,17,approved,2025-01-14,2025-01-19
DEAL-03065,16,16,approved,2026-01-09,2026-01-12
DEAL-03066,8,3,flagged,2025-02-18,2025-03-04
DEAL-03067,9,9,approved,2025-12-14,2025-12-18
DEAL-03068,10,7,pending,2025-12-14,2025-12-23
DEAL-03069,11,11,approved,2025-05-02,2025-05-04
DEAL-03070,20,20,approved,2026-01-02,2026-01-04
DEAL-03071,16,16,approved,2025-07-02,2025-07-06
DEAL-03072,15,15,approved,2026-02-21,2026-02-24
DEAL-03073,10,10,approved,2025-05-26,2025-05-31
DEAL-03074,19,11,flagged,2024-11-08,2024-11-19
DEAL-03075,11,3,pending,2024-07-17,2024-07-26
DEAL-03076,18,18,approved,2025-09-19,2025-09-21
DEAL-03077,16,6,flagged,2024-07-17,2024-07-21
DEAL-03078,12,1,flagged,2026-04-02,2026-04-09
DEAL-03079,15,15,approved,2026-04-01,2026-04-05
DEAL-03080,15,2,flagged,2025-04-15,2025-04-22
DEAL-03081,10,10,flagged,,
DEAL-03082,10,10,approved,2026-02-24,2026-02-27
DEAL-03083,11,6,flagged,2024-05-19,2024-05-29
DEAL-03084,18,3,flagged,2026-04-10,2026-04-17
DEAL-03085,15,9,pending,2024-04-16,2024-04-26
DEAL-03086,13,13,approved,2025-04-08,2025-04-11
DEAL-03087,10,10,approved,2024-07-19,2024-07-20
DEAL-03088,9,6,flagged,2025-12-30,2026-01-08
DEAL-03089,20,20,approved,2026-02-09,2026-02-13
DEAL-03090,11,11,approved,2026-02-25,2026-02-27
DEAL-03091,15,15,approved,2024-07-14,2024-07-17
DEAL-03092,17,17,approved,2026-04-11,2026-04-12
DEAL-03093,16,16,approved,2026-04-14,2026-04-18
DEAL-03094,9,2,flagged,2024-07-01,2024-07-09
DEAL-03095,9,3,pending,2026-05-03,2026-05-13
DEAL-03096,20,20,approved,2025-12-10,2025-12-15
DEAL-03097,15,15,approved,2024-12-29,2025-01-01
DEAL-03098,16,16,approved,2026-04-06,2026-04-09
DEAL-03099,15,15,approved,2024-08-23,2024-08-27
DEAL-03100,11,11,approved,2024-04-05,2024-04-09
DEAL-03101,17,17,approved,2024-09-24,2024-09-26
DEAL-03102,9,9,approved,2026-03-05,2026-03-06
DEAL-03103,14,14,approved,2025-10-23,2025-10-24
DEAL-03104,8,4,pending,2025-12-29,2026-01-10
DEAL-03105,8,8,approved,2024-10-25,2024-10-28
DEAL-03106,14,14,approved,2024-06-25,2024-06-29
DEAL-03107,12,12,approved,2025-03-07,2025-03-11
DEAL-03108,12,7,approved,2025-07-18,2025-07-20
DEAL-03109,12,12,approved,2025-07-15,2025-07-16
DEAL-03110,19,19,approved,2024-09-13,2024-09-14
DEAL-03111,17,8,approved,2025-08-28,2025-09-01
DEAL-03112,12,12,approved,2025-07-06,2025-07-09
DEAL-03113,20,20,approved,2024-09-15,2024-09-20
DEAL-03114,12,3,flagged,2025-06-24,2025-07-02
DEAL-03115,18,6,approved,2025-10-27,2025-10-30
DEAL-03116,20,20,approved,2025-06-12,2025-06-17
DEAL-03117,12,12,approved,2024-12-12,2024-12-14
DEAL-03118,12,12,approved,2026-02-21,2026-02-24
DEAL-03119,11,11,approved,2026-03-16,2026-03-21
DEAL-03120,11,3,flagged,2025-05-30,2025-06-07
DEAL-03121,11,11,approved,2024-11-01,2024-11-04
DEAL-03122,18,13,flagged,2025-06-22,2025-07-04
DEAL-03123,20,15,flagged,2025-05-30,2025-06-01
DEAL-03124,20,20,approved,2025-08-21,2025-08-23
DEAL-03125,9,9,approved,2025-03-28,2025-04-02
DEAL-03126,19,12,pending,2024-04-20,2024-05-03
DEAL-03127,18,18,approved,2025-11-03,2025-11-04
DEAL-03128,10,4,flagged,2026-03-21,2026-03-25
DEAL-03129,8,3,approved,2025-12-08,2025-12-11
DEAL-03130,15,15,approved,2024-07-23,2024-07-25
DEAL-03131,16,16,approved,2024-03-13,2024-03-17
DEAL-03132,12,12,approved,2025-03-19,2025-03-23
DEAL-03133,16,16,approved,2024-05-20,2024-05-24
DEAL-03134,13,13,approved,2024-12-06,2024-12-10
DEAL-03135,10,10,approved,2024-09-28,2024-09-29
DEAL-03136,19,19,approved,2025-09-02,2025-09-04
DEAL-03137,11,11,approved,2026-04-25,2026-04-26
DEAL-03138,9,9,approved,2024-05-06,2024-05-08
DEAL-03139,15,3,pending,2026-01-19,2026-01-28
DEAL-03140,16,16,approved,2024-11-26,2024-12-01
DEAL-03141,13,13,approved,2026-02-03,2026-02-07
DEAL-03142,15,15,approved,2026-02-14,2026-02-18
DEAL-03143,14,14,approved,2024-03-03,2024-03-05
DEAL-03144,17,17,approved,2025-10-21,2025-10-26
DEAL-03145,15,15,approved,2024-04-25,2024-04-27
DEAL-03146,17,13,pending,2025-05-26,2025-05-30
DEAL-03147,13,13,approved,2026-05-09,2026-05-14
DEAL-03148,15,15,approved,2025-04-14,2025-04-18
DEAL-03149,15,10,approved,2025-02-01,2025-02-05
DEAL-03150,15,15,approved,2024-12-21,2024-12-22
DEAL-03151,8,8,approved,2025-03-12,2025-03-17
DEAL-03152,9,9,approved,2026-02-20,2026-02-22
DEAL-03153,17,7,pending,2024-05-01,2024-05-04
DEAL-03154,9,9,approved,2025-11-01,2025-11-05
DEAL-03155,15,15,approved,2024-04-05,2024-04-06
DEAL-03156,10,2,pending,,
DEAL-03157,20,20,approved,2025-11-25,2025-11-28
DEAL-03158,17,11,pending,2025-05-18,2025-05-29
DEAL-03159,14,3,pending,2025-04-19,2025-05-01
DEAL-03160,12,12,approved,2024-03-07,2024-03-12
DEAL-03161,8,8,approved,2024-04-23,2024-04-27
DEAL-03162,8,8,approved,2025-12-17,2025-12-20
DEAL-03163,13,13,approved,2025-03-21,2025-03-25
DEAL-03164,20,14,approved,2024-06-09,2024-06-11
DEAL-03165,11,11,approved,2024-03-22,2024-03-25
DEAL-03166,11,11,approved,2025-01-14,2025-01-19
DEAL-03167,11,6,flagged,2024-03-17,2024-03-20
DEAL-03168,14,11,flagged,2024-04-17,2024-04-30
DEAL-03169,13,13,approved,2026-02-21,2026-02-26
DEAL-03170,8,2,flagged,2026-05-20,2026-05-27
DEAL-03171,14,14,approved,2025-05-13,2025-05-16
DEAL-03172,9,9,approved,2024-04-06,2024-04-11
DEAL-03173,14,14,approved,2024-12-16,2024-12-21
DEAL-03174,15,3,pending,2025-11-26,2025-12-07
DEAL-03175,20,14,flagged,2025-02-08,2025-02-20
DEAL-03176,15,5,approved,2025-07-01,2025-07-06
DEAL-03177,17,17,approved,2024-12-13,2024-12-14
DEAL-03178,17,1,approved,2025-12-22,2026-01-04
DEAL-03179,12,12,approved,2025-10-24,2025-10-27
DEAL-03180,8,8,approved,2025-07-24,2025-07-26
DEAL-03181,12,8,approved,2024-12-12,2024-12-18
DEAL-03182,13,13,approved,2026-03-12,2026-03-16
DEAL-03183,15,15,approved,2024-07-08,2024-07-09
DEAL-03184,10,10,approved,2024-07-25,2024-07-29
DEAL-03185,17,0,approved,2026-02-27,
DEAL-03186,14,14,approved,2026-05-07,2026-05-10
DEAL-03187,9,5,flagged,2025-01-22,2025-01-25
DEAL-03188,13,13,approved,2025-02-24,2025-02-25
DEAL-03189,13,13,approved,2024-07-21,2024-07-25
DEAL-03190,8,5,flagged,2025-10-06,2025-10-15
DEAL-03191,19,19,approved,2024-12-20,2024-12-24
DEAL-03192,15,15,approved,2025-08-10,2025-08-15
DEAL-03193,14,13,pending,2026-05-04,2026-05-08
DEAL-03194,9,9,approved,2025-05-19,2025-05-23
DEAL-03195,11,11,approved,2024-12-20,2024-12-25
DEAL-03196,12,7,pending,,
DEAL-03197,20,19,approved,2024-06-27,2024-06-29
DEAL-03198,16,1,flagged,,
DEAL-03199,11,11,approved,2026-03-27,2026-03-29
DEAL-03200,16,16,approved,2025-05-12,2025-05-15
DEAL-03201,13,6,pending,2024-05-10,2024-05-23
DEAL-03202,14,14,approved,2025-07-07,2025-07-09
DEAL-03203,18,8,flagged,2026-04-21,2026-04-23
DEAL-03204,8,8,approved,2026-02-23,2026-02-24
DEAL-03205,15,0,flagged,2026-02-27,
DEAL-03206,18,2,pending,2024-11-11,2024-11-23
DEAL-03207,10,10,approved,2026-03-26,2026-03-27
DEAL-03208,19,11,pending,2026-02-27,2026-03-10
DEAL-03209,15,15,approved,2024-10-04,2024-10-06
DEAL-03210,14,14,approved,2025-01-19,2025-01-21
DEAL-03211,12,12,approved,2025-09-01,2025-09-04
DEAL-03212,17,17,approved,2026-03-19,2026-03-20
DEAL-03213,11,11,approved,2025-07-24,2025-07-25
DEAL-03214,12,12,approved,2024-02-13,2024-02-17
DEAL-03215,8,8,approved,2025-07-17,2025-07-19
DEAL-03216,17,17,approved,2025-06-21,2025-06-24
DEAL-03217,18,10,approved,2025-07-15,2025-07-29
DEAL-03218,13,7,flagged,2025-06-25,2025-06-28
DEAL-03219,10,10,approved,2024-11-06,2024-11-07
DEAL-03220,16,6,flagged,2024-10-22,2024-11-01
DEAL-03221,18,18,approved,2024-08-29,2024-09-01
DEAL-03222,12,12,approved,2025-06-16,2025-06-21
DEAL-03223,16,16,approved,2024-04-27,2024-05-02
DEAL-03224,18,18,approved,2025-12-12,2025-12-16
DEAL-03225,13,13,approved,2025-03-03,2025-03-05
DEAL-03226,17,11,flagged,2025-09-17,2025-09-29
DEAL-03227,9,9,approved,2026-05-04,2026-05-06
DEAL-03228,11,11,approved,2026-04-26,2026-04-28
DEAL-03229,18,18,approved,2024-09-17,2024-09-18
DEAL-03230,16,16,approved,2025-07-26,2025-07-31
DEAL-03231,18,5,pending,2026-04-14,2026-04-25
DEAL-03232,19,19,approved,2026-03-20,2026-03-23
DEAL-03233,19,9,flagged,2025-10-30,2025-11-04
DEAL-03234,17,17,approved,2026-02-05,2026-02-09
DEAL-03235,16,16,approved,2024-12-22,2024-12-27
DEAL-03236,12,6,approved,2024-05-26,2024-05-28
DEAL-03237,20,20,approved,2024-03-11,2024-03-15
DEAL-03238,19,19,approved,2025-10-27,2025-10-29
DEAL-03239,8,2,flagged,,
DEAL-03240,9,9,approved,2024-06-24,2024-06-28
DEAL-03241,18,18,approved,2026-03-05,2026-03-09
DEAL-03242,8,8,approved,2024-03-03,2024-03-04
DEAL-03243,16,7,pending,2025-05-19,2025-05-21
DEAL-03244,13,13,approved,2025-12-24,2025-12-29
DEAL-03245,18,18,approved,2025-10-11,2025-10-14
DEAL-03246,15,15,approved,2026-04-27,2026-05-01
DEAL-03247,20,2,flagged,2025-09-14,2025-09-27
DEAL-03248,18,10,flagged,2025-11-01,2025-11-04
DEAL-03249,9,9,approved,2026-02-26,2026-03-01
DEAL-03250,13,7,approved,2024-08-13,2024-08-21
DEAL-03251,9,2,flagged,2025-06-14,2025-06-23
DEAL-03252,10,10,approved,2025-08-17,2025-08-18
DEAL-03253,12,12,approved,2025-06-20,2025-06-23
DEAL-03254,15,15,approved,2024-10-25,2024-10-29
DEAL-03255,9,0,approved,2026-05-10,
DEAL-03256,17,17,approved,2025-06-30,2025-07-01
DEAL-03257,17,17,approved,2025-03-04,2025-03-07
DEAL-03258,13,13,approved,2024-10-23,2024-10-28
DEAL-03259,15,15,approved,2025-03-15,2025-03-20
DEAL-03260,20,20,approved,2024-05-14,2024-05-18
DEAL-03261,11,11,approved,2026-01-01,2026-01-05
DEAL-03262,14,6,flagged,2026-01-26,2026-02-06
DEAL-03263,16,16,approved,2024-08-14,2024-08-17
DEAL-03264,17,2,flagged,2024-09-09,2024-09-12
DEAL-03265,10,10,approved,2024-08-30,2024-08-31
DEAL-03266,8,8,approved,2026-03-25,2026-03-27
DEAL-03267,19,19,approved,2026-05-11,2026-05-13
DEAL-03268,13,13,approved,2024-10-19,2024-10-24
DEAL-03269,11,5,pending,2025-02-08,2025-02-10
DEAL-03270,8,3,pending,2026-04-15,2026-04-23
DEAL-03271,16,16,approved,2024-08-24,2024-08-26
DEAL-03272,14,14,approved,2026-05-09,2026-05-12
DEAL-03273,17,17,approved,2025-08-04,2025-08-08
DEAL-03274,13,8,flagged,2024-04-20,2024-04-25
DEAL-03275,20,6,flagged,2024-12-20,2024-12-25
DEAL-03276,18,8,pending,2024-05-26,2024-06-03
DEAL-03277,15,6,flagged,2025-12-11,2025-12-13
DEAL-03278,13,13,approved,2025-10-16,2025-10-20
DEAL-03279,10,0,pending,2026-05-15,
DEAL-03280,20,20,approved,2024-05-08,2024-05-09
DEAL-03281,17,17,approved,2026-04-22,2026-04-25
DEAL-03282,12,7,approved,2024-08-04,2024-08-14
DEAL-03283,15,15,approved,2026-02-09,2026-02-12
DEAL-03284,14,14,pending,2024-03-10,2024-03-13
DEAL-03285,20,9,pending,2025-09-22,2025-09-29
DEAL-03286,16,16,approved,2025-04-28,2025-04-29
DEAL-03287,12,12,approved,2024-03-18,2024-03-23
DEAL-03288,15,6,pending,2025-07-22,2025-08-02
DEAL-03289,13,13,approved,2026-01-04,2026-01-05
DEAL-03290,8,3,flagged,2025-09-25,2025-10-05
DEAL-03291,9,8,approved,2024-11-18,2024-11-22
DEAL-03292,15,12,pending,2024-11-22,2024-11-23
DEAL-03293,19,19,approved,2025-01-03,2025-01-07
DEAL-03294,13,13,approved,2024-11-06,2024-11-11
DEAL-03295,17,17,approved,2024-08-23,2024-08-27
DEAL-03296,13,13,approved,2026-04-27,2026-04-30
DEAL-03297,17,13,pending,2026-05-05,2026-05-16
DEAL-03298,11,11,approved,2025-08-23,2025-08-27
DEAL-03299,11,11,approved,2026-02-02,2026-02-06
DEAL-03300,11,6,flagged,2024-05-18,2024-05-30
DEAL-03301,20,20,approved,2024-03-06,2024-03-11
DEAL-03302,19,10,pending,2024-03-02,2024-03-09
DEAL-03303,19,19,approved,2024-06-29,2024-07-02
DEAL-03304,16,9,flagged,2026-02-27,2026-03-05
DEAL-03305,10,7,flagged,2025-02-11,2025-02-18
DEAL-03306,10,10,approved,2026-01-09,2026-01-14
DEAL-03307,8,8,approved,2024-11-07,2024-11-11
DEAL-03308,9,3,pending,2025-06-27,2025-07-11
DEAL-03309,12,12,approved,2026-03-22,2026-03-23
DEAL-03310,9,9,approved,2024-06-14,2024-06-17
DEAL-03311,13,13,approved,2026-04-25,2026-04-28
DEAL-03312,14,7,pending,,
DEAL-03313,20,20,approved,2025-05-22,2025-05-24
DEAL-03314,18,18,approved,2024-06-27,2024-07-01
DEAL-03315,20,20,approved,2025-05-27,2025-05-30
DEAL-03316,10,4,pending,2025-11-26,2025-12-10
DEAL-03317,9,9,approved,2026-02-27,2026-03-02
DEAL-03318,14,14,approved,2026-05-06,2026-05-10
DEAL-03319,9,9,approved,2024-07-18,2024-07-22
DEAL-03320,18,18,approved,2025-11-03,2025-11-04
DEAL-03321,10,1,pending,,
DEAL-03322,8,5,flagged,2026-03-05,2026-03-19
DEAL-03323,15,15,approved,2025-07-25,2025-07-27
DEAL-03324,12,12,approved,2025-03-31,2025-04-02
DEAL-03325,9,9,approved,2026-03-03,2026-03-05
DEAL-03326,20,20,approved,2026-03-22,2026-03-24
DEAL-03327,16,4,pending,2025-11-01,2025-11-07
DEAL-03328,12,8,pending,2026-03-07,2026-03-18
DEAL-03329,17,5,approved,2024-11-12,2024-11-16
DEAL-03330,8,8,approved,2026-03-29,2026-04-02
DEAL-03331,18,9,pending,2026-04-17,2026-04-28
DEAL-03332,8,4,approved,2024-12-13,2024-12-20
DEAL-03333,11,11,approved,2026-04-11,2026-04-12
DEAL-03334,9,4,flagged,2024-11-22,2024-12-04
DEAL-03335,13,13,approved,2025-04-30,2025-05-03
DEAL-03336,20,20,approved,2025-05-29,2025-05-31
DEAL-03337,15,15,approved,2024-03-06,2024-03-07
DEAL-03338,15,15,pending,2024-08-12,2024-08-15
DEAL-03339,16,16,approved,2024-07-23,2024-07-28
DEAL-03340,20,12,flagged,2025-10-14,2025-10-21
DEAL-03341,15,15,approved,2024-04-07,2024-04-12
DEAL-03342,20,14,flagged,2026-04-05,2026-04-12
DEAL-03343,9,9,approved,2024-09-13,2024-09-16
DEAL-03344,9,9,approved,2024-09-08,2024-09-13
DEAL-03345,8,8,approved,2025-06-19,2025-06-20
DEAL-03346,16,16,approved,2024-09-26,2024-09-28
DEAL-03347,17,17,approved,2025-01-08,2025-01-09
DEAL-03348,18,9,flagged,,
DEAL-03349,12,12,approved,2026-03-06,2026-03-09
DEAL-03350,20,15,approved,2026-01-18,2026-01-28
DEAL-03351,19,19,approved,2026-02-07,2026-02-11
DEAL-03352,14,11,pending,2025-03-17,2025-03-24
DEAL-03353,17,2,pending,2024-10-23,2024-11-01
DEAL-03354,20,20,approved,2024-05-02,2024-05-07
DEAL-03355,16,16,approved,2024-10-28,2024-10-30
DEAL-03356,19,16,flagged,2025-06-17,2025-06-22
DEAL-03357,16,16,approved,2026-03-16,2026-03-19
DEAL-03358,10,7,flagged,2026-03-05,2026-03-15
DEAL-03359,19,19,approved,2025-12-15,2025-12-16
DEAL-03360,13,13,approved,2026-02-14,2026-02-16
DEAL-03361,13,13,approved,2026-05-01,2026-05-06
DEAL-03362,14,14,approved,2025-06-12,2025-06-16
DEAL-03363,20,20,approved,2024-05-15,2024-05-18
DEAL-03364,8,6,approved,,
DEAL-03365,17,17,approved,2025-12-16,2025-12-19
DEAL-03366,15,15,approved,2025-07-23,2025-07-25
DEAL-03367,13,13,approved,2026-02-11,2026-02-14
DEAL-03368,19,19,approved,2026-04-29,2026-05-02
DEAL-03369,18,3,approved,2025-01-16,2025-01-23
DEAL-03370,17,17,approved,2025-12-14,2025-12-19
DEAL-03371,18,18,approved,2026-04-24,2026-04-29
DEAL-03372,16,13,pending,2025-09-15,2025-09-16
DEAL-03373,17,17,approved,2026-01-05,2026-01-06
DEAL-03374,16,16,approved,2026-03-20,2026-03-24
DEAL-03375,16,10,pending,2024-05-29,2024-06-01
DEAL-03376,17,9,flagged,2025-12-21,2026-01-02
DEAL-03377,15,7,flagged,2024-04-09,2024-04-23
DEAL-03378,8,8,approved,2024-08-09,2024-08-14
DEAL-03379,8,4,flagged,2026-02-09,2026-02-13
DEAL-03380,15,15,approved,2025-08-23,2025-08-27
DEAL-03381,8,6,flagged,2026-02-27,2026-03-11
DEAL-03382,19,12,flagged,2024-11-08,2024-11-13
DEAL-03383,15,15,approved,2025-07-14,2025-07-19
DEAL-03384,10,10,approved,2025-05-07,2025-05-11
DEAL-03385,15,0,approved,2026-03-06,
DEAL-03386,12,5,flagged,2024-08-15,2024-08-19
DEAL-03387,13,13,approved,2025-03-05,2025-03-06
DEAL-03388,13,13,approved,2026-04-20,2026-04-21
DEAL-03389,12,0,pending,2024-03-08,
DEAL-03390,16,16,approved,2024-12-06,2024-12-08
DEAL-03391,8,8,approved,2026-05-12,2026-05-17
DEAL-03392,20,20,approved,2024-10-23,2024-10-25
DEAL-03393,13,4,pending,2026-04-23,2026-05-04
DEAL-03394,12,12,approved,2026-03-01,2026-03-05
DEAL-03395,20,20,approved,2025-02-08,2025-02-12
DEAL-03396,14,14,approved,2024-01-28,2024-01-31
DEAL-03397,18,18,approved,2024-05-31,2024-06-01
DEAL-03398,16,16,approved,2025-09-10,2025-09-13
DEAL-03399,15,9,pending,2025-12-15,2025-12-25
DEAL-03400,19,19,approved,2026-04-01,2026-04-05
DEAL-03401,16,16,approved,2025-10-13,2025-10-17
DEAL-03402,16,16,approved,2025-05-05,2025-05-06
DEAL-03403,17,4,approved,2024-03-04,2024-03-13
DEAL-03404,12,12,approved,2025-03-15,2025-03-19
DEAL-03405,11,11,approved,2026-03-22,2026-03-25
DEAL-03406,11,7,approved,2025-07-06,2025-07-08
DEAL-03407,8,5,approved,2026-04-19,2026-04-28
DEAL-03408,17,4,flagged,2024-03-07,2024-03-16
DEAL-03409,8,8,approved,2025-05-05,2025-05-08
DEAL-03410,20,20,approved,2025-07-01,2025-07-03
DEAL-03411,14,14,approved,,
DEAL-03412,8,8,approved,2024-02-25,2024-03-01
DEAL-03413,20,2,flagged,2024-09-27,2024-09-30
DEAL-03414,11,1,flagged,2025-02-08,2025-02-10
DEAL-03415,17,17,approved,2026-03-05,2026-03-07
DEAL-03416,15,15,approved,2024-12-23,2024-12-26
DEAL-03417,19,19,approved,2025-03-09,2025-03-11
DEAL-03418,12,12,approved,2026-05-04,2026-05-09
DEAL-03419,13,13,approved,2026-05-12,2026-05-16
DEAL-03420,15,15,approved,2026-01-25,2026-01-29
DEAL-03421,10,10,approved,2025-03-21,2025-03-26
DEAL-03422,9,3,flagged,2026-04-17,2026-04-28
DEAL-03423,16,15,flagged,2026-04-24,2026-04-28
DEAL-03424,20,20,approved,2025-08-30,2025-08-31
DEAL-03425,19,19,approved,2024-08-03,2024-08-04
DEAL-03426,15,15,approved,2026-05-05,2026-05-08
DEAL-03427,8,8,approved,2024-12-04,2024-12-09
DEAL-03428,11,11,approved,2026-03-26,2026-03-28
DEAL-03429,12,12,approved,2026-04-01,2026-04-04
DEAL-03430,9,6,flagged,2025-12-15,2025-12-19
DEAL-03431,8,8,approved,2025-03-30,2025-03-31
DEAL-03432,11,5,pending,2026-04-09,2026-04-17
DEAL-03433,13,2,flagged,2025-05-14,2025-05-17
DEAL-03434,9,9,approved,2025-09-06,2025-09-07
DEAL-03435,17,17,approved,2025-09-12,2025-09-15
DEAL-03436,14,10,flagged,2025-10-22,2025-10-25
DEAL-03437,8,8,approved,2025-04-09,2025-04-14
DEAL-03438,16,3,flagged,2025-10-15,2025-10-27
DEAL-03439,15,15,approved,2026-05-02,2026-05-05
DEAL-03440,9,9,approved,2025-04-24,2025-04-28
DEAL-03441,14,14,approved,2026-03-28,2026-04-02
DEAL-03442,8,8,approved,2025-05-18,2025-05-20
DEAL-03443,10,10,approved,2025-02-03,2025-02-07
DEAL-03444,13,1,pending,2026-04-05,2026-04-07
DEAL-03445,15,9,approved,,
DEAL-03446,15,14,approved,2024-04-21,2024-04-22
DEAL-03447,9,9,approved,2024-10-13,2024-10-18
DEAL-03448,10,10,approved,2026-03-07,2026-03-09
DEAL-03449,8,8,approved,2026-04-29,2026-04-30
DEAL-03450,18,18,approved,2026-03-28,2026-03-31
DEAL-03451,18,18,approved,2024-10-04,2024-10-09
DEAL-03452,13,13,approved,2025-06-08,2025-06-10
DEAL-03453,8,8,approved,2025-12-05,2025-12-06
DEAL-03454,13,13,approved,2026-03-19,2026-03-22
DEAL-03455,20,20,approved,2025-08-20,2025-08-22
DEAL-03456,13,4,flagged,2025-06-25,2025-06-30
DEAL-03457,19,19,approved,2026-05-08,2026-05-13
DEAL-03458,17,17,approved,2024-07-13,2024-07-16
DEAL-03459,12,12,approved,2024-08-18,2024-08-22
DEAL-03460,17,17,approved,2025-05-30,2025-06-03
DEAL-03461,15,15,approved,2025-09-02,2025-09-06
DEAL-03462,12,12,approved,2024-02-27,2024-03-02
DEAL-03463,14,14,approved,2026-04-23,2026-04-24
DEAL-03464,17,17,approved,2024-03-20,2024-03-21
DEAL-03465,20,20,approved,2024-06-25,2024-06-30
DEAL-03466,18,18,approved,2024-07-19,2024-07-21
DEAL-03467,15,15,approved,2025-08-21,2025-08-23
DEAL-03468,15,15,approved,2024-06-03,2024-06-07
DEAL-03469,18,18,approved,2024-12-08,2024-12-13
DEAL-03470,10,6,pending,2024-05-08,2024-05-18
DEAL-03471,9,9,approved,2026-03-07,2026-03-09
DEAL-03472,14,14,approved,2024-06-20,2024-06-25
DEAL-03473,11,2,flagged,2025-09-05,2025-09-08
DEAL-03474,10,10,approved,2024-06-18,2024-06-23
DEAL-03475,10,10,approved,2024-06-23,2024-06-26
DEAL-03476,16,4,pending,2025-04-16,2025-04-25
DEAL-03477,11,11,approved,2025-08-13,2025-08-15
DEAL-03478,11,11,approved,2025-11-01,2025-11-03
DEAL-03479,8,2,pending,2026-04-13,2026-04-27
DEAL-03480,19,19,approved,2025-09-18,2025-09-23
DEAL-03481,14,14,approved,2024-06-21,2024-06-23
DEAL-03482,17,11,pending,2024-12-10,2024-12-13
DEAL-03483,19,19,approved,2024-08-29,2024-09-02
DEAL-03484,11,11,approved,2024-11-05,2024-11-06
DEAL-03485,19,4,pending,2025-09-16,2025-09-20
DEAL-03486,9,9,approved,2024-06-11,2024-06-12
DEAL-03487,15,15,approved,2025-08-06,2025-08-10
DEAL-03488,19,19,approved,2025-04-30,2025-05-01
DEAL-03489,14,9,pending,2025-06-12,2025-06-25
DEAL-03490,20,20,approved,2026-03-24,2026-03-29
DEAL-03491,17,17,approved,2026-01-11,2026-01-12
DEAL-03492,16,3,pending,2024-10-16,2024-10-18
DEAL-03493,15,15,approved,2024-06-19,2024-06-24
DEAL-03494,17,17,approved,2025-10-02,2025-10-07
DEAL-03495,12,12,approved,2025-05-12,2025-05-17
DEAL-03496,11,11,approved,2025-10-23,2025-10-27
DEAL-03497,16,16,approved,2024-04-30,2024-05-05
DEAL-03498,8,8,approved,2024-11-27,2024-12-02
DEAL-03499,10,10,approved,2025-09-13,2025-09-18
DEAL-03500,20,15,flagged,2025-06-11,2025-06-15
DEAL-03501,11,11,approved,2024-09-05,2024-09-06
DEAL-03502,11,11,approved,2024-12-22,2024-12-27
DEAL-03503,16,16,approved,2025-02-17,2025-02-18
DEAL-03504,10,10,approved,2024-03-27,2024-03-30
DEAL-03505,20,20,approved,2024-07-13,2024-07-16
DEAL-03506,20,20,approved,2026-04-10,2026-04-14
DEAL-03507,12,8,pending,2026-03-08,2026-03-11
DEAL-03508,18,18,approved,2026-02-12,2026-02-15
DEAL-03509,11,11,approved,2026-05-18,2026-05-19
DEAL-03510,13,13,approved,2024-05-01,2024-05-04
DEAL-03511,20,1,approved,2024-12-16,2024-12-20
DEAL-03512,16,6,flagged,,
DEAL-03513,18,11,approved,,
DEAL-03514,10,1,pending,,
DEAL-03515,11,11,approved,2025-11-25,2025-11-30
DEAL-03516,12,12,approved,2025-04-14,2025-04-19
DEAL-03517,8,4,pending,2024-08-26,2024-09-06
DEAL-03518,13,13,approved,2025-10-13,2025-10-18
DEAL-03519,20,4,flagged,2024-10-29,2024-11-12
DEAL-03520,15,7,flagged,2024-10-24,2024-10-29
DEAL-03521,13,13,approved,2024-02-12,2024-02-13
DEAL-03522,8,8,pending,2026-04-03,2026-04-04
DEAL-03523,11,8,approved,2025-03-05,2025-03-10
DEAL-03524,16,1,flagged,2025-05-12,2025-05-15
DEAL-03525,12,12,approved,2026-03-17,2026-03-22
DEAL-03526,16,11,approved,2024-05-13,2024-05-15
DEAL-03527,20,5,flagged,2025-07-08,2025-07-18
DEAL-03528,17,17,approved,2024-12-25,2024-12-30
DEAL-03529,17,17,approved,2026-02-21,2026-02-23
DEAL-03530,20,10,pending,2026-01-01,2026-01-15
DEAL-03531,18,18,approved,2026-04-15,2026-04-18
DEAL-03532,13,13,approved,2024-12-18,2024-12-21
DEAL-03533,16,16,approved,2024-12-17,2024-12-22
DEAL-03534,16,16,approved,2025-04-14,2025-04-18
DEAL-03535,19,19,approved,2026-04-09,2026-04-13
DEAL-03536,20,20,approved,2024-07-22,2024-07-25
DEAL-03537,8,8,approved,2025-04-08,2025-04-13
DEAL-03538,10,5,approved,2025-09-30,2025-10-09
DEAL-03539,13,13,approved,2025-02-19,2025-02-23
DEAL-03540,19,19,approved,2024-06-29,2024-06-30
DEAL-03541,12,11,approved,2026-04-23,2026-04-25
DEAL-03542,20,20,approved,2024-10-31,2024-11-05
DEAL-03543,12,12,approved,2024-11-12,2024-11-15
DEAL-03544,14,8,approved,2024-09-06,2024-09-14
DEAL-03545,16,16,approved,2025-02-18,2025-02-23
DEAL-03546,20,20,approved,2026-03-14,2026-03-15
DEAL-03547,14,14,approved,2024-07-14,2024-07-19
DEAL-03548,8,5,pending,2024-02-22,2024-03-02
DEAL-03549,15,8,approved,2025-05-23,2025-06-03
DEAL-03550,16,16,approved,2026-02-05,2026-02-07
DEAL-03551,10,10,approved,2025-10-01,2025-10-06
DEAL-03552,12,12,approved,2026-05-15,2026-05-20
DEAL-03553,12,12,approved,2025-08-26,2025-08-29
DEAL-03554,20,20,approved,2026-01-31,2026-02-03
DEAL-03555,13,5,approved,2026-03-25,2026-04-04
DEAL-03556,16,16,approved,2026-03-11,2026-03-12
DEAL-03557,16,6,pending,2024-10-21,2024-10-30
DEAL-03558,17,1,flagged,2025-08-03,2025-08-11
DEAL-03559,10,10,approved,2024-11-10,2024-11-14
DEAL-03560,20,2,approved,2025-02-20,2025-03-06
DEAL-03561,16,4,flagged,2025-05-25,2025-06-07
DEAL-03562,19,19,approved,2026-04-04,2026-04-09
DEAL-03563,16,7,flagged,2026-05-15,2026-05-28
DEAL-03564,11,11,approved,2025-09-19,2025-09-23
DEAL-03565,19,19,approved,2024-12-22,2024-12-27
DEAL-03566,10,6,pending,2026-05-01,2026-05-15
DEAL-03567,17,17,approved,2025-06-21,2025-06-23
DEAL-03568,16,8,pending,,
DEAL-03569,19,19,approved,2024-08-30,2024-09-04
DEAL-03570,11,11,approved,2026-02-12,2026-02-13
DEAL-03571,11,11,approved,2026-05-18,2026-05-19
DEAL-03572,13,13,approved,2024-11-29,2024-12-03
DEAL-03573,10,5,pending,2026-04-22,2026-05-03
DEAL-03574,15,6,flagged,2025-04-02,2025-04-16
DEAL-03575,18,6,approved,2025-11-01,2025-11-04
DEAL-03576,11,11,approved,2025-07-22,2025-07-25
DEAL-03577,14,14,approved,2025-04-15,2025-04-20
DEAL-03578,14,14,approved,2024-09-02,2024-09-06
DEAL-03579,17,17,approved,2024-02-24,2024-02-29
DEAL-03580,14,14,approved,2026-01-08,2026-01-11
DEAL-03581,19,19,approved,2024-05-09,2024-05-10
DEAL-03582,16,14,approved,2025-08-15,2025-08-19
DEAL-03583,17,15,flagged,2025-08-13,2025-08-18
DEAL-03584,16,16,approved,2026-01-10,2026-01-13
DEAL-03585,9,9,approved,2025-01-30,2025-02-02
DEAL-03586,12,10,flagged,2024-11-19,2024-11-20
DEAL-03587,10,10,approved,2025-01-31,2025-02-01
DEAL-03588,8,8,approved,2025-05-17,2025-05-21
DEAL-03589,13,5,pending,2025-10-25,2025-10-31
DEAL-03590,9,7,pending,2025-12-09,2025-12-11
DEAL-03591,18,18,approved,2024-08-17,2024-08-20
DEAL-03592,18,18,approved,2024-05-27,2024-06-01
DEAL-03593,12,12,approved,2025-05-05,2025-05-10
DEAL-03594,10,10,approved,2025-04-01,2025-04-04
DEAL-03595,10,10,approved,2025-10-02,2025-10-03
DEAL-03596,14,14,approved,2024-05-07,2024-05-08
DEAL-03597,16,16,approved,2025-09-20,2025-09-23
DEAL-03598,13,3,pending,2025-06-13,2025-06-27
DEAL-03599,8,1,approved,2024-04-26,2024-05-02
DEAL-03600,14,14,approved,2024-03-05,2024-03-10
DEAL-03601,12,12,approved,2024-06-07,2024-06-09
DEAL-03602,20,20,approved,2026-03-17,2026-03-20
DEAL-03603,13,13,approved,2025-12-07,2025-12-11
DEAL-03604,13,13,approved,2025-06-30,2025-07-01
DEAL-03605,13,13,approved,2024-06-13,2024-06-14
DEAL-03606,13,13,approved,2025-02-08,2025-02-10
DEAL-03607,20,16,flagged,2025-11-30,2025-12-01
DEAL-03608,12,12,approved,2024-06-29,2024-07-03
DEAL-03609,13,13,approved,2025-09-10,2025-09-14
DEAL-03610,15,2,flagged,2026-01-12,2026-01-17
DEAL-03611,14,14,approved,2026-04-19,2026-04-20
DEAL-03612,20,20,approved,2024-12-07,2024-12-12
DEAL-03613,16,16,approved,2025-10-24,2025-10-25
DEAL-03614,11,11,approved,2024-08-16,2024-08-19
DEAL-03615,16,14,flagged,,
DEAL-03616,18,18,approved,2025-12-29,2025-12-30
DEAL-03617,8,3,pending,2024-11-20,2024-11-24
DEAL-03618,14,14,approved,2025-12-22,2025-12-24
DEAL-03619,12,12,approved,2025-06-17,2025-06-21
DEAL-03620,20,20,approved,2025-05-28,2025-05-30
DEAL-03621,11,11,approved,2025-09-13,2025-09-15
DEAL-03622,12,10,approved,2024-08-10,2024-08-14
DEAL-03623,18,18,approved,2025-07-22,2025-07-26
DEAL-03624,8,5,pending,2024-03-17,2024-03-30
DEAL-03625,20,11,approved,,
DEAL-03626,14,14,approved,2025-06-24,2025-06-26
DEAL-03627,19,19,approved,2025-05-27,2025-06-01
DEAL-03628,17,17,approved,2026-02-28,2026-03-01
DEAL-03629,19,19,approved,2024-07-31,2024-08-03
DEAL-03630,19,12,approved,2024-06-24,2024-06-28
DEAL-03631,9,9,approved,2025-10-19,2025-10-23
DEAL-03632,11,11,approved,2026-02-26,2026-03-03
DEAL-03633,18,18,approved,2025-01-24,2025-01-26
DEAL-03634,19,19,approved,2024-04-29,2024-05-03
DEAL-03635,18,18,approved,2025-07-09,2025-07-14
DEAL-03636,9,9,approved,2025-02-17,2025-02-22
DEAL-03637,13,10,pending,2025-07-23,2025-07-30
DEAL-03638,18,18,approved,2026-05-07,2026-05-12
DEAL-03639,8,8,flagged,2025-03-04,2025-03-06
DEAL-03640,14,14,approved,2024-11-18,2024-11-20
DEAL-03641,18,18,approved,2025-05-15,2025-05-19
DEAL-03642,10,10,approved,2024-07-08,2024-07-13
DEAL-03643,16,16,approved,2025-06-18,2025-06-21
DEAL-03644,13,13,approved,2026-04-21,2026-04-25
DEAL-03645,14,2,approved,2024-05-08,2024-05-17
DEAL-03646,19,15,approved,2024-10-26,2024-11-02
DEAL-03647,15,15,approved,2025-12-13,2025-12-14
DEAL-03648,9,9,approved,2024-11-02,2024-11-05
DEAL-03649,15,15,approved,2025-05-01,2025-05-06
DEAL-03650,9,9,approved,2024-09-29,2024-10-01
DEAL-03651,14,5,flagged,2026-05-11,2026-05-25
DEAL-03652,12,7,flagged,2026-03-26,2026-04-06
DEAL-03653,19,14,flagged,2025-08-11,2025-08-13
DEAL-03654,9,9,approved,2024-12-11,2024-12-12
DEAL-03655,14,0,approved,2024-07-31,
DEAL-03656,17,17,approved,2026-02-28,2026-03-02
DEAL-03657,18,3,approved,,
DEAL-03658,14,4,pending,2025-10-03,2025-10-13
DEAL-03659,13,13,approved,2025-10-01,2025-10-04
DEAL-03660,20,20,approved,2024-07-31,2024-08-03
DEAL-03661,9,3,pending,2024-05-22,2024-06-02
DEAL-03662,18,2,flagged,2024-08-03,2024-08-11
DEAL-03663,16,7,flagged,2024-12-15,2024-12-20
DEAL-03664,9,9,approved,2025-06-13,2025-06-18
DEAL-03665,17,17,approved,2025-12-17,2025-12-21
DEAL-03666,18,16,pending,,
DEAL-03667,13,13,approved,2026-04-08,2026-04-12
DEAL-03668,9,9,approved,2024-06-07,2024-06-11
DEAL-03669,17,17,approved,2025-10-20,2025-10-24
DEAL-03670,18,18,approved,2026-03-11,2026-03-15
DEAL-03671,17,17,approved,2024-06-15,2024-06-17
DEAL-03672,11,11,approved,2024-02-27,2024-03-02
DEAL-03673,15,15,approved,2025-09-04,2025-09-06
DEAL-03674,11,11,approved,2025-01-31,2025-02-01
DEAL-03675,15,15,approved,2024-04-26,2024-04-28
DEAL-03676,16,7,flagged,2026-04-27,2026-04-29
DEAL-03677,9,9,approved,2026-03-24,2026-03-28
DEAL-03678,10,5,approved,2025-06-07,2025-06-17
DEAL-03679,10,10,approved,2025-01-06,2025-01-09
DEAL-03680,9,3,flagged,2025-05-13,2025-05-23
DEAL-03681,10,10,approved,2025-08-21,2025-08-22
DEAL-03682,10,10,approved,2026-04-19,2026-04-21
DEAL-03683,20,20,approved,2026-02-03,2026-02-06
DEAL-03684,8,8,approved,2026-02-27,2026-03-04
DEAL-03685,20,20,approved,2024-04-10,2024-04-15
DEAL-03686,17,17,approved,2026-05-12,2026-05-16
DEAL-03687,20,11,pending,2024-06-03,2024-06-08
DEAL-03688,16,16,approved,2025-11-29,2025-12-03
DEAL-03689,20,9,flagged,2024-07-22,2024-07-27
DEAL-03690,12,2,pending,2025-03-25,2025-04-06
DEAL-03691,12,12,approved,2025-05-09,2025-05-13
DEAL-03692,10,10,approved,2024-07-03,2024-07-05
DEAL-03693,18,7,flagged,2026-03-05,2026-03-11
DEAL-03694,13,13,approved,2026-03-21,2026-03-23
DEAL-03695,16,16,pending,2026-02-04,2026-02-09
DEAL-03696,13,13,approved,2026-02-05,2026-02-07
DEAL-03697,19,19,approved,2025-10-08,2025-10-13
DEAL-03698,11,11,approved,2025-06-13,2025-06-14
DEAL-03699,15,15,approved,2024-11-06,2024-11-11
DEAL-03700,12,12,approved,2026-03-09,2026-03-13
DEAL-03701,19,19,approved,2026-05-16,2026-05-17
DEAL-03702,10,10,approved,2024-08-04,2024-08-05
DEAL-03703,20,12,flagged,2026-03-22,2026-04-05
DEAL-03704,12,12,approved,2026-03-14,2026-03-18
DEAL-03705,17,0,flagged,,
DEAL-03706,14,0,flagged,2024-03-01,
DEAL-03707,14,10,flagged,2026-04-11,2026-04-22
DEAL-03708,19,19,approved,2025-06-24,2025-06-28
DEAL-03709,11,11,approved,2024-02-25,2024-02-29
DEAL-03710,20,20,approved,2025-05-12,2025-05-17
DEAL-03711,13,13,approved,2025-08-09,2025-08-13
DEAL-03712,8,8,approved,2025-09-27,2025-10-02
DEAL-03713,12,12,approved,2024-06-07,2024-06-12
DEAL-03714,12,8,pending,2025-08-02,2025-08-15
DEAL-03715,19,7,approved,2025-01-22,2025-01-30
DEAL-03716,15,3,pending,2026-04-13,2026-04-21
DEAL-03717,13,13,approved,2024-02-27,2024-03-02
DEAL-03718,12,12,approved,2025-01-07,2025-01-12
DEAL-03719,17,12,flagged,,
DEAL-03720,9,4,pending,2025-09-09,2025-09-20
DEAL-03721,20,20,approved,2024-07-12,2024-07-15
DEAL-03722,14,14,approved,2025-09-14,2025-09-15
DEAL-03723,11,11,approved,2025-12-12,2025-12-13
DEAL-03724,13,8,flagged,2026-01-23,2026-01-28
DEAL-03725,8,8,approved,2026-01-01,2026-01-05
DEAL-03726,14,14,approved,2024-09-04,2024-09-05
DEAL-03727,10,10,approved,2026-02-07,2026-02-11
DEAL-03728,13,13,approved,2025-04-25,2025-04-28
DEAL-03729,15,15,approved,2025-08-12,2025-08-17
DEAL-03730,9,9,approved,2024-07-02,2024-07-04
DEAL-03731,18,0,pending,2024-08-15,
DEAL-03732,16,16,approved,2025-08-27,2025-09-01
DEAL-03733,20,6,approved,2025-05-11,2025-05-17
DEAL-03734,16,5,flagged,2024-05-26,2024-06-01
DEAL-03735,15,11,approved,2025-12-27,2026-01-10
DEAL-03736,10,4,flagged,2025-05-23,2025-05-28
DEAL-03737,19,19,approved,2025-06-12,2025-06-13
DEAL-03738,12,12,approved,2024-09-17,2024-09-21
DEAL-03739,15,15,approved,2025-07-24,2025-07-27
DEAL-03740,12,12,approved,2024-03-06,2024-03-08
DEAL-03741,13,13,approved,2024-05-16,2024-05-20
DEAL-03742,18,18,approved,2025-08-29,2025-09-01
DEAL-03743,11,10,pending,2025-06-09,2025-06-13
DEAL-03744,20,20,approved,2024-05-14,2024-05-16
DEAL-03745,19,15,flagged,2025-04-21,2025-04-29
DEAL-03746,13,6,flagged,,
DEAL-03747,18,18,approved,2026-05-17,2026-05-20
DEAL-03748,12,5,flagged,2025-11-24,2025-12-01
DEAL-03749,10,10,approved,2025-07-28,2025-07-31
DEAL-03750,15,15,approved,2025-06-28,2025-06-30
DEAL-03751,10,3,pending,2025-05-07,2025-05-10
DEAL-03752,11,7,approved,2024-08-27,2024-09-01
DEAL-03753,19,19,approved,2026-05-02,2026-05-06
DEAL-03754,15,15,approved,2024-05-17,2024-05-21
DEAL-03755,9,0,flagged,2026-05-19,
DEAL-03756,11,11,approved,2024-12-03,2024-12-05
DEAL-03757,12,12,approved,2025-05-26,2025-05-27
DEAL-03758,14,14,approved,2025-03-18,2025-03-21
DEAL-03759,20,20,approved,2024-12-21,2024-12-25
DEAL-03760,10,10,approved,2026-05-17,2026-05-19
DEAL-03761,13,10,pending,2024-11-22,2024-11-28
DEAL-03762,20,20,approved,2025-04-08,2025-04-13
DEAL-03763,11,11,approved,2024-06-01,2024-06-03
DEAL-03764,12,12,approved,2024-06-22,2024-06-24
DEAL-03765,15,15,approved,2025-01-15,2025-01-16
DEAL-03766,9,3,flagged,2026-02-02,2026-02-16
DEAL-03767,11,11,approved,2025-04-21,2025-04-25
DEAL-03768,18,2,pending,2024-07-12,2024-07-24
DEAL-03769,17,3,approved,2025-11-30,2025-12-14
DEAL-03770,14,14,approved,2024-04-26,2024-04-27
DEAL-03771,12,0,pending,2024-11-07,
DEAL-03772,12,12,approved,2024-08-25,2024-08-30
DEAL-03773,16,16,approved,2026-05-02,2026-05-03
DEAL-03774,20,20,approved,2026-02-18,2026-02-19
DEAL-03775,16,16,approved,2025-03-07,2025-03-08
DEAL-03776,12,12,approved,2024-05-21,2024-05-24
DEAL-03777,12,12,approved,2025-08-04,2025-08-07
DEAL-03778,9,9,approved,2025-07-09,2025-07-11
DEAL-03779,14,14,approved,2026-03-16,2026-03-20
DEAL-03780,13,13,approved,2026-03-21,2026-03-24
DEAL-03781,18,18,approved,2026-01-20,2026-01-22
DEAL-03782,13,13,approved,2024-12-24,2024-12-25
DEAL-03783,20,20,approved,2024-06-15,2024-06-20
DEAL-03784,18,11,approved,2025-12-11,2025-12-16
DEAL-03785,10,10,approved,2024-10-24,2024-10-25
DEAL-03786,8,8,approved,2025-08-30,2025-08-31
DEAL-03787,14,11,pending,2024-12-19,2025-01-01
DEAL-03788,15,15,approved,2026-04-19,2026-04-23
DEAL-03789,17,17,approved,2025-10-17,2025-10-18
DEAL-03790,13,13,approved,2024-11-11,2024-11-15
DEAL-03791,20,18,approved,2026-04-25,2026-04-29
DEAL-03792,20,20,approved,2024-08-27,2024-08-30
DEAL-03793,14,4,pending,2026-03-18,2026-03-28
DEAL-03794,11,11,approved,2024-11-01,2024-11-03
DEAL-03795,14,4,flagged,2025-10-01,2025-10-04
DEAL-03796,10,5,approved,2025-06-17,2025-06-22
DEAL-03797,20,0,flagged,,
DEAL-03798,15,15,approved,2025-07-22,2025-07-26
DEAL-03799,14,14,approved,2026-04-11,2026-04-12
DEAL-03800,9,9,approved,2024-11-20,2024-11-23
DEAL-03801,14,7,approved,,
DEAL-03802,17,3,pending,,
DEAL-03803,9,9,approved,2024-12-12,2024-12-14
DEAL-03804,16,11,flagged,2026-03-21,2026-03-29
DEAL-03805,19,19,approved,2025-05-20,2025-05-24
DEAL-03806,14,7,pending,2025-09-17,2025-09-29
DEAL-03807,13,13,approved,2026-05-10,2026-05-15
DEAL-03808,19,19,approved,2026-04-04,2026-04-07
DEAL-03809,15,14,approved,2025-03-09,2025-03-13
DEAL-03810,20,20,approved,2025-10-30,2025-11-03
DEAL-03811,16,4,flagged,2025-03-05,2025-03-18
DEAL-03812,13,13,pending,2024-03-15,2024-03-16
DEAL-03813,9,9,approved,2024-08-31,2024-09-03
DEAL-03814,15,12,flagged,2026-03-20,2026-03-24
DEAL-03815,8,4,approved,2026-04-20,2026-04-23
DEAL-03816,10,10,approved,2025-08-17,2025-08-21
DEAL-03817,14,10,approved,2026-03-07,2026-03-09
DEAL-03818,17,17,approved,2025-11-10,2025-11-13
DEAL-03819,9,9,approved,2024-02-14,2024-02-15
DEAL-03820,16,16,approved,2024-10-01,2024-10-02
DEAL-03821,20,8,flagged,2025-01-17,2025-01-20
DEAL-03822,14,14,approved,2025-06-22,2025-06-26
DEAL-03823,14,14,approved,2025-12-29,2026-01-03
DEAL-03824,16,1,approved,,
DEAL-03825,17,17,approved,2024-09-18,2024-09-21
DEAL-03826,14,11,flagged,2025-06-06,2025-06-13
DEAL-03827,12,12,approved,2024-10-10,2024-10-11
DEAL-03828,9,9,approved,2024-08-03,2024-08-06
DEAL-03829,16,4,pending,2024-12-30,2025-01-13
DEAL-03830,13,6,approved,2024-12-16,2024-12-29
DEAL-03831,8,3,flagged,2024-07-01,2024-07-09
DEAL-03832,14,0,pending,2024-06-29,
DEAL-03833,19,19,approved,2025-05-29,2025-06-03
DEAL-03834,15,4,approved,2026-01-11,2026-01-18
DEAL-03835,14,5,approved,2025-09-30,2025-10-05
DEAL-03836,8,8,approved,2024-02-24,2024-02-26
DEAL-03837,12,12,approved,2025-02-24,2025-02-25
DEAL-03838,10,0,approved,2024-05-31,
DEAL-03839,13,13,approved,2024-05-12,2024-05-15
DEAL-03840,14,14,approved,2026-04-19,2026-04-20
DEAL-03841,9,8,pending,,
DEAL-03842,12,12,approved,2026-03-24,2026-03-25
DEAL-03843,11,11,approved,2026-04-02,2026-04-03
DEAL-03844,20,20,approved,2024-09-26,2024-10-01
DEAL-03845,9,9,approved,2026-04-23,2026-04-27
DEAL-03846,18,18,approved,2025-10-19,2025-10-24
DEAL-03847,17,17,approved,2025-05-21,2025-05-23
DEAL-03848,15,12,pending,2025-04-26,2025-04-28
DEAL-03849,17,14,approved,2024-05-12,2024-05-17
DEAL-03850,17,17,approved,2024-06-08,2024-06-13
DEAL-03851,11,11,approved,2024-05-02,2024-05-04
DEAL-03852,13,9,approved,2024-12-27,2025-01-05
DEAL-03853,11,11,approved,2025-02-19,2025-02-24
DEAL-03854,13,13,approved,2025-06-30,2025-07-03
DEAL-03855,19,19,approved,2024-07-28,2024-07-30
DEAL-03856,20,20,approved,2025-06-14,2025-06-15
DEAL-03857,8,8,approved,2025-10-11,2025-10-14
DEAL-03858,17,10,flagged,2024-07-24,2024-07-26
DEAL-03859,9,2,pending,,
DEAL-03860,18,18,approved,2025-03-05,2025-03-06
DEAL-03861,17,17,approved,2025-12-09,2025-12-10
DEAL-03862,11,11,approved,2024-11-28,2024-12-02
DEAL-03863,8,8,approved,2026-05-02,2026-05-06
DEAL-03864,10,10,approved,2024-05-20,2024-05-25
DEAL-03865,12,11,flagged,2024-11-29,2024-12-03
DEAL-03866,13,13,approved,2024-04-05,2024-04-07
DEAL-03867,17,17,approved,2026-05-02,2026-05-04
DEAL-03868,20,10,pending,2025-04-19,2025-04-26
DEAL-03869,18,18,approved,2025-08-30,2025-09-02
DEAL-03870,18,18,approved,2025-03-15,2025-03-16
DEAL-03871,13,13,approved,2026-04-11,2026-04-13
DEAL-03872,17,17,approved,2025-04-01,2025-04-04
DEAL-03873,11,11,approved,2025-10-29,2025-11-02
DEAL-03874,18,18,approved,2026-03-18,2026-03-19
DEAL-03875,15,15,approved,2026-03-03,2026-03-06
DEAL-03876,15,15,approved,2026-04-20,2026-04-22
DEAL-03877,9,9,approved,2025-11-14,2025-11-19
DEAL-03878,18,18,approved,2024-08-02,2024-08-05
DEAL-03879,11,10,pending,2024-02-24,2024-02-25
DEAL-03880,10,10,approved,2024-04-11,2024-04-13
DEAL-03881,14,14,approved,2025-09-18,2025-09-22
DEAL-03882,17,17,approved,2024-03-22,2024-03-27
DEAL-03883,20,6,pending,2024-03-11,2024-03-14
DEAL-03884,16,16,approved,2025-01-15,2025-01-20
DEAL-03885,10,10,approved,2025-02-12,2025-02-15
DEAL-03886,9,9,approved,2025-10-08,2025-10-13
DEAL-03887,16,12,flagged,2024-01-11,2024-01-13
DEAL-03888,18,18,approved,2024-04-16,2024-04-19
DEAL-03889,8,8,approved,2026-04-22,2026-04-23
DEAL-03890,19,19,approved,2026-01-07,2026-01-12
DEAL-03891,18,18,approved,2026-04-12,2026-04-17
DEAL-03892,15,15,approved,2026-03-17,2026-03-18
DEAL-03893,14,9,flagged,2024-11-27,2024-12-03
DEAL-03894,12,12,approved,2025-01-21,2025-01-26
DEAL-03895,16,16,approved,2024-05-02,2024-05-06
DEAL-03896,10,10,approved,2025-08-04,2025-08-06
DEAL-03897,11,10,approved,,
DEAL-03898,15,15,approved,2025-09-15,2025-09-17
DEAL-03899,10,10,approved,2025-11-14,2025-11-15
DEAL-03900,20,10,flagged,2024-10-03,2024-10-07
DEAL-03901,17,17,approved,2025-10-05,2025-10-09
DEAL-03902,19,19,approved,2025-05-16,2025-05-21
DEAL-03903,18,18,approved,2025-08-03,2025-08-08
DEAL-03904,15,15,approved,2024-05-22,2024-05-24
DEAL-03905,10,3,flagged,2025-10-25,2025-11-06
DEAL-03906,9,6,flagged,2025-11-26,2025-12-10
DEAL-03907,20,20,approved,2024-06-22,2024-06-24
DEAL-03908,9,6,pending,2025-07-27,2025-08-03
DEAL-03909,11,6,pending,2024-05-09,2024-05-18
DEAL-03910,11,11,approved,2024-01-28,2024-01-30
DEAL-03911,12,2,flagged,2025-03-22,2025-04-04
DEAL-03912,10,10,approved,2025-03-28,2025-04-02
DEAL-03913,13,0,flagged,2026-03-17,
DEAL-03914,10,0,flagged,2025-02-17,
DEAL-03915,20,20,approved,2026-02-17,2026-02-22
DEAL-03916,8,5,approved,2025-10-27,2025-11-03
DEAL-03917,16,6,flagged,2026-04-20,2026-04-28
DEAL-03918,20,20,approved,2026-01-28,2026-02-01
DEAL-03919,15,4,pending,2025-02-03,2025-02-09
DEAL-03920,12,12,approved,2026-01-05,2026-01-08
DEAL-03921,13,13,approved,2025-08-22,2025-08-24
DEAL-03922,13,4,flagged,2026-03-04,2026-03-16
DEAL-03923,20,20,approved,2025-03-23,2025-03-24
DEAL-03924,10,7,flagged,2026-03-05,2026-03-12
DEAL-03925,10,10,approved,2024-09-12,2024-09-16
DEAL-03926,18,18,approved,2026-04-20,2026-04-21
DEAL-03927,9,9,approved,2025-07-22,2025-07-24
DEAL-03928,11,11,approved,2026-03-10,2026-03-12
DEAL-03929,8,2,flagged,2026-05-03,2026-05-15
DEAL-03930,16,16,approved,2024-11-15,2024-11-20
DEAL-03931,12,5,pending,2025-04-17,2025-05-01
DEAL-03932,19,19,approved,2024-09-05,2024-09-10
DEAL-03933,12,12,approved,2025-02-26,2025-03-01
DEAL-03934,17,17,approved,2024-11-09,2024-11-14
DEAL-03935,8,8,approved,2024-06-28,2024-07-01
DEAL-03936,11,2,approved,2025-05-23,2025-05-25
DEAL-03937,12,10,pending,2024-04-22,2024-04-26
DEAL-03938,15,15,approved,2025-06-29,2025-07-01
DEAL-03939,20,20,approved,2025-11-06,2025-11-08
DEAL-03940,17,16,flagged,,
DEAL-03941,14,14,approved,2024-05-24,2024-05-29
DEAL-03942,9,9,approved,2025-01-22,2025-01-23
DEAL-03943,19,3,flagged,2024-03-12,2024-03-26
DEAL-03944,9,9,approved,2026-04-12,2026-04-14
DEAL-03945,15,15,approved,2025-02-19,2025-02-22
DEAL-03946,9,6,flagged,2025-09-23,2025-10-07
DEAL-03947,12,12,approved,2024-06-19,2024-06-24
DEAL-03948,18,18,approved,2025-09-21,2025-09-24
DEAL-03949,18,18,approved,2025-04-30,2025-05-04
DEAL-03950,20,9,pending,2024-11-21,2024-12-05
DEAL-03951,10,10,approved,2024-11-23,2024-11-26
DEAL-03952,8,8,approved,2024-06-14,2024-06-15
DEAL-03953,20,11,pending,2026-03-25,2026-03-29
DEAL-03954,12,5,flagged,2025-01-13,2025-01-20
DEAL-03955,11,8,flagged,2024-05-30,2024-06-08
DEAL-03956,19,19,approved,2024-11-05,2024-11-07
DEAL-03957,16,16,approved,2025-10-06,2025-10-09
DEAL-03958,9,9,pending,2025-12-13,2025-12-18
DEAL-03959,13,10,pending,2024-12-15,2024-12-26
DEAL-03960,15,15,approved,2026-01-26,2026-01-28
DEAL-03961,14,14,approved,2026-03-31,2026-04-05
DEAL-03962,15,15,approved,2026-04-06,2026-04-11
DEAL-03963,9,9,approved,2025-12-18,2025-12-23
DEAL-03964,12,12,approved,2024-04-25,2024-04-26
DEAL-03965,18,4,pending,2025-06-25,2025-07-05
DEAL-03966,19,9,flagged,2025-11-12,2025-11-22
DEAL-03967,19,16,pending,2026-04-09,2026-04-10
DEAL-03968,16,16,approved,2025-03-02,2025-03-03
DEAL-03969,19,19,approved,2025-10-28,2025-10-29
DEAL-03970,19,13,pending,2025-07-12,2025-07-20
DEAL-03971,19,1,flagged,2024-05-06,2024-05-11
DEAL-03972,8,8,approved,2026-01-08,2026-01-13
DEAL-03973,12,12,approved,2025-04-13,2025-04-14
DEAL-03974,18,18,approved,2025-05-01,2025-05-03
DEAL-03975,15,4,approved,2024-09-11,2024-09-20
DEAL-03976,14,3,pending,2025-08-10,2025-08-18
DEAL-03977,12,0,pending,2026-04-19,
DEAL-03978,18,6,pending,2026-03-02,2026-03-07
DEAL-03979,13,5,flagged,,
DEAL-03980,11,9,approved,,
DEAL-03981,20,7,flagged,2026-01-17,2026-01-29
DEAL-03982,10,8,approved,2024-06-26,2024-07-01
DEAL-03983,14,4,flagged,2025-12-19,2025-12-23
DEAL-03984,11,11,approved,2024-09-07,2024-09-11
DEAL-03985,10,6,flagged,2026-01-02,2026-01-07
DEAL-03986,20,20,approved,2026-02-12,2026-02-13
DEAL-03987,11,11,approved,2024-05-27,2024-05-28
DEAL-03988,17,17,approved,2025-10-21,2025-10-25
DEAL-03989,20,14,pending,2026-03-30,2026-04-11
DEAL-03990,20,20,approved,2024-04-14,2024-04-16
DEAL-03991,11,11,approved,2025-09-27,2025-10-02
DEAL-03992,20,20,approved,2025-04-13,2025-04-15
DEAL-03993,19,19,approved,2025-05-05,2025-05-10
DEAL-03994,16,12,pending,2025-06-24,2025-06-26
DEAL-03995,16,16,approved,2025-03-25,2025-03-28
DEAL-03996,10,10,approved,2024-02-07,2024-02-12
DEAL-03997,18,18,approved,2024-06-09,2024-06-13
DEAL-03998,18,4,pending,2026-04-25,2026-04-30
DEAL-03999,17,17,approved,2025-06-27,2025-07-02
DEAL-04000,9,9,approved,2025-09-08,2025-09-11
DEAL-04001,9,1,pending,2026-03-29,2026-04-09
DEAL-04002,9,9,approved,2025-07-27,2025-07-30
DEAL-04003,14,14,approved,2026-04-16,2026-04-19
DEAL-04004,17,17,approved,2024-11-25,2024-11-30
DEAL-04005,15,15,approved,2024-07-24,2024-07-28
DEAL-04006,11,11,approved,2024-04-01,2024-04-05
DEAL-04007,14,14,approved,2025-02-13,2025-02-17
DEAL-04008,10,10,approved,2024-06-13,2024-06-14
DEAL-04009,9,9,approved,2025-06-22,2025-06-26
DEAL-04010,13,11,pending,2026-05-21,2026-05-23
DEAL-04011,12,12,approved,2026-03-14,2026-03-16
DEAL-04012,19,15,pending,2025-01-22,2025-01-26
DEAL-04013,17,7,approved,2025-06-09,2025-06-19
DEAL-04014,9,6,flagged,2026-05-07,2026-05-10
DEAL-04015,16,16,approved,2025-07-26,2025-07-30
DEAL-04016,9,9,approved,2025-03-05,2025-03-09
DEAL-04017,18,3,pending,2025-04-12,2025-04-26
DEAL-04018,11,11,approved,2025-05-18,2025-05-23
DEAL-04019,9,9,approved,2025-04-11,2025-04-16
DEAL-04020,16,16,approved,2026-02-19,2026-02-23
DEAL-04021,14,14,approved,2025-06-25,2025-06-28
DEAL-04022,11,11,approved,2025-04-08,2025-04-13
DEAL-04023,12,12,approved,2024-10-28,2024-11-02
DEAL-04024,14,14,approved,2026-03-12,2026-03-13
DEAL-04025,14,14,approved,2024-02-15,2024-02-19
DEAL-04026,12,12,approved,2026-04-29,2026-05-04
DEAL-04027,11,11,approved,2026-02-13,2026-02-15
DEAL-04028,20,15,pending,2026-03-23,2026-04-04
DEAL-04029,20,20,approved,2024-11-04,2024-11-09
DEAL-04030,20,5,pending,2026-05-08,2026-05-14
DEAL-04031,14,9,pending,,
DEAL-04032,8,8,approved,2025-07-26,2025-07-28
DEAL-04033,15,15,approved,2025-05-13,2025-05-16
DEAL-04034,15,11,flagged,2026-05-12,2026-05-23
DEAL-04035,18,18,approved,2025-12-05,2025-12-08
DEAL-04036,16,16,approved,2025-03-11,2025-03-16
DEAL-04037,11,11,approved,2024-10-19,2024-10-20
DEAL-04038,20,12,pending,2025-08-22,2025-09-04
DEAL-04039,8,8,approved,2024-10-02,2024-10-05
DEAL-04040,19,4,pending,2025-12-24,2026-01-03
DEAL-04041,17,17,approved,2025-05-14,2025-05-16
DEAL-04042,17,10,flagged,2025-05-28,2025-06-06
DEAL-04043,9,9,approved,2026-04-01,2026-04-06
DEAL-04044,17,17,approved,2025-05-12,2025-05-15
DEAL-04045,18,3,flagged,2025-05-16,2025-05-25
DEAL-04046,9,9,approved,2024-10-29,2024-10-31
DEAL-04047,17,4,flagged,2024-06-05,2024-06-12
DEAL-04048,17,17,approved,2025-09-15,2025-09-19
DEAL-04049,12,1,flagged,2025-11-24,2025-11-29
DEAL-04050,10,10,approved,2025-01-04,2025-01-08
DEAL-04051,12,2,pending,2025-07-29,2025-08-05
DEAL-04052,9,9,approved,2026-04-27,2026-05-02
DEAL-04053,18,14,flagged,2024-11-19,2024-11-29
DEAL-04054,15,13,flagged,,
DEAL-04055,20,20,approved,2026-04-29,2026-05-02
DEAL-04056,18,18,approved,2025-12-30,2026-01-03
DEAL-04057,9,9,approved,2025-03-31,2025-04-03
DEAL-04058,20,15,approved,2026-03-13,2026-03-18
DEAL-04059,14,14,approved,2026-04-19,2026-04-23
DEAL-04060,17,17,approved,2026-04-15,2026-04-20
DEAL-04061,20,17,pending,2024-08-06,2024-08-08
DEAL-04062,8,8,approved,2025-02-18,2025-02-22
DEAL-04063,11,11,approved,2024-05-23,2024-05-28
DEAL-04064,8,8,approved,2024-11-29,2024-12-02
DEAL-04065,14,10,pending,2025-02-05,2025-02-12
DEAL-04066,16,8,flagged,2026-03-28,2026-04-08
DEAL-04067,18,18,approved,2025-10-12,2025-10-17
DEAL-04068,18,18,approved,2024-04-12,2024-04-16
DEAL-04069,17,17,approved,2026-04-20,2026-04-24
DEAL-04070,16,16,approved,2025-04-09,2025-04-10
DEAL-04071,15,15,approved,2025-01-15,2025-01-16
DEAL-04072,18,18,approved,2025-06-19,2025-06-24
DEAL-04073,18,18,approved,2024-02-13,2024-02-14
DEAL-04074,15,15,approved,2024-05-16,2024-05-17
DEAL-04075,15,15,approved,2025-02-13,2025-02-18
DEAL-04076,8,8,approved,2024-07-13,2024-07-17
DEAL-04077,12,12,approved,2025-05-12,2025-05-16
DEAL-04078,8,7,approved,2025-07-24,2025-07-26
DEAL-04079,20,20,approved,2025-09-23,2025-09-26
DEAL-04080,15,9,pending,2026-04-22,2026-05-01
DEAL-04081,12,4,pending,,
DEAL-04082,18,18,approved,2024-07-23,2024-07-25
DEAL-04083,8,3,flagged,2026-03-01,2026-03-15
DEAL-04084,14,6,flagged,2025-04-30,2025-05-07
DEAL-04085,11,6,flagged,2026-04-21,2026-05-02
DEAL-04086,17,10,flagged,2025-04-15,2025-04-24
DEAL-04087,20,20,approved,2024-08-05,2024-08-09
DEAL-04088,9,1,approved,2025-08-11,2025-08-22
DEAL-04089,9,9,approved,2025-02-15,2025-02-20
DEAL-04090,20,20,approved,2025-12-07,2025-12-11
DEAL-04091,10,10,approved,2024-03-26,2024-03-30
DEAL-04092,16,16,approved,2024-08-04,2024-08-08
DEAL-04093,17,4,flagged,2024-03-26,2024-04-03
DEAL-04094,8,4,flagged,2024-07-24,2024-07-31
DEAL-04095,18,9,pending,2024-05-02,2024-05-07
DEAL-04096,9,9,approved,2026-05-05,2026-05-10
DEAL-04097,12,2,approved,2025-08-08,2025-08-20
DEAL-04098,17,17,approved,2025-07-20,2025-07-22
DEAL-04099,9,6,flagged,2024-12-13,2024-12-19
DEAL-04100,10,10,approved,2024-10-24,2024-10-27
DEAL-04101,19,19,approved,2025-06-12,2025-06-13
DEAL-04102,12,12,approved,2026-04-05,2026-04-10
DEAL-04103,8,8,approved,2024-11-08,2024-11-13
DEAL-04104,16,16,approved,2025-08-25,2025-08-30
DEAL-04105,10,10,approved,2024-03-18,2024-03-23
DEAL-04106,14,5,pending,2024-12-04,2024-12-06
DEAL-04107,17,17,approved,2025-03-23,2025-03-28
DEAL-04108,20,20,approved,2024-06-06,2024-06-08
DEAL-04109,10,10,approved,2025-02-08,2025-02-13
DEAL-04110,9,9,approved,2025-01-24,2025-01-26
DEAL-04111,19,16,flagged,2024-10-09,2024-10-14
DEAL-04112,19,19,approved,2025-04-23,2025-04-25
DEAL-04113,17,17,approved,2026-02-14,2026-02-18
DEAL-04114,18,18,approved,2025-08-15,2025-08-19
DEAL-04115,15,15,approved,2025-06-20,2025-06-21
DEAL-04116,17,17,approved,2024-08-30,2024-09-02
DEAL-04117,12,12,approved,2025-08-26,2025-08-28
DEAL-04118,8,8,approved,2026-01-23,2026-01-24
DEAL-04119,8,2,flagged,2025-01-12,2025-01-24
DEAL-04120,20,2,pending,2024-12-31,2025-01-11
DEAL-04121,17,17,approved,2024-08-29,2024-09-01
DEAL-04122,8,8,approved,2025-06-21,2025-06-23
DEAL-04123,11,11,approved,2024-03-04,2024-03-08
DEAL-04124,18,18,approved,2024-03-28,2024-03-30
DEAL-04125,14,14,approved,2024-03-21,2024-03-25
DEAL-04126,12,12,approved,2025-05-25,2025-05-29
DEAL-04127,12,12,approved,2025-04-07,2025-04-12
DEAL-04128,12,2,pending,2026-03-09,2026-03-19
DEAL-04129,8,8,approved,2025-06-12,2025-06-14
DEAL-04130,12,12,approved,2024-06-02,2024-06-05
DEAL-04131,11,11,approved,2024-04-09,2024-04-13
DEAL-04132,20,20,approved,2025-09-05,2025-09-10
DEAL-04133,18,18,approved,2025-07-16,2025-07-20
DEAL-04134,9,9,approved,2024-04-09,2024-04-12
DEAL-04135,12,12,approved,2025-07-14,2025-07-18
DEAL-04136,11,11,approved,2024-03-17,2024-03-22
DEAL-04137,11,11,approved,2026-01-08,2026-01-09
DEAL-04138,10,10,approved,2025-07-07,2025-07-11
DEAL-04139,12,8,pending,2026-05-20,2026-06-03
DEAL-04140,8,8,approved,2025-10-03,2025-10-04
DEAL-04141,20,20,approved,2024-06-23,2024-06-24
DEAL-04142,19,19,approved,2026-01-07,2026-01-10
DEAL-04143,15,0,flagged,2026-03-26,
DEAL-04144,11,11,approved,2025-04-18,2025-04-21
DEAL-04145,17,16,flagged,2024-05-05,2024-05-09
DEAL-04146,20,20,approved,2025-08-06,2025-08-09
DEAL-04147,11,11,approved,2026-05-03,2026-05-07
DEAL-04148,9,9,approved,2026-03-31,2026-04-05
DEAL-04149,19,16,approved,2025-04-17,2025-04-19
DEAL-04150,17,15,pending,,
DEAL-04151,16,12,pending,2024-07-18,2024-07-29
DEAL-04152,11,11,approved,2025-07-29,2025-08-01
DEAL-04153,12,12,approved,2024-07-10,2024-07-15
DEAL-04154,20,20,approved,2026-03-03,2026-03-07
DEAL-04155,11,11,approved,2026-04-23,2026-04-28
DEAL-04156,15,1,approved,2025-05-07,2025-05-13
DEAL-04157,12,12,approved,2025-07-07,2025-07-10
DEAL-04158,16,16,approved,2024-05-28,2024-06-01
DEAL-04159,13,4,flagged,2024-07-03,2024-07-16
DEAL-04160,12,12,approved,2025-10-09,2025-10-10
DEAL-04161,9,3,pending,2024-04-07,2024-04-10
DEAL-04162,16,16,approved,2025-03-05,2025-03-08
DEAL-04163,20,20,approved,2025-06-20,2025-06-21
DEAL-04164,10,10,approved,2025-09-29,2025-10-04
DEAL-04165,17,17,approved,2024-12-25,2024-12-30
DEAL-04166,14,14,approved,2026-03-28,2026-03-30
DEAL-04167,12,1,flagged,2025-07-28,2025-08-05
DEAL-04168,9,4,flagged,2025-07-19,2025-07-26
DEAL-04169,12,9,pending,2024-06-30,2024-07-06
DEAL-04170,8,8,approved,2025-04-27,2025-05-01
DEAL-04171,16,16,approved,2024-10-17,2024-10-19
DEAL-04172,8,2,flagged,2026-03-03,2026-03-07
DEAL-04173,13,13,approved,2025-03-09,2025-03-14
DEAL-04174,18,18,approved,2024-06-19,2024-06-20
DEAL-04175,8,8,approved,2026-04-01,2026-04-04
DEAL-04176,12,12,approved,2026-02-26,2026-03-01
DEAL-04177,15,15,approved,2024-06-23,2024-06-24
DEAL-04178,20,20,approved,2024-06-18,2024-06-22
DEAL-04179,15,15,approved,2024-07-31,2024-08-05
DEAL-04180,8,2,pending,2025-07-25,2025-07-31
DEAL-04181,8,2,approved,2024-04-12,2024-04-25
DEAL-04182,17,17,approved,2025-05-05,2025-05-09
DEAL-04183,10,10,approved,2025-05-28,2025-06-02
DEAL-04184,19,19,approved,2026-01-22,2026-01-25
DEAL-04185,8,8,approved,2024-07-07,2024-07-12
DEAL-04186,19,10,pending,2026-03-18,2026-03-26
DEAL-04187,9,9,approved,2025-11-15,2025-11-17
DEAL-04188,16,5,pending,2026-03-03,2026-03-13
DEAL-04189,13,12,flagged,2025-10-31,2025-11-04
DEAL-04190,9,6,flagged,2025-01-01,2025-01-06
DEAL-04191,16,16,approved,2024-01-31,2024-02-02
DEAL-04192,13,13,approved,2025-06-12,2025-06-15
DEAL-04193,16,4,flagged,2025-10-05,2025-10-12
DEAL-04194,19,19,approved,2025-03-02,2025-03-05
DEAL-04195,15,12,flagged,2026-01-27,2026-01-31
DEAL-04196,19,19,approved,2024-11-25,2024-11-29
DEAL-04197,8,8,pending,2024-03-26,2024-03-30
DEAL-04198,10,10,approved,2025-11-07,2025-11-09
DEAL-04199,10,10,approved,2024-11-22,2024-11-24
DEAL-04200,19,19,approved,2026-05-10,2026-05-11
DEAL-04201,10,9,approved,2024-04-22,2024-04-27
DEAL-04202,20,3,pending,2024-03-03,2024-03-17
DEAL-04203,15,15,approved,2026-04-05,2026-04-06
DEAL-04204,17,17,approved,2024-02-25,2024-02-27
DEAL-04205,8,3,approved,2024-05-23,2024-05-31
DEAL-04206,19,8,approved,2026-02-10,2026-02-16
DEAL-04207,9,9,approved,2026-03-23,2026-03-27
DEAL-04208,17,17,approved,2025-12-14,2025-12-18
DEAL-04209,18,18,approved,2025-03-12,2025-03-14
DEAL-04210,13,12,approved,2025-03-20,2025-03-22
DEAL-04211,16,16,approved,2025-01-01,2025-01-04
DEAL-04212,10,10,approved,2026-04-27,2026-04-30
DEAL-04213,16,2,approved,2025-03-31,2025-04-13
DEAL-04214,15,15,approved,2026-03-13,2026-03-14
DEAL-04215,10,10,approved,2025-03-19,2025-03-21
DEAL-04216,17,17,approved,2025-10-10,2025-10-14
DEAL-04217,12,12,approved,2024-05-10,2024-05-11
DEAL-04218,14,2,pending,2024-09-12,2024-09-21
DEAL-04219,10,6,pending,2026-03-23,2026-03-28
DEAL-04220,19,19,approved,2025-08-13,2025-08-16
DEAL-04221,14,14,approved,2026-01-31,2026-02-05
DEAL-04222,11,3,flagged,2024-12-19,2024-12-21
DEAL-04223,10,10,approved,2025-08-16,2025-08-18
DEAL-04224,13,13,approved,2024-11-30,2024-12-05
DEAL-04225,14,14,approved,2026-04-18,2026-04-22
DEAL-04226,10,10,approved,2026-05-15,2026-05-20
DEAL-04227,10,10,approved,2025-01-18,2025-01-21
DEAL-04228,12,4,flagged,2025-07-06,2025-07-08
DEAL-04229,11,11,approved,2026-04-11,2026-04-12
DEAL-04230,9,9,approved,2026-05-13,2026-05-17
DEAL-04231,13,13,approved,2026-03-09,2026-03-12
DEAL-04232,19,19,approved,2025-07-03,2025-07-08
DEAL-04233,11,11,approved,2024-08-21,2024-08-23
DEAL-04234,9,9,approved,2026-04-03,2026-04-07
DEAL-04235,18,18,approved,2025-02-17,2025-02-19
DEAL-04236,10,10,approved,2025-05-15,2025-05-16
DEAL-04237,12,12,approved,2024-06-13,2024-06-16
DEAL-04238,9,9,approved,2026-03-11,2026-03-13
DEAL-04239,19,19,approved,2025-07-24,2025-07-25
DEAL-04240,14,14,approved,2025-06-20,2025-06-25
DEAL-04241,15,15,approved,2026-03-18,2026-03-23
DEAL-04242,10,3,flagged,2024-03-30,2024-04-07
DEAL-04243,16,16,approved,2026-05-15,2026-05-17
DEAL-04244,14,2,approved,2026-03-24,2026-04-05
DEAL-04245,8,5,pending,2025-08-26,2025-09-04
DEAL-04246,19,19,approved,2025-07-18,2025-07-20
DEAL-04247,17,17,approved,2024-09-13,2024-09-16
DEAL-04248,9,5,pending,2026-03-04,2026-03-17
DEAL-04249,10,10,approved,2024-05-10,2024-05-15
DEAL-04250,13,3,pending,2025-03-15,2025-03-17
DEAL-04251,13,13,approved,2024-06-21,2024-06-22
DEAL-04252,10,10,approved,2024-10-08,2024-10-13
DEAL-04253,11,2,pending,2026-01-01,2026-01-14
DEAL-04254,15,15,approved,2026-01-22,2026-01-27
DEAL-04255,14,6,pending,2026-03-21,2026-03-29
DEAL-04256,11,11,approved,2024-04-16,2024-04-19
DEAL-04257,17,17,approved,2024-10-20,2024-10-21
DEAL-04258,19,19,approved,2024-12-09,2024-12-11
DEAL-04259,14,14,approved,2024-11-22,2024-11-26
DEAL-04260,9,9,approved,2025-12-10,2025-12-15
DEAL-04261,13,13,approved,2024-06-30,2024-07-04
DEAL-04262,20,5,approved,,
DEAL-04263,16,16,approved,2026-03-09,2026-03-13
DEAL-04264,13,13,approved,2026-01-10,2026-01-12
DEAL-04265,9,3,approved,2024-07-24,2024-07-27
DEAL-04266,15,15,approved,2024-03-01,2024-03-02
DEAL-04267,17,8,pending,2025-01-02,2025-01-04
DEAL-04268,14,14,approved,2025-06-16,2025-06-20
DEAL-04269,20,20,approved,2024-08-08,2024-08-11
DEAL-04270,16,16,approved,2024-10-07,2024-10-10
DEAL-04271,16,16,approved,2025-07-31,2025-08-02
DEAL-04272,17,5,pending,2024-11-25,2024-12-07
DEAL-04273,15,15,approved,2025-10-08,2025-10-12
DEAL-04274,18,2,pending,2025-11-14,2025-11-23
DEAL-04275,15,15,approved,2024-10-30,2024-11-04
DEAL-04276,13,13,approved,2024-09-18,2024-09-19
DEAL-04277,19,19,approved,2025-03-08,2025-03-11
DEAL-04278,11,11,approved,2024-07-18,2024-07-20
DEAL-04279,11,11,approved,2026-04-25,2026-04-26
DEAL-04280,8,3,flagged,2025-11-16,2025-11-29
DEAL-04281,15,15,approved,2024-06-19,2024-06-22
DEAL-04282,16,16,approved,2025-04-14,2025-04-19
DEAL-04283,18,7,pending,,
DEAL-04284,16,16,approved,2024-12-13,2024-12-15
DEAL-04285,16,9,approved,2025-11-05,2025-11-16
DEAL-04286,11,11,approved,2025-01-11,2025-01-15
DEAL-04287,13,3,flagged,2025-12-12,2025-12-24
DEAL-04288,10,10,approved,2024-09-07,2024-09-12
DEAL-04289,16,16,approved,2024-05-15,2024-05-16
DEAL-04290,11,11,approved,2025-08-25,2025-08-27
DEAL-04291,15,15,approved,2025-12-28,2025-12-29
DEAL-04292,16,16,approved,2025-02-14,2025-02-18
DEAL-04293,20,20,approved,2024-11-28,2024-12-01
DEAL-04294,10,10,approved,2026-05-07,2026-05-10
DEAL-04295,19,19,approved,2026-05-14,2026-05-16
DEAL-04296,10,10,approved,2025-08-29,2025-09-01
DEAL-04297,9,9,approved,2025-08-20,2025-08-21
DEAL-04298,15,15,flagged,2025-07-20,2025-07-24
DEAL-04299,20,20,approved,2024-12-23,2024-12-24
DEAL-04300,18,18,approved,2025-06-10,2025-06-11
DEAL-04301,10,10,approved,2025-04-10,2025-04-13
DEAL-04302,8,8,approved,2025-05-31,2025-06-04
DEAL-04303,19,19,approved,2026-01-19,2026-01-21
DEAL-04304,15,15,approved,2024-08-30,2024-09-02
DEAL-04305,8,8,approved,2024-09-22,2024-09-25
DEAL-04306,15,15,approved,2025-06-19,2025-06-22
DEAL-04307,19,19,approved,2026-04-29,2026-05-04
DEAL-04308,11,11,approved,2024-08-16,2024-08-19
DEAL-04309,13,13,approved,2025-07-21,2025-07-26
DEAL-04310,13,7,flagged,2026-02-26,2026-03-02
DEAL-04311,8,8,approved,2024-09-27,2024-09-29
DEAL-04312,17,17,approved,2024-04-19,2024-04-24
DEAL-04313,10,4,approved,2024-05-18,2024-06-01
DEAL-04314,19,19,approved,2024-08-02,2024-08-03
DEAL-04315,13,12,pending,2024-09-02,2024-09-07
DEAL-04316,12,12,approved,2026-02-06,2026-02-11
DEAL-04317,8,8,approved,2024-08-23,2024-08-28
DEAL-04318,18,16,approved,2024-06-25,2024-06-29
DEAL-04319,16,16,approved,2026-03-08,2026-03-12
DEAL-04320,19,19,approved,2026-03-11,2026-03-12
DEAL-04321,16,16,approved,2025-04-19,2025-04-21
DEAL-04322,14,7,approved,2025-07-13,2025-07-15
DEAL-04323,14,14,approved,2026-05-09,2026-05-13
DEAL-04324,10,10,approved,2026-04-27,2026-05-02
DEAL-04325,15,15,approved,2025-05-06,2025-05-08
DEAL-04326,18,18,approved,2026-03-21,2026-03-24
DEAL-04327,9,9,approved,2026-02-05,2026-02-07
DEAL-04328,8,8,approved,2025-06-29,2025-07-03
DEAL-04329,8,4,pending,2024-10-18,2024-10-20
DEAL-04330,14,14,approved,2025-07-23,2025-07-26
DEAL-04331,16,16,approved,2026-05-11,2026-05-13
DEAL-04332,18,18,approved,2026-02-14,2026-02-18
DEAL-04333,9,9,approved,2024-11-12,2024-11-15
DEAL-04334,20,4,flagged,2024-05-20,2024-06-01
DEAL-04335,12,12,approved,2026-04-28,2026-05-02
DEAL-04336,16,16,approved,2024-10-31,2024-11-02
DEAL-04337,11,11,approved,2026-03-29,2026-04-01
DEAL-04338,9,5,flagged,2025-02-01,2025-02-05
DEAL-04339,14,14,approved,2026-03-04,2026-03-05
DEAL-04340,11,11,approved,2026-03-15,2026-03-19
DEAL-04341,17,17,approved,2025-09-14,2025-09-15
DEAL-04342,11,11,approved,2026-03-09,2026-03-10
DEAL-04343,14,14,approved,2026-04-05,2026-04-08
DEAL-04344,15,15,approved,2026-01-12,2026-01-17
DEAL-04345,10,10,approved,2026-05-17,2026-05-22
DEAL-04346,10,10,approved,2026-02-01,2026-02-03
DEAL-04347,14,14,approved,2026-04-13,2026-04-18
DEAL-04348,19,19,approved,2025-06-17,2025-06-19
DEAL-04349,17,17,approved,2025-02-02,2025-02-05
DEAL-04350,18,18,approved,2025-01-27,2025-01-31
DEAL-04351,12,12,approved,2024-10-01,2024-10-03
DEAL-04352,12,5,pending,,
DEAL-04353,8,8,approved,2025-02-06,2025-02-10
DEAL-04354,20,5,flagged,2026-03-07,2026-03-19
DEAL-04355,8,8,approved,2026-05-08,2026-05-12
DEAL-04356,17,9,pending,2024-10-03,2024-10-15
DEAL-04357,8,8,approved,2026-01-31,2026-02-04
DEAL-04358,20,20,approved,2024-08-22,2024-08-24
DEAL-04359,13,13,approved,2026-04-28,2026-05-03
DEAL-04360,12,7,flagged,2024-11-29,2024-12-11
DEAL-04361,17,17,approved,2026-03-07,2026-03-09
DEAL-04362,11,11,approved,2025-03-19,2025-03-21
DEAL-04363,16,16,approved,2024-08-24,2024-08-28
DEAL-04364,17,17,approved,2024-07-03,2024-07-07
DEAL-04365,10,10,approved,2024-07-19,2024-07-21
DEAL-04366,20,20,approved,2025-07-26,2025-07-29
DEAL-04367,14,14,approved,2026-01-20,2026-01-24
DEAL-04368,12,12,approved,2026-01-12,2026-01-15
DEAL-04369,19,4,approved,2024-08-30,2024-09-04
DEAL-04370,11,11,approved,2026-04-26,2026-05-01
DEAL-04371,15,15,approved,2026-01-31,2026-02-05
DEAL-04372,19,19,approved,2024-10-09,2024-10-10
DEAL-04373,17,17,approved,2025-09-20,2025-09-23
DEAL-04374,17,17,approved,2025-11-08,2025-11-11
DEAL-04375,13,8,flagged,2024-03-23,2024-04-06
DEAL-04376,17,17,approved,2026-01-09,2026-01-11
DEAL-04377,16,8,flagged,2026-03-05,2026-03-09
DEAL-04378,13,13,approved,2026-02-23,2026-02-24
DEAL-04379,20,20,approved,2024-08-14,2024-08-15
DEAL-04380,17,17,approved,2025-07-14,2025-07-18
DEAL-04381,14,14,approved,2025-01-04,2025-01-05
DEAL-04382,13,13,approved,2024-08-25,2024-08-27
DEAL-04383,13,13,approved,2026-03-05,2026-03-08
DEAL-04384,17,17,approved,2025-03-18,2025-03-21
DEAL-04385,17,17,approved,2025-04-10,2025-04-15
DEAL-04386,18,18,approved,2025-02-18,2025-02-19
DEAL-04387,12,12,approved,2024-07-26,2024-07-29
DEAL-04388,8,8,approved,2025-01-11,2025-01-16
DEAL-04389,11,11,approved,2024-05-03,2024-05-05
DEAL-04390,9,9,approved,2024-10-31,2024-11-03
DEAL-04391,11,11,approved,2025-09-26,2025-09-28
DEAL-04392,20,11,pending,2024-10-19,2024-10-27
DEAL-04393,14,12,flagged,2024-06-24,2024-06-26
DEAL-04394,19,19,approved,2024-07-29,2024-08-03
DEAL-04395,20,20,approved,2025-01-28,2025-01-31
DEAL-04396,17,6,approved,2025-02-01,2025-02-14
DEAL-04397,16,7,flagged,2025-07-08,2025-07-16
DEAL-04398,13,13,approved,2024-05-02,2024-05-03
DEAL-04399,10,10,approved,2024-04-28,2024-05-02
DEAL-04400,11,5,flagged,2024-11-16,2024-11-21
DEAL-04401,11,11,approved,2024-06-22,2024-06-24
DEAL-04402,20,20,approved,2024-05-14,2024-05-17
DEAL-04403,8,8,approved,2026-03-25,2026-03-27
DEAL-04404,13,13,approved,2025-08-21,2025-08-25
DEAL-04405,19,19,approved,2025-02-17,2025-02-19
DEAL-04406,13,5,pending,2024-11-01,2024-11-05
DEAL-04407,10,10,approved,2025-10-14,2025-10-19
DEAL-04408,18,18,approved,2025-08-12,2025-08-17
DEAL-04409,13,13,approved,2025-11-21,2025-11-23
DEAL-04410,15,15,approved,2024-12-09,2024-12-10
DEAL-04411,9,9,pending,2025-09-27,2025-09-29
DEAL-04412,15,15,approved,2025-11-22,2025-11-27
DEAL-04413,20,20,approved,2025-11-26,2025-11-29
DEAL-04414,20,16,flagged,2025-05-04,2025-05-06
DEAL-04415,18,18,approved,2026-03-05,2026-03-07
DEAL-04416,10,5,flagged,,
DEAL-04417,14,14,approved,2025-03-12,2025-03-15
DEAL-04418,18,18,approved,2025-01-16,2025-01-20
DEAL-04419,14,14,approved,2025-11-30,2025-12-02
DEAL-04420,20,20,approved,2024-11-25,2024-11-27
DEAL-04421,8,4,flagged,2024-03-31,2024-04-08
DEAL-04422,20,20,approved,2026-04-12,2026-04-13
DEAL-04423,17,5,approved,2025-09-27,2025-10-05
DEAL-04424,15,15,approved,2026-03-19,2026-03-24
DEAL-04425,12,12,approved,2024-09-29,2024-10-03
DEAL-04426,10,5,flagged,2024-03-25,2024-03-31
DEAL-04427,15,10,flagged,2025-01-19,2025-01-24
DEAL-04428,13,13,approved,2025-06-26,2025-06-29
DEAL-04429,16,2,approved,2025-06-14,2025-06-19
DEAL-04430,10,10,approved,2025-02-05,2025-02-08
DEAL-04431,13,13,approved,2024-09-14,2024-09-18
DEAL-04432,20,20,approved,2026-03-25,2026-03-26
DEAL-04433,17,17,approved,2026-03-07,2026-03-11
DEAL-04434,14,14,approved,2026-04-04,2026-04-05
DEAL-04435,13,4,approved,,
DEAL-04436,9,9,approved,2026-04-07,2026-04-09
DEAL-04437,18,10,pending,2024-06-11,2024-06-23
DEAL-04438,13,13,pending,2025-06-17,2025-06-19
DEAL-04439,8,8,approved,2025-09-06,2025-09-09
DEAL-04440,14,14,approved,2026-03-26,2026-03-29
DEAL-04441,8,8,approved,2026-01-16,2026-01-19
DEAL-04442,17,14,flagged,2026-04-09,2026-04-11
DEAL-04443,19,10,approved,2024-11-21,2024-12-05
DEAL-04444,20,6,flagged,,
DEAL-04445,16,3,flagged,2024-05-03,2024-05-10
DEAL-04446,11,11,approved,2024-04-18,2024-04-22
DEAL-04447,15,15,approved,2026-01-28,2026-02-01
DEAL-04448,20,20,approved,2024-11-25,2024-11-30
DEAL-04449,13,13,approved,2025-09-07,2025-09-12
DEAL-04450,15,15,approved,2025-11-11,2025-11-14
DEAL-04451,15,15,approved,2025-01-27,2025-01-28
DEAL-04452,16,16,flagged,2024-05-08,2024-05-12
DEAL-04453,11,11,approved,2025-12-04,2025-12-07
DEAL-04454,13,5,flagged,2025-03-27,2025-04-07
DEAL-04455,13,0,flagged,2025-01-19,
DEAL-04456,15,15,approved,2024-10-18,2024-10-21
DEAL-04457,10,10,approved,2024-04-23,2024-04-27
DEAL-04458,20,20,approved,2024-03-31,2024-04-03
DEAL-04459,12,12,approved,2024-06-17,2024-06-21
DEAL-04460,10,6,pending,2025-06-29,2025-07-11
DEAL-04461,16,16,approved,2025-10-05,2025-10-07
DEAL-04462,15,15,approved,2026-05-16,2026-05-21
DEAL-04463,10,10,approved,2025-01-20,2025-01-21
DEAL-04464,14,14,approved,2026-05-02,2026-05-05
DEAL-04465,12,12,approved,2024-12-14,2024-12-17
DEAL-04466,16,16,approved,2024-08-11,2024-08-14
DEAL-04467,12,12,approved,2024-11-25,2024-11-30
DEAL-04468,11,11,approved,2025-08-24,2025-08-29
DEAL-04469,14,14,approved,2026-03-15,2026-03-18
DEAL-04470,8,8,approved,2024-11-24,2024-11-29
DEAL-04471,17,17,approved,2026-02-20,2026-02-24
DEAL-04472,10,10,approved,2025-06-08,2025-06-11
DEAL-04473,20,1,pending,2026-02-26,2026-03-05
DEAL-04474,16,16,approved,2024-09-12,2024-09-15
DEAL-04475,9,9,approved,2025-03-30,2025-04-01
DEAL-04476,14,14,approved,2024-12-28,2024-12-30
DEAL-04477,13,9,flagged,2025-05-20,2025-05-24
DEAL-04478,19,12,pending,2026-02-10,2026-02-14
DEAL-04479,11,5,pending,2024-08-26,2024-09-01
DEAL-04480,10,10,approved,2025-02-26,2025-03-03
DEAL-04481,8,8,approved,2025-06-03,2025-06-06
DEAL-04482,17,11,flagged,2026-02-21,2026-03-06
DEAL-04483,11,0,pending,2025-07-22,
DEAL-04484,14,14,approved,2026-05-17,2026-05-22
DEAL-04485,10,10,approved,2024-07-16,2024-07-17
DEAL-04486,9,2,pending,2024-07-25,2024-07-30
DEAL-04487,15,15,approved,2025-07-26,2025-07-29
DEAL-04488,17,17,approved,2026-04-19,2026-04-22
DEAL-04489,17,4,pending,2025-06-21,2025-06-27
DEAL-04490,20,20,approved,2026-05-06,2026-05-09
DEAL-04491,13,13,approved,2025-02-14,2025-02-16
DEAL-04492,8,8,approved,2026-04-28,2026-05-03
DEAL-04493,9,4,flagged,2024-12-02,2024-12-13
DEAL-04494,11,11,approved,2025-06-16,2025-06-17
DEAL-04495,9,9,approved,2025-01-07,2025-01-12
DEAL-04496,10,7,flagged,2025-08-30,2025-09-08
DEAL-04497,19,16,approved,2024-03-12,2024-03-15
DEAL-04498,18,18,approved,2024-12-19,2024-12-20
DEAL-04499,14,14,approved,2025-04-26,2025-04-28
DEAL-04500,10,10,approved,2025-05-06,2025-05-09
DEAL-04501,18,3,approved,2024-09-03,2024-09-14
DEAL-04502,18,18,approved,2024-09-16,2024-09-18
DEAL-04503,16,16,approved,2025-06-14,2025-06-17
DEAL-04504,14,14,approved,2025-11-06,2025-11-09
DEAL-04505,19,0,pending,2024-11-10,
DEAL-04506,14,14,approved,2025-05-05,2025-05-07
DEAL-04507,17,17,approved,2024-02-28,2024-03-04
DEAL-04508,14,14,approved,2024-03-22,2024-03-25
DEAL-04509,18,18,approved,2025-07-30,2025-08-02
DEAL-04510,20,20,approved,2024-08-01,2024-08-05
DEAL-04511,18,9,flagged,2025-01-31,2025-02-08
DEAL-04512,18,18,approved,2024-11-21,2024-11-23
DEAL-04513,10,10,approved,2025-12-01,2025-12-04
DEAL-04514,20,20,approved,2024-04-02,2024-04-04
DEAL-04515,10,1,pending,2026-04-16,2026-04-18
DEAL-04516,8,8,approved,2026-05-01,2026-05-06
DEAL-04517,15,4,flagged,2024-06-28,2024-07-12
DEAL-04518,9,9,pending,2024-08-17,2024-08-18
DEAL-04519,17,17,approved,2024-12-18,2024-12-19
DEAL-04520,9,2,flagged,2025-05-16,2025-05-26
DEAL-04521,17,5,pending,2025-05-23,2025-06-04
DEAL-04522,10,5,pending,2024-10-17,2024-10-28
DEAL-04523,9,9,approved,2025-11-25,2025-11-28
DEAL-04524,12,12,approved,2025-12-21,2025-12-22
DEAL-04525,10,10,approved,2025-11-18,2025-11-22
DEAL-04526,18,18,approved,2024-08-22,2024-08-27
DEAL-04527,19,19,approved,2025-05-13,2025-05-15
DEAL-04528,19,19,approved,2024-08-07,2024-08-10
DEAL-04529,20,20,approved,2024-03-29,2024-03-30
DEAL-04530,14,14,approved,2024-08-15,2024-08-20
DEAL-04531,17,8,pending,2025-07-25,2025-08-06
DEAL-04532,9,9,pending,,
DEAL-04533,15,15,approved,2025-09-15,2025-09-19
DEAL-04534,18,13,flagged,2024-12-02,2024-12-07
DEAL-04535,19,19,approved,2025-04-04,2025-04-08
DEAL-04536,16,16,approved,2024-07-01,2024-07-04
DEAL-04537,17,7,pending,2024-05-24,2024-06-05
DEAL-04538,18,18,approved,2025-06-14,2025-06-18
DEAL-04539,15,6,pending,2024-02-01,2024-02-08
DEAL-04540,19,19,approved,2025-02-09,2025-02-10
DEAL-04541,17,17,approved,2026-03-01,2026-03-04
DEAL-04542,19,12,pending,2026-05-07,2026-05-12
DEAL-04543,15,15,approved,2025-12-12,2025-12-14
DEAL-04544,10,10,approved,2025-11-20,2025-11-21
DEAL-04545,17,1,flagged,,
DEAL-04546,16,16,approved,2026-03-07,2026-03-11
DEAL-04547,16,5,pending,2025-10-09,2025-10-19
DEAL-04548,9,9,approved,2025-02-02,2025-02-04
DEAL-04549,12,0,flagged,2024-09-23,
DEAL-04550,11,11,approved,2026-02-18,2026-02-20
DEAL-04551,10,10,approved,2024-07-12,2024-07-14
DEAL-04552,20,20,approved,2024-08-09,2024-08-13
DEAL-04553,20,20,approved,2024-06-10,2024-06-14
DEAL-04554,20,20,approved,2025-07-22,2025-07-27
DEAL-04555,13,13,approved,2024-02-21,2024-02-24
DEAL-04556,20,20,approved,2025-07-11,2025-07-16
DEAL-04557,13,13,approved,2025-06-15,2025-06-20
DEAL-04558,15,11,flagged,2025-02-10,2025-02-16
DEAL-04559,8,8,approved,2024-07-24,2024-07-29
DEAL-04560,11,11,approved,2024-05-13,2024-05-18
DEAL-04561,13,13,approved,2024-05-22,2024-05-23
DEAL-04562,11,11,approved,2024-12-07,2024-12-09
DEAL-04563,12,12,approved,2025-10-10,2025-10-12
DEAL-04564,15,13,flagged,2026-03-24,2026-03-28
DEAL-04565,14,1,approved,2026-03-22,2026-04-03
DEAL-04566,19,19,approved,2024-07-08,2024-07-11
DEAL-04567,17,17,approved,2026-03-08,2026-03-10
DEAL-04568,17,17,approved,2026-04-10,2026-04-11
DEAL-04569,16,14,flagged,2025-09-05,2025-09-07
DEAL-04570,17,17,approved,2026-02-09,2026-02-11
DEAL-04571,9,9,approved,2024-08-12,2024-08-16
DEAL-04572,20,20,approved,2026-03-20,2026-03-25
DEAL-04573,15,9,approved,,
DEAL-04574,14,14,approved,2024-05-19,2024-05-21
DEAL-04575,17,17,approved,2024-04-14,2024-04-15
DEAL-04576,9,9,approved,2025-01-30,2025-02-03
DEAL-04577,16,16,approved,2026-05-17,2026-05-21
DEAL-04578,13,13,approved,2024-08-05,2024-08-07
DEAL-04579,8,8,flagged,2026-03-27,2026-03-28
DEAL-04580,12,12,approved,2026-03-28,2026-03-29
DEAL-04581,20,20,approved,2026-03-18,2026-03-19
DEAL-04582,17,0,pending,2025-01-07,
DEAL-04583,14,10,approved,,
DEAL-04584,15,15,approved,2025-04-26,2025-04-27
DEAL-04585,12,1,pending,2024-10-01,2024-10-11
DEAL-04586,20,20,approved,2026-04-26,2026-05-01
DEAL-04587,11,11,approved,2026-03-15,2026-03-18
DEAL-04588,16,16,approved,2026-03-11,2026-03-13
DEAL-04589,8,6,pending,2026-05-01,2026-05-05
DEAL-04590,12,12,approved,2025-04-23,2025-04-26
DEAL-04591,12,12,approved,2024-08-14,2024-08-19
DEAL-04592,8,8,approved,2026-04-15,2026-04-20
DEAL-04593,14,14,approved,2025-06-21,2025-06-26
DEAL-04594,20,20,approved,2024-10-15,2024-10-20
DEAL-04595,8,8,approved,2025-05-25,2025-05-30
DEAL-04596,16,16,approved,2026-01-11,2026-01-15
DEAL-04597,20,20,approved,2025-04-28,2025-04-29
DEAL-04598,15,12,flagged,2025-03-23,2025-03-27
DEAL-04599,19,19,approved,2026-03-02,2026-03-03
DEAL-04600,19,19,approved,2024-09-20,2024-09-24
DEAL-04601,14,14,approved,2025-08-24,2025-08-26
DEAL-04602,9,1,approved,2025-03-04,2025-03-07
DEAL-04603,8,8,approved,2024-09-15,2024-09-18
DEAL-04604,12,12,approved,2024-03-31,2024-04-04
DEAL-04605,13,13,approved,2025-06-07,2025-06-08
DEAL-04606,20,15,approved,2026-05-14,2026-05-18
DEAL-04607,10,7,pending,2024-12-31,2025-01-06
DEAL-04608,18,18,approved,2025-10-30,2025-10-31
DEAL-04609,19,19,approved,2025-12-13,2025-12-18
DEAL-04610,9,9,approved,2025-09-29,2025-09-30
DEAL-04611,20,10,approved,2024-03-21,2024-03-24
DEAL-04612,12,12,approved,2024-09-10,2024-09-11
DEAL-04613,10,10,approved,2025-05-26,2025-05-28
DEAL-04614,12,0,flagged,2026-01-29,
DEAL-04615,20,20,approved,2025-07-04,2025-07-06
DEAL-04616,9,4,pending,2024-10-24,2024-10-31
DEAL-04617,10,10,approved,2024-07-03,2024-07-04
DEAL-04618,16,16,approved,2026-04-16,2026-04-19
DEAL-04619,19,19,approved,2024-07-12,2024-07-15
DEAL-04620,18,2,pending,,
DEAL-04621,13,13,approved,2025-07-10,2025-07-13
DEAL-04622,20,20,approved,2024-05-01,2024-05-02
DEAL-04623,18,10,flagged,2024-04-26,2024-05-01
DEAL-04624,8,8,approved,2025-10-12,2025-10-15
DEAL-04625,9,9,approved,2025-06-16,2025-06-18
DEAL-04626,18,8,flagged,2025-06-28,2025-07-09
DEAL-04627,9,9,approved,2026-02-20,2026-02-22
DEAL-04628,15,15,approved,2024-09-27,2024-09-30
DEAL-04629,13,4,flagged,2025-03-15,2025-03-24
DEAL-04630,18,18,approved,2025-09-02,2025-09-06
DEAL-04631,11,11,approved,2025-07-27,2025-07-31
DEAL-04632,8,8,approved,2025-04-10,2025-04-13
DEAL-04633,9,3,pending,2024-08-18,2024-08-31
DEAL-04634,14,14,approved,2024-09-11,2024-09-14
DEAL-04635,17,17,approved,2025-09-15,2025-09-20
DEAL-04636,15,15,approved,2024-10-14,2024-10-19
DEAL-04637,10,10,approved,2025-07-24,2025-07-27
DEAL-04638,12,12,approved,2025-10-18,2025-10-20
DEAL-04639,17,17,approved,2025-02-28,2025-03-02
DEAL-04640,13,5,flagged,2025-11-25,2025-12-08
DEAL-04641,18,18,approved,2025-05-31,2025-06-03
DEAL-04642,13,13,approved,2026-01-25,2026-01-27
DEAL-04643,18,9,flagged,,
DEAL-04644,16,16,approved,2025-12-11,2025-12-13
DEAL-04645,18,18,approved,2026-04-11,2026-04-12
DEAL-04646,15,15,approved,2024-12-15,2024-12-16
DEAL-04647,10,10,approved,2024-09-18,2024-09-23
DEAL-04648,19,18,flagged,2025-01-02,2025-01-05
DEAL-04649,8,4,pending,2026-05-05,2026-05-16
DEAL-04650,11,4,pending,2024-05-27,2024-06-04
DEAL-04651,10,5,flagged,2025-04-02,2025-04-04
DEAL-04652,12,12,approved,2024-09-07,2024-09-10
DEAL-04653,18,2,flagged,2024-10-06,2024-10-10
DEAL-04654,12,12,approved,2024-10-10,2024-10-11
DEAL-04655,8,8,approved,2024-06-08,2024-06-10
DEAL-04656,11,11,approved,2024-05-03,2024-05-06
DEAL-04657,13,4,pending,2026-03-14,2026-03-22
DEAL-04658,9,2,flagged,2026-01-29,2026-02-06
DEAL-04659,15,15,approved,2026-05-06,2026-05-10
DEAL-04660,12,12,approved,2025-05-12,2025-05-15
DEAL-04661,19,19,approved,2026-04-23,2026-04-25
DEAL-04662,12,4,flagged,2026-01-12,2026-01-21
DEAL-04663,11,11,approved,2026-03-21,2026-03-24
DEAL-04664,12,9,pending,2026-04-11,2026-04-20
DEAL-04665,14,14,approved,2026-02-02,2026-02-04
DEAL-04666,13,11,pending,2025-12-06,2025-12-07
DEAL-04667,18,18,approved,2026-05-12,2026-05-14
DEAL-04668,18,18,approved,,
DEAL-04669,19,7,approved,2026-02-20,2026-03-04
DEAL-04670,10,10,approved,2024-05-08,2024-05-12
DEAL-04671,15,15,approved,2025-12-05,2025-12-09
DEAL-04672,20,13,flagged,2025-12-13,2025-12-20
DEAL-04673,16,16,approved,2024-04-19,2024-04-21
DEAL-04674,10,0,flagged,2024-07-10,
DEAL-04675,12,12,approved,2026-03-15,2026-03-18
DEAL-04676,12,12,approved,2025-12-15,2025-12-20
DEAL-04677,11,11,approved,2024-09-17,2024-09-18
DEAL-04678,11,11,approved,2024-05-29,2024-05-30
DEAL-04679,9,9,approved,2026-04-12,2026-04-16
DEAL-04680,20,20,approved,2024-04-17,2024-04-19
DEAL-04681,19,19,approved,2026-04-25,2026-04-27
DEAL-04682,16,16,approved,2025-12-10,2025-12-15
DEAL-04683,12,12,approved,2025-04-28,2025-05-03
DEAL-04684,15,15,approved,2026-03-23,2026-03-28
DEAL-04685,10,10,approved,2026-03-13,2026-03-18
DEAL-04686,10,0,approved,2026-05-17,
DEAL-04687,10,10,approved,2025-08-10,2025-08-14
DEAL-04688,15,15,approved,2025-01-18,2025-01-22
DEAL-04689,15,10,flagged,2024-07-29,2024-08-12
DEAL-04690,9,4,flagged,2026-04-14,2026-04-23
DEAL-04691,17,17,approved,2025-09-19,2025-09-23
DEAL-04692,9,9,approved,2025-02-20,2025-02-22
DEAL-04693,20,20,approved,2024-03-21,2024-03-23
DEAL-04694,10,10,approved,2024-11-08,2024-11-11
DEAL-04695,19,19,approved,2026-04-20,2026-04-22
DEAL-04696,16,6,flagged,2025-12-23,2025-12-30
DEAL-04697,12,4,flagged,2026-05-13,2026-05-21
DEAL-04698,10,10,approved,2024-02-22,2024-02-24
DEAL-04699,17,17,approved,2024-09-30,2024-10-02
DEAL-04700,10,10,approved,2024-04-15,2024-04-17
DEAL-04701,15,15,approved,2024-05-15,2024-05-17
DEAL-04702,11,8,flagged,2026-04-08,2026-04-11
DEAL-04703,17,17,approved,2025-06-17,2025-06-20
DEAL-04704,16,16,approved,2026-04-15,2026-04-18
DEAL-04705,14,14,approved,2025-11-30,2025-12-03
DEAL-04706,15,12,flagged,2026-03-18,2026-03-22
DEAL-04707,15,15,approved,2026-04-19,2026-04-24
DEAL-04708,9,9,approved,2024-11-21,2024-11-22
DEAL-04709,10,3,flagged,2024-04-21,2024-04-24
DEAL-04710,18,2,flagged,2025-06-07,2025-06-12
DEAL-04711,10,2,flagged,2024-12-23,2025-01-03
DEAL-04712,11,11,approved,2026-05-15,2026-05-18
DEAL-04713,8,8,approved,2025-05-02,2025-05-05
DEAL-04714,16,16,approved,2025-08-20,2025-08-22
DEAL-04715,16,7,pending,2025-05-10,2025-05-22
DEAL-04716,17,11,pending,2025-06-24,2025-06-30
DEAL-04717,15,15,approved,2025-12-19,2025-12-22
DEAL-04718,12,12,approved,2025-09-26,2025-09-27
DEAL-04719,10,10,approved,2025-02-16,2025-02-18
DEAL-04720,8,2,pending,2025-07-27,2025-08-08
DEAL-04721,13,13,approved,2025-07-15,2025-07-16
DEAL-04722,13,13,approved,2026-05-16,2026-05-17
DEAL-04723,19,19,approved,2026-02-25,2026-03-01
DEAL-04724,18,4,flagged,2025-11-21,2025-12-04
DEAL-04725,16,16,approved,2025-01-05,2025-01-09
DEAL-04726,10,0,flagged,2024-10-22,
DEAL-04727,15,11,approved,2024-10-22,2024-10-30
DEAL-04728,10,10,approved,2024-10-25,2024-10-30
DEAL-04729,17,8,approved,,
DEAL-04730,13,6,flagged,2024-10-01,2024-10-07
DEAL-04731,20,20,approved,2024-05-12,2024-05-14
DEAL-04732,16,5,pending,2025-10-15,2025-10-20
DEAL-04733,17,0,pending,2024-10-23,
DEAL-04734,14,1,flagged,2024-09-03,2024-09-15
DEAL-04735,19,19,approved,2024-11-07,2024-11-12
DEAL-04736,15,15,approved,2026-01-15,2026-01-16
DEAL-04737,9,9,approved,2025-02-02,2025-02-05
DEAL-04738,19,19,approved,2025-07-21,2025-07-24
DEAL-04739,11,11,flagged,2025-05-01,2025-05-06
DEAL-04740,12,12,approved,2024-05-06,2024-05-07
DEAL-04741,18,18,approved,2025-07-16,2025-07-18
DEAL-04742,16,12,approved,2026-03-21,2026-03-30
DEAL-04743,20,20,approved,2024-07-26,2024-07-29
DEAL-04744,10,5,flagged,2025-09-01,2025-09-03
DEAL-04745,16,16,approved,2024-05-31,2024-06-02
DEAL-04746,8,5,pending,2025-05-18,2025-05-23
DEAL-04747,15,3,pending,2025-05-07,2025-05-14
DEAL-04748,20,20,approved,2026-04-29,2026-05-02
DEAL-04749,18,11,pending,2025-06-01,2025-06-13
DEAL-04750,18,18,approved,2025-02-06,2025-02-08
DEAL-04751,13,13,approved,2024-08-23,2024-08-26
DEAL-04752,19,19,approved,2026-04-09,2026-04-14
DEAL-04753,13,13,approved,2026-03-18,2026-03-22
DEAL-04754,14,14,approved,2025-08-19,2025-08-23
DEAL-04755,17,12,flagged,2025-07-17,2025-07-24
DEAL-04756,8,6,approved,,
DEAL-04757,8,8,approved,2024-08-24,2024-08-28
DEAL-04758,8,8,approved,2026-05-01,2026-05-04
DEAL-04759,11,11,approved,2026-03-20,2026-03-24
DEAL-04760,18,18,approved,2024-08-08,2024-08-09
DEAL-04761,19,10,pending,2024-12-13,2024-12-26
DEAL-04762,12,12,approved,2025-10-18,2025-10-22
DEAL-04763,17,17,approved,2025-10-21,2025-10-22
DEAL-04764,17,17,approved,2026-03-10,2026-03-15
DEAL-04765,20,20,approved,2025-07-03,2025-07-04
DEAL-04766,17,0,flagged,2025-05-05,
DEAL-04767,10,10,approved,2025-09-08,2025-09-10
DEAL-04768,8,8,approved,2025-01-09,2025-01-14
DEAL-04769,18,18,approved,2025-10-07,2025-10-09
DEAL-04770,17,6,pending,2024-08-23,2024-08-25
DEAL-04771,13,13,approved,2024-11-22,2024-11-26
DEAL-04772,17,17,approved,2024-04-06,2024-04-08
DEAL-04773,8,8,approved,2024-10-18,2024-10-19
DEAL-04774,9,9,approved,2024-07-26,2024-07-27
DEAL-04775,19,19,approved,2026-04-10,2026-04-14
DEAL-04776,14,14,approved,2026-04-06,2026-04-11
DEAL-04777,18,18,approved,2025-05-06,2025-05-10
DEAL-04778,15,10,approved,2025-01-04,2025-01-10
DEAL-04779,19,13,approved,,
DEAL-04780,9,9,approved,2025-07-18,2025-07-19
DEAL-04781,18,16,approved,2024-05-30,2024-06-03
DEAL-04782,11,11,approved,2024-05-16,2024-05-20
DEAL-04783,19,19,approved,2025-04-16,2025-04-20
DEAL-04784,10,7,approved,2025-10-23,2025-10-31
DEAL-04785,12,8,pending,2025-04-14,2025-04-22
DEAL-04786,16,16,approved,2025-03-09,2025-03-12
DEAL-04787,15,15,approved,2025-04-22,2025-04-26
DEAL-04788,16,16,approved,2025-10-26,2025-10-29
DEAL-04789,11,11,approved,2025-03-11,2025-03-16
DEAL-04790,15,15,approved,2024-10-31,2024-11-01
DEAL-04791,10,0,approved,2026-01-22,
DEAL-04792,14,14,approved,2025-09-24,2025-09-25
DEAL-04793,11,11,approved,2025-09-30,2025-10-05
DEAL-04794,20,20,approved,2024-10-31,2024-11-04
DEAL-04795,17,17,approved,2025-05-18,2025-05-21
DEAL-04796,9,2,approved,2024-08-21,2024-09-04
DEAL-04797,14,14,approved,2025-12-11,2025-12-12
DEAL-04798,16,16,approved,2025-05-03,2025-05-08
DEAL-04799,9,9,approved,2025-08-23,2025-08-26
DEAL-04800,8,8,approved,2025-05-20,2025-05-22
DEAL-04801,20,20,approved,2025-06-30,2025-07-01
DEAL-04802,14,14,approved,2024-05-29,2024-06-01
DEAL-04803,20,1,flagged,2026-05-13,2026-05-25
DEAL-04804,17,11,flagged,2025-03-24,2025-03-31
DEAL-04805,10,10,approved,2024-09-01,2024-09-03
DEAL-04806,14,14,approved,2026-05-19,2026-05-22
DEAL-04807,10,10,approved,2026-03-25,2026-03-26
DEAL-04808,18,10,flagged,2024-09-19,2024-09-27
DEAL-04809,15,11,approved,2025-04-24,2025-04-29
DEAL-04810,9,9,approved,2026-04-02,2026-04-04
DEAL-04811,12,12,approved,2024-11-28,2024-11-29
DEAL-04812,19,19,approved,2025-04-25,2025-04-26
DEAL-04813,11,11,approved,2026-04-13,2026-04-17
DEAL-04814,16,16,approved,2026-03-02,2026-03-06
DEAL-04815,8,8,approved,2024-11-10,2024-11-12
DEAL-04816,8,8,approved,2024-01-31,2024-02-01
DEAL-04817,19,10,pending,2024-05-19,2024-05-22
DEAL-04818,14,14,approved,2025-07-10,2025-07-15
DEAL-04819,18,18,approved,2024-04-14,2024-04-17
DEAL-04820,17,17,approved,2024-08-15,2024-08-19
DEAL-04821,19,14,flagged,2026-01-15,2026-01-25
DEAL-04822,16,16,approved,2024-06-05,2024-06-06
DEAL-04823,16,16,approved,2025-09-03,2025-09-08
DEAL-04824,9,5,pending,2025-07-28,2025-08-06
DEAL-04825,13,13,approved,2024-11-21,2024-11-22
DEAL-04826,19,19,approved,2024-11-17,2024-11-21
DEAL-04827,11,11,approved,2024-05-12,2024-05-16
DEAL-04828,16,16,approved,2025-06-21,2025-06-23
DEAL-04829,20,20,approved,2025-01-18,2025-01-19
DEAL-04830,11,11,approved,2024-09-03,2024-09-05
DEAL-04831,10,6,pending,2025-09-03,2025-09-12
DEAL-04832,14,14,approved,2026-04-12,2026-04-16
DEAL-04833,10,10,approved,2026-03-13,2026-03-15
DEAL-04834,20,20,approved,2026-04-17,2026-04-21
DEAL-04835,18,12,flagged,2024-05-31,2024-06-08
DEAL-04836,12,12,approved,2026-04-28,2026-05-01
DEAL-04837,13,4,pending,2026-03-14,2026-03-28
DEAL-04838,19,19,approved,2024-10-03,2024-10-06
DEAL-04839,20,18,approved,2024-04-10,2024-04-13
DEAL-04840,10,6,approved,2026-04-02,2026-04-06
DEAL-04841,18,12,pending,2024-12-17,2024-12-28
DEAL-04842,11,11,approved,2024-08-11,2024-08-16
DEAL-04843,13,13,approved,2024-03-17,2024-03-21
DEAL-04844,20,20,approved,2026-04-29,2026-05-02
DEAL-04845,11,4,approved,2025-02-03,2025-02-14
DEAL-04846,13,13,approved,2024-06-13,2024-06-16
DEAL-04847,8,2,pending,2026-01-10,2026-01-18
DEAL-04848,14,14,approved,2024-04-08,2024-04-13
DEAL-04849,14,14,approved,2025-10-27,2025-10-30
DEAL-04850,9,9,approved,2025-09-21,2025-09-22
DEAL-04851,15,8,approved,2026-03-08,2026-03-17
DEAL-04852,10,10,approved,2026-03-12,2026-03-15
DEAL-04853,20,10,flagged,2024-10-14,2024-10-17
DEAL-04854,17,17,approved,2024-04-20,2024-04-25
DEAL-04855,11,11,approved,2024-07-01,2024-07-05
DEAL-04856,8,8,approved,2026-05-11,2026-05-12
DEAL-04857,20,12,flagged,2026-02-11,2026-02-20
DEAL-04858,20,20,approved,2026-05-19,2026-05-22
DEAL-04859,8,4,pending,2025-11-02,2025-11-12
DEAL-04860,15,15,approved,2025-02-21,2025-02-25
DEAL-04861,12,12,approved,2026-04-03,2026-04-05
DEAL-04862,19,19,approved,2025-08-09,2025-08-13
DEAL-04863,13,13,approved,2026-04-09,2026-04-13
DEAL-04864,19,19,approved,2026-03-07,2026-03-08
DEAL-04865,12,7,flagged,2026-04-23,2026-05-01
DEAL-04866,20,20,approved,2025-11-28,2025-11-30
DEAL-04867,18,5,pending,2026-03-23,2026-03-31
DEAL-04868,9,3,pending,2024-05-13,2024-05-18
DEAL-04869,14,14,approved,2024-06-22,2024-06-24
DEAL-04870,14,14,approved,2025-08-14,2025-08-16
DEAL-04871,11,11,approved,2024-09-12,2024-09-13
DEAL-04872,10,10,approved,2025-05-28,2025-05-29
DEAL-04873,19,19,approved,2024-05-07,2024-05-11
DEAL-04874,15,15,approved,2025-10-18,2025-10-20
DEAL-04875,14,14,approved,2025-01-05,2025-01-08
DEAL-04876,14,14,approved,2024-10-08,2024-10-11
DEAL-04877,19,14,flagged,2025-06-12,2025-06-14
DEAL-04878,9,9,approved,2025-05-18,2025-05-22
DEAL-04879,12,12,approved,2024-09-22,2024-09-23
DEAL-04880,14,14,approved,2024-06-11,2024-06-15
DEAL-04881,17,3,approved,2026-03-11,2026-03-20
DEAL-04882,15,15,approved,2025-10-29,2025-11-01
DEAL-04883,20,20,approved,2024-12-09,2024-12-14
DEAL-04884,18,15,flagged,2024-12-22,2024-12-26
DEAL-04885,16,16,approved,2026-02-13,2026-02-17
DEAL-04886,12,12,approved,2024-04-06,2024-04-08
DEAL-04887,9,9,approved,2025-01-25,2025-01-29
DEAL-04888,20,20,approved,2025-10-14,2025-10-19
DEAL-04889,11,11,approved,2024-07-07,2024-07-09
DEAL-04890,17,0,approved,2024-11-18,
DEAL-04891,16,16,approved,2024-08-02,2024-08-06
DEAL-04892,13,11,pending,,
DEAL-04893,8,5,pending,2024-05-07,2024-05-19
DEAL-04894,11,11,approved,2025-01-01,2025-01-02
DEAL-04895,18,18,approved,2026-03-15,2026-03-16
DEAL-04896,20,20,approved,2024-05-01,2024-05-05
DEAL-04897,18,18,approved,2025-01-09,2025-01-13
DEAL-04898,13,13,approved,2026-04-07,2026-04-09
DEAL-04899,11,11,approved,2025-04-09,2025-04-13
DEAL-04900,18,18,approved,2024-06-03,2024-06-07
DEAL-04901,18,18,approved,2025-04-13,2025-04-17
DEAL-04902,19,7,pending,2024-11-15,2024-11-25
DEAL-04903,14,9,flagged,2024-09-19,2024-10-03
DEAL-04904,15,7,flagged,2024-07-10,2024-07-16
DEAL-04905,17,7,flagged,2025-07-01,2025-07-09
DEAL-04906,8,8,approved,2024-07-11,2024-07-14
DEAL-04907,11,11,approved,2025-06-29,2025-07-01
DEAL-04908,16,16,approved,2026-03-14,2026-03-17
DEAL-04909,10,5,flagged,2024-08-05,2024-08-18
DEAL-04910,16,12,flagged,2024-05-16,2024-05-22
DEAL-04911,13,8,approved,2024-11-28,2024-12-12
DEAL-04912,13,12,approved,2024-07-27,2024-08-01
DEAL-04913,12,11,flagged,2024-02-07,2024-02-08
DEAL-04914,18,12,pending,2026-02-12,2026-02-22
DEAL-04915,12,4,pending,2024-08-28,2024-09-11
DEAL-04916,20,20,approved,2025-12-27,2025-12-29
DEAL-04917,9,6,pending,2024-07-16,2024-07-23
DEAL-04918,14,14,pending,2026-04-05,2026-04-06
DEAL-04919,18,18,approved,2025-07-13,2025-07-18
DEAL-04920,14,14,approved,2025-05-15,2025-05-17
DEAL-04921,16,2,pending,2026-02-07,2026-02-12
DEAL-04922,18,18,approved,2026-04-02,2026-04-03
DEAL-04923,18,18,approved,2024-05-17,2024-05-19
DEAL-04924,17,10,pending,,
DEAL-04925,15,15,approved,2026-05-13,2026-05-15
DEAL-04926,9,9,approved,2025-10-13,2025-10-14
DEAL-04927,18,18,approved,2024-03-08,2024-03-13
DEAL-04928,12,12,approved,2024-05-30,2024-06-01
DEAL-04929,18,6,pending,2024-05-07,2024-05-14
DEAL-04930,10,2,flagged,2026-05-11,2026-05-13
DEAL-04931,18,18,approved,2025-08-11,2025-08-16
DEAL-04932,19,19,approved,2024-10-16,2024-10-19
DEAL-04933,15,15,approved,2025-03-15,2025-03-16
DEAL-04934,10,10,approved,2025-08-14,2025-08-17
DEAL-04935,16,16,approved,2024-08-19,2024-08-23
DEAL-04936,16,11,approved,2026-03-18,2026-03-23
DEAL-04937,14,14,approved,2024-04-03,2024-04-06
DEAL-04938,17,14,flagged,2026-01-05,2026-01-09
DEAL-04939,10,5,pending,2024-09-23,2024-09-29
DEAL-04940,14,14,approved,2024-03-09,2024-03-11
DEAL-04941,8,8,approved,2024-08-04,2024-08-06
DEAL-04942,14,2,flagged,2026-01-14,2026-01-23
DEAL-04943,13,3,approved,2025-11-04,2025-11-18
DEAL-04944,17,17,approved,2026-05-11,2026-05-15
DEAL-04945,11,11,approved,2026-04-30,2026-05-01
DEAL-04946,10,10,approved,2026-03-15,2026-03-19
DEAL-04947,17,17,approved,2024-09-12,2024-09-13
DEAL-04948,20,17,flagged,2025-11-11,2025-11-14
DEAL-04949,12,12,approved,2024-03-22,2024-03-27
DEAL-04950,16,9,flagged,2025-09-24,2025-09-30
DEAL-04951,15,15,approved,2024-07-12,2024-07-14
DEAL-04952,12,12,approved,2026-01-05,2026-01-06
DEAL-04953,12,12,approved,2024-02-21,2024-02-24
DEAL-04954,11,11,approved,2025-05-26,2025-05-27
DEAL-04955,16,16,approved,2024-06-15,2024-06-20
DEAL-04956,15,15,approved,2024-07-24,2024-07-28
DEAL-04957,12,4,approved,2026-01-25,2026-02-04
DEAL-04958,14,9,pending,2025-11-24,2025-12-06
DEAL-04959,17,17,approved,2025-06-09,2025-06-11
DEAL-04960,19,19,approved,2026-05-01,2026-05-05
DEAL-04961,14,14,approved,2026-04-11,2026-04-16
DEAL-04962,16,16,approved,2026-04-02,2026-04-06
DEAL-04963,17,17,approved,2025-07-23,2025-07-24
DEAL-04964,12,3,flagged,2024-07-23,2024-08-03
DEAL-04965,8,7,flagged,,
DEAL-04966,16,16,approved,2026-05-01,2026-05-05
DEAL-04967,11,11,approved,2025-03-21,2025-03-22
DEAL-04968,11,11,approved,2025-06-17,2025-06-19
DEAL-04969,10,10,approved,2024-04-15,2024-04-19
DEAL-04970,20,13,approved,2025-03-22,2025-03-27
DEAL-04971,14,14,approved,2025-02-07,2025-02-08
DEAL-04972,8,5,flagged,2025-03-23,2025-03-29
DEAL-04973,14,14,approved,2025-08-15,2025-08-18
DEAL-04974,10,10,approved,2024-07-09,2024-07-13
DEAL-04975,12,6,pending,2026-03-20,2026-03-26
DEAL-04976,19,3,pending,2025-02-21,2025-03-06
DEAL-04977,9,3,pending,2026-04-18,2026-05-02
DEAL-04978,13,13,approved,2024-11-10,2024-11-15
DEAL-04979,16,16,approved,2025-10-19,2025-10-21
DEAL-04980,8,2,flagged,2025-08-21,2025-08-30
DEAL-04981,18,18,approved,2024-07-21,2024-07-25
DEAL-04982,8,3,pending,2025-05-06,2025-05-13
DEAL-04983,17,17,approved,2024-05-03,2024-05-08
DEAL-04984,9,9,approved,2025-05-03,2025-05-06
DEAL-04985,10,4,flagged,2026-04-25,2026-04-27
DEAL-04986,17,14,pending,2024-09-13,2024-09-14
DEAL-04987,12,12,approved,2024-08-15,2024-08-20
DEAL-04988,17,1,flagged,2024-11-08,2024-11-11
DEAL-04989,16,16,approved,2024-05-07,2024-05-09
DEAL-04990,10,10,approved,2026-03-04,2026-03-07
DEAL-04991,16,16,approved,2025-03-05,2025-03-08
DEAL-04992,13,2,pending,2025-10-27,2025-11-05
DEAL-04993,20,20,approved,2026-02-08,2026-02-12
DEAL-04994,16,1,approved,2024-09-13,2024-09-23
DEAL-04995,13,13,approved,2026-04-16,2026-04-20
DEAL-04996,17,17,approved,2024-05-09,2024-05-10
DEAL-04997,14,14,approved,2024-09-20,2024-09-23
DEAL-04998,10,10,approved,2025-03-04,2025-03-07
DEAL-04999,15,15,approved,2024-04-17,2024-04-21
DEAL-05000,11,8,flagged,2026-03-22,2026-04-04
DEAL-05001,20,20,approved,2025-03-01,2025-03-03
DEAL-05002,12,12,pending,2024-09-14,2024-09-18
DEAL-05003,18,18,approved,2025-07-10,2025-07-15
DEAL-05004,19,19,approved,2025-12-09,2025-12-10
DEAL-05005,8,8,approved,2025-09-30,2025-10-01
DEAL-05006,16,11,flagged,2026-03-01,2026-03-04
DEAL-05007,11,7,flagged,2026-03-08,2026-03-13
DEAL-05008,14,14,approved,2026-01-23,2026-01-24
DEAL-05009,12,2,approved,,
DEAL-05010,12,4,pending,2024-12-12,2024-12-17
DEAL-05011,13,5,pending,2026-04-02,2026-04-11
DEAL-05012,19,19,approved,2024-12-20,2024-12-24
DEAL-05013,9,2,flagged,2026-05-06,2026-05-11
DEAL-05014,8,1,approved,2026-01-25,2026-02-05
DEAL-05015,16,13,flagged,2026-03-19,2026-03-24
DEAL-05016,16,16,approved,2024-03-07,2024-03-11
DEAL-05017,9,8,flagged,2026-05-18,2026-05-22
DEAL-05018,8,8,approved,2025-05-07,2025-05-08
DEAL-05019,8,5,flagged,2025-06-01,2025-06-10
DEAL-05020,11,11,approved,2025-10-24,2025-10-27
DEAL-05021,9,9,approved,2025-08-05,2025-08-08
DEAL-05022,17,17,approved,2024-06-07,2024-06-09
DEAL-05023,16,16,approved,2024-08-29,2024-09-02
DEAL-05024,8,3,pending,2025-08-02,2025-08-14
DEAL-05025,12,12,approved,2025-07-24,2025-07-29
DEAL-05026,13,13,approved,2025-05-09,2025-05-14
DEAL-05027,10,10,approved,2025-03-15,2025-03-17
DEAL-05028,20,20,approved,2024-04-20,2024-04-25
DEAL-05029,12,4,flagged,2026-01-31,2026-02-14
DEAL-05030,18,18,approved,2026-04-11,2026-04-16
DEAL-05031,16,16,approved,2025-04-08,2025-04-12
DEAL-05032,8,8,approved,2024-08-12,2024-08-16
DEAL-05033,20,20,approved,2025-05-08,2025-05-11
DEAL-05034,20,6,approved,2025-02-03,2025-02-12
DEAL-05035,12,11,pending,2025-08-21,2025-08-22
DEAL-05036,17,17,approved,2025-11-13,2025-11-14
DEAL-05037,9,0,pending,,
DEAL-05038,8,8,approved,2026-03-14,2026-03-19
DEAL-05039,12,12,approved,2024-04-05,2024-04-06
DEAL-05040,15,15,approved,2026-03-08,2026-03-11
DEAL-05041,10,10,approved,2026-03-29,2026-03-31
DEAL-05042,19,19,approved,2026-05-10,2026-05-14
DEAL-05043,13,6,flagged,2024-12-30,2025-01-04
DEAL-05044,18,18,approved,2025-12-17,2025-12-20
DEAL-05045,14,14,approved,2026-03-24,2026-03-28
DEAL-05046,9,2,pending,2024-11-23,2024-12-06
DEAL-05047,13,7,pending,2024-12-30,2025-01-07
DEAL-05048,13,13,approved,2024-12-29,2024-12-31
DEAL-05049,20,19,approved,2026-04-22,2026-04-24
DEAL-05050,11,11,approved,2025-07-29,2025-07-30
DEAL-05051,20,10,flagged,2025-03-12,2025-03-16
DEAL-05052,12,12,approved,2024-10-18,2024-10-21
DEAL-05053,13,13,approved,2026-01-25,2026-01-29
DEAL-05054,17,17,approved,2026-05-03,2026-05-06
DEAL-05055,18,9,flagged,2025-07-30,2025-08-11
DEAL-05056,13,13,approved,2025-02-12,2025-02-15
DEAL-05057,13,13,approved,2026-03-12,2026-03-15
DEAL-05058,20,20,approved,2026-03-22,2026-03-26
DEAL-05059,18,13,pending,2025-11-20,2025-12-03
DEAL-05060,15,15,approved,2025-07-03,2025-07-05
DEAL-05061,15,15,approved,2025-05-23,2025-05-28
DEAL-05062,20,20,approved,2024-11-03,2024-11-07
DEAL-05063,15,15,approved,2026-03-08,2026-03-10
DEAL-05064,16,16,approved,2026-01-31,2026-02-04
DEAL-05065,19,19,approved,2024-09-23,2024-09-24
DEAL-05066,8,8,approved,2026-03-14,2026-03-16
DEAL-05067,18,12,flagged,2026-03-02,2026-03-10
DEAL-05068,15,2,flagged,2024-04-19,2024-04-30
DEAL-05069,15,15,approved,2024-08-05,2024-08-09
DEAL-05070,19,19,approved,2024-06-14,2024-06-17
DEAL-05071,10,10,approved,2025-07-24,2025-07-26
DEAL-05072,9,9,approved,2025-11-18,2025-11-20
DEAL-05073,13,13,approved,2024-04-08,2024-04-11
DEAL-05074,14,14,approved,2024-06-12,2024-06-16
DEAL-05075,20,20,approved,2024-09-19,2024-09-21
DEAL-05076,20,20,approved,2026-04-06,2026-04-09
DEAL-05077,9,9,approved,2024-11-02,2024-11-04
DEAL-05078,8,8,pending,2026-05-03,2026-05-06
DEAL-05079,13,13,approved,2024-07-14,2024-07-18
DEAL-05080,18,18,approved,2026-03-14,2026-03-16
DEAL-05081,9,9,approved,2025-04-07,2025-04-09
DEAL-05082,8,0,approved,2024-04-28,
DEAL-05083,11,11,approved,2025-08-21,2025-08-25
DEAL-05084,18,18,approved,2025-03-06,2025-03-07
DEAL-05085,17,17,approved,2024-09-11,2024-09-12
DEAL-05086,15,7,pending,2024-08-28,2024-09-09
DEAL-05087,14,14,approved,2025-03-03,2025-03-08
DEAL-05088,19,2,pending,2026-03-27,2026-04-08
DEAL-05089,9,9,approved,2025-07-05,2025-07-06
DEAL-05090,16,16,approved,2026-01-06,2026-01-07
DEAL-05091,16,9,pending,2025-04-15,2025-04-25
DEAL-05092,18,18,approved,2024-04-08,2024-04-10
DEAL-05093,16,16,approved,2026-02-24,2026-02-25
DEAL-05094,20,16,pending,2026-03-15,2026-03-20
DEAL-05095,10,10,approved,2024-10-29,2024-11-01
DEAL-05096,15,12,flagged,2024-08-29,2024-09-01
DEAL-05097,8,7,pending,2025-08-23,2025-08-24
DEAL-05098,19,19,approved,2025-09-30,2025-10-02
DEAL-05099,12,12,approved,2024-04-26,2024-04-28
DEAL-05100,19,19,approved,2026-03-18,2026-03-22
DEAL-05101,11,6,pending,2024-05-20,2024-05-29
DEAL-05102,9,9,approved,2024-09-14,2024-09-15
DEAL-05103,17,7,approved,2024-03-01,2024-03-06
DEAL-05104,17,4,approved,2025-05-27,2025-06-06
DEAL-05105,13,13,approved,2024-08-21,2024-08-24
DEAL-05106,13,13,approved,2025-11-27,2025-12-01
DEAL-05107,12,12,approved,2024-05-20,2024-05-25
DEAL-05108,12,12,approved,2024-10-12,2024-10-13
DEAL-05109,12,12,approved,2025-03-20,2025-03-24
DEAL-05110,17,5,pending,2024-08-23,2024-09-01
DEAL-05111,13,3,flagged,2026-04-27,2026-05-03
DEAL-05112,8,8,approved,2025-08-02,2025-08-03
DEAL-05113,12,12,approved,2025-07-07,2025-07-10
DEAL-05114,10,4,flagged,2024-02-24,2024-03-08
DEAL-05115,15,4,pending,2025-03-23,2025-03-25
DEAL-05116,8,7,pending,2025-07-20,2025-07-23
DEAL-05117,8,8,approved,2024-08-05,2024-08-10
DEAL-05118,14,13,approved,2025-10-18,2025-10-20
DEAL-05119,8,8,approved,2024-11-28,2024-12-02
DEAL-05120,9,9,approved,2025-04-14,2025-04-16
DEAL-05121,9,3,approved,2024-11-29,2024-12-11
DEAL-05122,8,6,pending,2024-11-30,2024-12-09
DEAL-05123,17,17,approved,2026-02-26,2026-02-27
DEAL-05124,10,10,approved,2025-08-11,2025-08-13
DEAL-05125,15,15,approved,2026-05-10,2026-05-11
DEAL-05126,18,18,approved,2025-03-31,2025-04-02
DEAL-05127,14,14,approved,2024-07-07,2024-07-12
DEAL-05128,19,19,approved,2025-02-01,2025-02-04
DEAL-05129,14,14,approved,2024-03-13,2024-03-14
DEAL-05130,12,12,approved,2024-11-19,2024-11-20
DEAL-05131,18,11,pending,2024-07-22,2024-08-02
DEAL-05132,20,8,flagged,2026-03-17,2026-03-22
DEAL-05133,14,14,approved,2026-04-27,2026-04-30
DEAL-05134,14,14,approved,2026-03-14,2026-03-18
DEAL-05135,18,10,pending,2024-06-26,2024-07-05
DEAL-05136,15,7,pending,2026-03-12,2026-03-25
DEAL-05137,19,19,approved,2024-04-01,2024-04-05
DEAL-05138,12,12,approved,2024-07-06,2024-07-11
DEAL-05139,18,5,pending,2024-07-06,2024-07-13
DEAL-05140,14,14,approved,2024-10-10,2024-10-12
DEAL-05141,9,9,approved,2024-10-12,2024-10-15
DEAL-05142,14,14,approved,2024-07-18,2024-07-22
DEAL-05143,20,9,flagged,2025-08-22,2025-08-25
DEAL-05144,16,16,approved,2024-03-30,2024-04-01
DEAL-05145,8,8,approved,2026-03-07,2026-03-10
DEAL-05146,13,3,pending,2024-11-03,2024-11-11
DEAL-05147,17,17,approved,2025-06-21,2025-06-26
DEAL-05148,9,6,flagged,2025-01-21,2025-02-02
DEAL-05149,19,9,flagged,2024-12-07,2024-12-12
DEAL-05150,13,13,approved,2026-04-09,2026-04-11
DEAL-05151,15,4,pending,2025-07-08,2025-07-16
DEAL-05152,9,0,flagged,2025-06-07,
DEAL-05153,14,3,pending,2024-07-06,2024-07-09
DEAL-05154,8,8,approved,2024-11-19,2024-11-23
DEAL-05155,13,10,flagged,2025-11-09,2025-11-14
DEAL-05156,16,2,pending,2026-04-20,2026-04-26
DEAL-05157,18,18,approved,2026-03-07,2026-03-09
DEAL-05158,14,14,approved,2024-11-23,2024-11-24
DEAL-05159,8,8,approved,2025-08-01,2025-08-02
DEAL-05160,9,0,pending,,
DEAL-05161,18,18,approved,2024-05-26,2024-05-28
DEAL-05162,18,18,approved,2025-09-29,2025-10-04
DEAL-05163,9,9,approved,2026-04-03,2026-04-08
DEAL-05164,16,16,approved,2024-08-24,2024-08-28
DEAL-05165,17,17,approved,2024-04-01,2024-04-05
DEAL-05166,10,10,approved,2025-08-28,2025-08-29
DEAL-05167,20,20,approved,2025-04-17,2025-04-18
DEAL-05168,19,19,approved,2024-06-26,2024-06-28
DEAL-05169,13,13,approved,2024-07-08,2024-07-12
DEAL-05170,14,1,approved,2025-07-16,2025-07-30
DEAL-05171,11,1,approved,,
DEAL-05172,8,5,flagged,2026-02-28,2026-03-07
DEAL-05173,18,18,approved,2025-05-06,2025-05-07
DEAL-05174,12,12,approved,2024-07-15,2024-07-17
DEAL-05175,15,7,approved,2026-03-15,2026-03-17
DEAL-05176,12,12,approved,2026-04-07,2026-04-11
DEAL-05177,9,9,approved,2026-05-06,2026-05-11
DEAL-05178,8,5,flagged,2025-07-11,2025-07-14
DEAL-05179,16,16,approved,2025-07-18,2025-07-20
DEAL-05180,15,10,approved,2025-08-01,2025-08-11
DEAL-05181,16,15,pending,2024-03-30,2024-04-01
DEAL-05182,17,13,approved,2025-03-16,2025-03-26
DEAL-05183,13,7,pending,2025-06-30,2025-07-12
DEAL-05184,14,12,flagged,,
DEAL-05185,13,13,approved,2025-04-11,2025-04-13
DEAL-05186,11,11,approved,2025-05-29,2025-06-03
DEAL-05187,18,18,approved,2026-02-28,2026-03-02
DEAL-05188,11,11,approved,2025-12-28,2026-01-01
DEAL-05189,13,13,approved,2026-04-21,2026-04-26
DEAL-05190,20,20,approved,2025-07-07,2025-07-11
DEAL-05191,9,9,approved,2024-05-24,2024-05-29
DEAL-05192,11,11,approved,2026-03-09,2026-03-13
DEAL-05193,18,18,approved,2025-07-01,2025-07-06
DEAL-05194,17,17,approved,2026-03-30,2026-04-01
DEAL-05195,10,10,approved,2024-05-29,2024-06-02
DEAL-05196,8,7,pending,,
DEAL-05197,19,19,approved,2025-07-16,2025-07-19
DEAL-05198,12,3,pending,2024-08-15,2024-08-29
DEAL-05199,12,12,approved,2024-07-18,2024-07-20
DEAL-05200,19,19,approved,2025-08-05,2025-08-06
DEAL-05201,17,17,approved,2025-01-04,2025-01-09
DEAL-05202,12,12,approved,2024-06-28,2024-07-03
DEAL-05203,11,11,approved,2026-03-30,2026-04-03
DEAL-05204,11,11,approved,2026-03-28,2026-04-02
DEAL-05205,11,11,approved,2024-06-02,2024-06-07
DEAL-05206,20,20,approved,2025-12-26,2025-12-31
DEAL-05207,16,16,approved,2026-04-12,2026-04-13
DEAL-05208,14,14,approved,2025-11-24,2025-11-25
DEAL-05209,18,18,approved,2026-04-08,2026-04-11
DEAL-05210,13,13,approved,2024-07-25,2024-07-28
DEAL-05211,8,2,pending,2026-04-11,2026-04-19
DEAL-05212,9,9,approved,2025-05-29,2025-06-01
DEAL-05213,13,13,approved,2025-04-22,2025-04-23
DEAL-05214,8,8,approved,2024-09-05,2024-09-07
DEAL-05215,19,19,approved,2025-08-11,2025-08-13
DEAL-05216,8,8,approved,2025-03-16,2025-03-20
DEAL-05217,10,10,approved,2025-07-17,2025-07-22
DEAL-05218,15,15,approved,2026-04-01,2026-04-06
DEAL-05219,20,20,approved,2026-04-06,2026-04-09
DEAL-05220,15,13,flagged,2024-11-22,2024-11-24
DEAL-05221,19,19,approved,2025-12-05,2025-12-10
DEAL-05222,8,8,approved,2026-04-11,2026-04-12
DEAL-05223,20,20,pending,2025-03-21,2025-03-22
DEAL-05224,13,13,approved,2026-04-28,2026-04-30
DEAL-05225,19,19,approved,2025-03-27,2025-03-31
DEAL-05226,15,15,approved,2025-06-29,2025-07-01
DEAL-05227,12,12,approved,2025-07-28,2025-08-01
DEAL-05228,16,16,approved,2024-09-01,2024-09-05
DEAL-05229,8,4,flagged,2025-04-27,2025-04-29
DEAL-05230,14,14,approved,2026-03-12,2026-03-15
DEAL-05231,13,10,pending,,
DEAL-05232,19,19,approved,2025-03-05,2025-03-10
DEAL-05233,12,12,approved,2025-01-23,2025-01-24
DEAL-05234,16,16,flagged,2026-01-20,2026-01-23
DEAL-05235,19,19,approved,2026-01-11,2026-01-12
DEAL-05236,20,20,approved,2026-04-22,2026-04-23
DEAL-05237,9,9,approved,2026-04-08,2026-04-12
DEAL-05238,16,16,approved,2024-04-17,2024-04-22
DEAL-05239,16,16,approved,2025-07-01,2025-07-06
DEAL-05240,14,14,approved,2026-01-01,2026-01-03
DEAL-05241,20,6,flagged,2025-05-21,2025-05-23
DEAL-05242,16,16,approved,2024-03-19,2024-03-20
DEAL-05243,10,10,approved,2025-06-17,2025-06-22
DEAL-05244,17,7,flagged,,
DEAL-05245,14,14,approved,2024-02-12,2024-02-15
DEAL-05246,9,3,approved,2025-12-28,2026-01-10
DEAL-05247,11,9,pending,2024-12-25,2024-12-30
DEAL-05248,14,14,approved,2024-08-14,2024-08-17
DEAL-05249,8,8,approved,2026-05-06,2026-05-09
DEAL-05250,8,3,pending,2026-05-09,2026-05-13
DEAL-05251,11,11,approved,2024-09-01,2024-09-05
DEAL-05252,17,17,approved,2024-12-13,2024-12-15
DEAL-05253,11,0,flagged,2025-04-26,
DEAL-05254,17,17,approved,2024-08-04,2024-08-06
DEAL-05255,20,15,flagged,2024-05-04,2024-05-14
DEAL-05256,20,20,approved,2025-04-04,2025-04-08
DEAL-05257,8,8,approved,2026-04-09,2026-04-10
DEAL-05258,10,10,approved,2026-02-27,2026-03-03
DEAL-05259,20,20,approved,2024-11-17,2024-11-22
DEAL-05260,12,12,approved,2024-09-23,2024-09-28
DEAL-05261,9,5,flagged,2026-01-03,2026-01-09
DEAL-05262,17,3,flagged,2024-02-14,2024-02-16
DEAL-05263,10,10,approved,2026-02-27,2026-03-02
DEAL-05264,13,5,flagged,2026-04-25,2026-05-02
DEAL-05265,13,13,approved,2026-04-28,2026-04-30
DEAL-05266,18,10,flagged,2025-11-22,2025-12-02
DEAL-05267,11,11,approved,2025-04-19,2025-04-23
DEAL-05268,16,16,approved,2024-01-31,2024-02-02
DEAL-05269,19,19,approved,2025-02-26,2025-03-01
DEAL-05270,11,4,flagged,2024-07-02,2024-07-09
DEAL-05271,15,1,approved,2025-10-01,2025-10-06
DEAL-05272,16,16,approved,2026-03-28,2026-04-01
DEAL-05273,11,0,flagged,2025-12-03,
DEAL-05274,13,13,approved,2026-03-14,2026-03-15
DEAL-05275,15,15,flagged,,
DEAL-05276,15,15,approved,2025-08-03,2025-08-08
DEAL-05277,13,13,approved,2025-03-05,2025-03-08
DEAL-05278,10,3,pending,2024-08-04,2024-08-12
DEAL-05279,18,18,approved,2024-07-17,2024-07-21
DEAL-05280,11,11,approved,2025-06-26,2025-06-30
DEAL-05281,9,9,approved,2025-05-15,2025-05-16
DEAL-05282,15,15,approved,2026-05-01,2026-05-04
DEAL-05283,13,13,approved,2024-05-14,2024-05-19
DEAL-05284,9,9,approved,2024-03-24,2024-03-26
DEAL-05285,20,20,approved,2024-06-21,2024-06-24
DEAL-05286,16,14,pending,2024-07-15,2024-07-16
DEAL-05287,15,15,approved,2025-06-12,2025-06-15
DEAL-05288,19,19,approved,2024-12-09,2024-12-14
DEAL-05289,18,18,approved,2024-11-28,2024-12-02
DEAL-05290,10,10,approved,2025-04-17,2025-04-22
DEAL-05291,12,6,pending,2025-04-03,2025-04-15
DEAL-05292,9,9,approved,2024-07-08,2024-07-10
DEAL-05293,16,16,approved,2024-05-02,2024-05-04
DEAL-05294,14,14,approved,2025-06-28,2025-06-30
DEAL-05295,9,9,approved,2026-02-14,2026-02-19
DEAL-05296,12,2,flagged,2025-06-01,2025-06-11
DEAL-05297,11,11,approved,2024-07-10,2024-07-14
DEAL-05298,20,17,pending,2024-07-04,2024-07-06
DEAL-05299,19,19,approved,2025-03-02,2025-03-07
DEAL-05300,15,1,pending,2026-04-06,2026-04-10
DEAL-05301,19,19,approved,2024-07-10,2024-07-13
DEAL-05302,11,11,approved,2026-04-04,2026-04-09
DEAL-05303,10,10,approved,2025-11-11,2025-11-15
DEAL-05304,18,18,approved,2025-07-14,2025-07-17
DEAL-05305,10,10,approved,2024-01-24,2024-01-25
DEAL-05306,13,13,approved,2025-06-14,2025-06-16
DEAL-05307,19,19,approved,2024-06-17,2024-06-21
DEAL-05308,14,14,approved,2026-03-02,2026-03-06
DEAL-05309,19,19,approved,2025-07-03,2025-07-08
DEAL-05310,12,12,flagged,2025-08-05,2025-08-08
DEAL-05311,14,14,approved,2025-12-26,2025-12-31
DEAL-05312,17,0,approved,2025-02-11,
DEAL-05313,12,12,approved,2024-06-05,2024-06-06
DEAL-05314,18,12,flagged,2024-11-05,2024-11-19
DEAL-05315,13,5,flagged,2024-06-26,2024-07-06
DEAL-05316,20,20,approved,2025-08-19,2025-08-20
DEAL-05317,16,16,approved,2025-07-18,2025-07-23
DEAL-05318,16,16,approved,2024-10-02,2024-10-07
DEAL-05319,10,4,approved,,
DEAL-05320,13,13,approved,2025-07-07,2025-07-12
DEAL-05321,10,10,approved,2024-06-09,2024-06-12
DEAL-05322,20,20,approved,2026-03-11,2026-03-13
DEAL-05323,8,8,approved,2024-11-06,2024-11-07
DEAL-05324,17,17,approved,2025-06-26,2025-06-29
DEAL-05325,20,20,approved,2026-01-03,2026-01-05
DEAL-05326,10,10,approved,2024-04-30,2024-05-02
DEAL-05327,9,9,approved,2024-11-10,2024-11-13
DEAL-05328,12,3,pending,,
DEAL-05329,12,12,approved,2025-08-01,2025-08-02
DEAL-05330,11,11,flagged,2026-03-02,2026-03-03
DEAL-05331,11,11,approved,2026-04-20,2026-04-24
DEAL-05332,12,12,approved,2025-07-24,2025-07-28
DEAL-05333,8,8,approved,2026-04-07,2026-04-10
DEAL-05334,13,13,approved,2026-02-20,2026-02-21
DEAL-05335,19,19,approved,2026-04-26,2026-04-30
DEAL-05336,15,15,approved,2025-08-16,2025-08-21
DEAL-05337,8,5,pending,,
DEAL-05338,9,9,approved,2025-10-10,2025-10-15
DEAL-05339,14,14,approved,2025-12-20,2025-12-24
DEAL-05340,12,12,approved,2025-06-28,2025-07-02
DEAL-05341,11,11,approved,2026-05-11,2026-05-16
DEAL-05342,10,4,pending,2024-06-29,2024-07-10
DEAL-05343,16,16,approved,2024-02-17,2024-02-18
DEAL-05344,15,3,flagged,2026-04-30,2026-05-09
DEAL-05345,10,10,approved,2025-01-03,2025-01-04
DEAL-05346,20,20,approved,2024-07-17,2024-07-22
DEAL-05347,13,13,approved,2026-04-18,2026-04-19
DEAL-05348,13,13,approved,2025-11-21,2025-11-24
DEAL-05349,13,13,approved,2025-07-03,2025-07-07
DEAL-05350,8,8,approved,2025-06-21,2025-06-24
DEAL-05351,19,19,approved,2024-07-26,2024-07-27
DEAL-05352,18,18,approved,2025-08-08,2025-08-13
DEAL-05353,8,8,flagged,2025-06-02,2025-06-04
DEAL-05354,18,18,approved,2025-08-10,2025-08-15
DEAL-05355,14,14,approved,2026-04-22,2026-04-26
DEAL-05356,12,9,pending,2025-11-14,2025-11-25
DEAL-05357,19,19,approved,2025-08-16,2025-08-19
DEAL-05358,10,5,flagged,2024-04-30,2024-05-03
DEAL-05359,18,18,approved,2026-01-25,2026-01-28
DEAL-05360,17,17,approved,2025-10-15,2025-10-17
DEAL-05361,14,13,pending,2025-11-06,2025-11-07
DEAL-05362,15,14,flagged,2025-09-01,2025-09-04
DEAL-05363,18,18,approved,2024-08-08,2024-08-11
DEAL-05364,9,9,approved,2025-10-18,2025-10-20
DEAL-05365,10,6,pending,2025-05-25,2025-06-02
DEAL-05366,15,15,approved,2024-10-25,2024-10-27
DEAL-05367,18,15,pending,2025-08-22,2025-08-26
DEAL-05368,19,0,pending,2025-12-26,
DEAL-05369,10,10,approved,2025-01-20,2025-01-21
DEAL-05370,15,15,approved,2025-03-17,2025-03-20
DEAL-05371,18,13,flagged,2026-04-04,2026-04-10
DEAL-05372,8,8,approved,2024-06-16,2024-06-20
DEAL-05373,10,10,approved,2025-08-27,2025-08-31
DEAL-05374,8,8,approved,2025-09-01,2025-09-02
DEAL-05375,8,8,approved,2025-11-27,2025-11-29
DEAL-05376,14,14,approved,2026-03-19,2026-03-23
DEAL-05377,12,12,approved,2025-07-28,2025-07-29
DEAL-05378,10,9,flagged,2026-02-25,2026-03-01
DEAL-05379,18,18,approved,2025-03-13,2025-03-14
DEAL-05380,13,9,flagged,2024-03-31,2024-04-07
DEAL-05381,9,3,pending,2025-07-02,2025-07-16
DEAL-05382,17,17,approved,2026-03-10,2026-03-15
DEAL-05383,9,9,approved,2026-05-03,2026-05-08
DEAL-05384,9,9,approved,2025-11-24,2025-11-29
DEAL-05385,12,7,flagged,,
DEAL-05386,14,14,approved,2025-05-29,2025-05-31
DEAL-05387,10,4,flagged,2025-07-21,2025-07-29
DEAL-05388,20,20,approved,2025-05-25,2025-05-30
DEAL-05389,18,15,pending,2024-11-09,2024-11-10
DEAL-05390,16,16,approved,2024-11-09,2024-11-13
DEAL-05391,9,9,approved,2026-01-13,2026-01-14
DEAL-05392,15,15,approved,2025-07-09,2025-07-10
DEAL-05393,9,9,approved,2026-04-02,2026-04-04
DEAL-05394,17,17,approved,2026-03-14,2026-03-16
DEAL-05395,13,13,approved,2026-02-08,2026-02-12
DEAL-05396,10,8,approved,2025-06-17,2025-06-21
DEAL-05397,14,14,approved,2024-12-29,2025-01-02
DEAL-05398,12,12,approved,2025-01-25,2025-01-28
DEAL-05399,20,20,approved,2024-01-30,2024-01-31
DEAL-05400,9,9,approved,2025-08-31,2025-09-05
DEAL-05401,10,6,approved,2025-03-19,2025-03-30
DEAL-05402,12,12,approved,2025-04-12,2025-04-13
DEAL-05403,17,13,flagged,2024-07-06,2024-07-14
DEAL-05404,15,8,flagged,2025-12-12,2025-12-19
DEAL-05405,19,19,approved,2024-08-12,2024-08-15
DEAL-05406,16,9,pending,2024-12-13,2024-12-15
DEAL-05407,16,16,approved,2025-12-03,2025-12-07
DEAL-05408,14,14,approved,2026-04-02,2026-04-05
DEAL-05409,11,11,approved,2025-07-16,2025-07-20
DEAL-05410,16,3,flagged,2025-06-14,2025-06-19
DEAL-05411,20,20,approved,2024-02-07,2024-02-09
DEAL-05412,10,10,approved,2025-09-11,2025-09-15
DEAL-05413,14,2,flagged,2026-04-04,2026-04-18
DEAL-05414,19,19,approved,2025-10-11,2025-10-15
DEAL-05415,20,20,approved,2024-09-01,2024-09-02
DEAL-05416,17,1,flagged,2026-03-01,2026-03-04
DEAL-05417,14,14,approved,2025-11-21,2025-11-26
DEAL-05418,17,17,approved,2024-01-28,2024-01-30
DEAL-05419,8,8,approved,2026-05-21,2026-05-26
DEAL-05420,10,1,pending,2025-08-20,2025-08-31
DEAL-05421,14,14,approved,2025-01-21,2025-01-25
DEAL-05422,8,4,flagged,2026-03-01,2026-03-07
DEAL-05423,12,4,flagged,2025-03-24,2025-04-07
DEAL-05424,15,15,approved,2026-04-27,2026-04-28
DEAL-05425,13,13,approved,,
DEAL-05426,9,2,flagged,2025-09-13,2025-09-19
DEAL-05427,19,6,pending,2024-07-13,2024-07-18
DEAL-05428,15,2,pending,2025-06-18,2025-06-29
DEAL-05429,15,15,approved,2025-03-24,2025-03-28
DEAL-05430,19,19,approved,2025-12-15,2025-12-18
DEAL-05431,12,12,approved,2025-08-31,2025-09-04
DEAL-05432,14,14,approved,2025-05-26,2025-05-31
DEAL-05433,8,4,flagged,2026-03-12,2026-03-22
DEAL-05434,12,10,pending,2026-04-22,2026-04-24
DEAL-05435,20,20,approved,2024-09-20,2024-09-23
DEAL-05436,9,1,flagged,2026-01-04,2026-01-16
DEAL-05437,18,18,approved,2024-10-14,2024-10-19
DEAL-05438,14,10,approved,,
DEAL-05439,14,13,pending,2025-04-29,2025-05-04
DEAL-05440,9,9,approved,2024-11-23,2024-11-24
DEAL-05441,10,10,approved,2024-07-26,2024-07-29
DEAL-05442,16,16,approved,2026-04-07,2026-04-11
DEAL-05443,17,17,approved,2025-07-30,2025-08-04
DEAL-05444,15,15,approved,2024-08-07,2024-08-09
DEAL-05445,18,6,pending,2025-08-05,2025-08-14
DEAL-05446,16,16,approved,2024-11-19,2024-11-22
DEAL-05447,17,17,approved,2026-03-29,2026-04-02
DEAL-05448,16,16,approved,2026-05-15,2026-05-18
DEAL-05449,20,20,approved,2026-05-19,2026-05-21
DEAL-05450,12,12,approved,2024-04-20,2024-04-21
DEAL-05451,10,10,approved,2024-07-02,2024-07-04
DEAL-05452,11,11,approved,2025-10-24,2025-10-27
DEAL-05453,11,11,approved,2025-06-01,2025-06-02
DEAL-05454,19,19,approved,2026-03-26,2026-03-30
DEAL-05455,10,10,approved,2026-03-02,2026-03-04
DEAL-05456,17,17,approved,2024-04-30,2024-05-05
DEAL-05457,19,19,approved,2025-08-16,2025-08-20
DEAL-05458,17,17,approved,2024-08-13,2024-08-17
DEAL-05459,10,3,flagged,2026-04-12,2026-04-19
DEAL-05460,15,15,approved,2025-05-29,2025-06-02
DEAL-05461,8,8,approved,2024-06-21,2024-06-26
DEAL-05462,17,17,approved,2025-07-22,2025-07-24
DEAL-05463,20,20,approved,2026-01-18,2026-01-20
DEAL-05464,11,11,approved,2024-04-17,2024-04-22
DEAL-05465,11,9,approved,2024-08-19,2024-08-22
DEAL-05466,10,10,approved,2024-04-23,2024-04-25
DEAL-05467,19,12,flagged,2024-06-02,2024-06-07
DEAL-05468,10,10,approved,2024-07-22,2024-07-26
DEAL-05469,8,8,approved,2024-06-25,2024-06-26
DEAL-05470,14,7,flagged,2024-08-03,2024-08-13
DEAL-05471,14,14,approved,2025-08-14,2025-08-19
DEAL-05472,13,13,approved,2025-03-04,2025-03-07
DEAL-05473,20,15,approved,2024-11-05,2024-11-18
DEAL-05474,17,17,approved,2025-07-02,2025-07-05
DEAL-05475,14,10,pending,2025-08-25,2025-09-06
DEAL-05476,11,11,approved,2024-08-30,2024-09-04
DEAL-05477,15,15,approved,2026-02-12,2026-02-15
DEAL-05478,8,1,approved,2025-04-01,2025-04-03
DEAL-05479,8,2,pending,2024-08-02,2024-08-04
DEAL-05480,15,15,approved,2025-09-08,2025-09-12
DEAL-05481,17,15,pending,,
DEAL-05482,11,11,approved,2026-03-05,2026-03-06
DEAL-05483,10,10,approved,2025-07-15,2025-07-17
DEAL-05484,19,19,approved,2024-08-13,2024-08-14
DEAL-05485,19,19,approved,2024-04-10,2024-04-12
DEAL-05486,12,3,pending,2024-10-18,2024-10-26
DEAL-05487,13,13,approved,2025-09-19,2025-09-23
DEAL-05488,8,8,approved,2024-09-20,2024-09-25
DEAL-05489,13,13,approved,2026-02-28,2026-03-04
DEAL-05490,18,18,approved,2024-04-16,2024-04-19
DEAL-05491,20,3,pending,2026-01-15,2026-01-28
DEAL-05492,20,20,approved,2024-03-30,2024-04-04
DEAL-05493,9,5,flagged,2026-04-19,2026-04-23
DEAL-05494,20,20,approved,2024-10-10,2024-10-13
DEAL-05495,14,14,approved,2024-01-22,2024-01-24
DEAL-05496,16,13,flagged,2025-07-17,2025-07-19
DEAL-05497,8,8,approved,2024-06-13,2024-06-16
DEAL-05498,12,12,approved,2026-04-13,2026-04-17
DEAL-05499,19,0,flagged,2024-08-30,
DEAL-05500,12,6,pending,2026-04-09,2026-04-17
DEAL-05501,12,6,approved,,
DEAL-05502,18,14,pending,2024-11-21,2024-12-01
DEAL-05503,13,5,approved,2025-01-13,2025-01-21
DEAL-05504,18,18,approved,2026-03-07,2026-03-12
DEAL-05505,19,19,approved,2024-12-15,2024-12-18
DEAL-05506,16,16,approved,2026-01-30,2026-02-01
DEAL-05507,15,15,approved,2025-08-06,2025-08-11
DEAL-05508,11,6,pending,2026-04-20,2026-04-26
DEAL-05509,17,17,approved,2025-06-10,2025-06-12
DEAL-05510,10,10,approved,2025-04-06,2025-04-11
DEAL-05511,17,17,approved,2024-06-14,2024-06-16
DEAL-05512,12,7,pending,2025-03-01,2025-03-11
DEAL-05513,16,16,approved,2024-08-15,2024-08-17
DEAL-05514,15,15,approved,2025-03-24,2025-03-28
DEAL-05515,20,20,approved,2026-01-11,2026-01-16
DEAL-05516,16,16,pending,,
DEAL-05517,9,9,approved,2025-07-27,2025-07-29
DEAL-05518,15,4,flagged,2025-11-10,2025-11-22
DEAL-05519,16,16,approved,2024-07-09,2024-07-13
DEAL-05520,16,16,approved,2025-03-09,2025-03-12
DEAL-05521,14,14,approved,2025-01-05,2025-01-08
DEAL-05522,11,11,approved,2026-01-13,2026-01-14
DEAL-05523,16,16,approved,2024-07-24,2024-07-28
DEAL-05524,19,19,approved,2026-04-30,2026-05-03
DEAL-05525,13,13,approved,2024-04-26,2024-04-28
DEAL-05526,10,10,approved,2025-01-03,2025-01-08
DEAL-05527,13,13,approved,2025-04-21,2025-04-24
DEAL-05528,14,14,approved,2026-05-13,2026-05-16
DEAL-05529,8,8,approved,2024-06-04,2024-06-07
DEAL-05530,11,5,flagged,2024-07-25,2024-07-28
DEAL-05531,13,13,approved,2025-07-21,2025-07-22
DEAL-05532,8,8,approved,2025-02-05,2025-02-06
DEAL-05533,8,8,approved,2025-07-17,2025-07-20
DEAL-05534,18,13,pending,2025-04-14,2025-04-27
DEAL-05535,20,4,pending,,
DEAL-05536,17,17,approved,2025-07-22,2025-07-26
DEAL-05537,19,19,approved,2025-06-16,2025-06-18
DEAL-05538,13,6,pending,2024-07-03,2024-07-15
DEAL-05539,15,9,pending,2025-04-30,2025-05-04
DEAL-05540,10,10,approved,2026-03-26,2026-03-28
DEAL-05541,15,6,pending,2025-06-20,2025-06-28
DEAL-05542,9,7,approved,2025-07-30,2025-08-04
DEAL-05543,14,14,approved,2025-04-27,2025-05-02
DEAL-05544,17,9,pending,2024-12-05,2024-12-12
DEAL-05545,8,0,flagged,2024-08-17,
DEAL-05546,16,16,approved,2025-07-10,2025-07-13
DEAL-05547,11,11,approved,2024-07-15,2024-07-20
DEAL-05548,12,12,approved,2024-09-18,2024-09-19
DEAL-05549,20,20,approved,2024-07-27,2024-07-31
DEAL-05550,10,8,pending,2024-05-28,2024-05-29
DEAL-05551,8,8,approved,2024-12-03,2024-12-08
DEAL-05552,16,16,approved,2024-02-29,2024-03-04
DEAL-05553,8,8,approved,2025-06-09,2025-06-12
DEAL-05554,12,12,approved,2024-05-25,2024-05-26
DEAL-05555,19,19,approved,2024-07-10,2024-07-14
DEAL-05556,10,1,pending,2026-02-15,2026-02-17
DEAL-05557,20,20,approved,2025-02-05,2025-02-06
DEAL-05558,10,10,approved,2026-02-18,2026-02-23
DEAL-05559,16,16,approved,2026-04-01,2026-04-06
DEAL-05560,17,17,approved,2024-05-01,2024-05-03
DEAL-05561,15,15,approved,2026-03-10,2026-03-15
DEAL-05562,10,10,approved,2025-06-18,2025-06-21
DEAL-05563,17,7,flagged,2024-08-07,2024-08-12
DEAL-05564,11,11,approved,2025-08-31,2025-09-04
DEAL-05565,20,20,approved,2024-05-09,2024-05-12
DEAL-05566,17,17,approved,2025-05-30,2025-06-01
DEAL-05567,8,8,approved,2026-04-02,2026-04-06
DEAL-05568,9,9,approved,2026-04-07,2026-04-09
DEAL-05569,11,11,approved,2026-04-19,2026-04-23
DEAL-05570,20,20,approved,2024-04-13,2024-04-15
DEAL-05571,11,11,approved,2024-08-23,2024-08-25
DEAL-05572,14,14,approved,2024-05-01,2024-05-03
DEAL-05573,18,18,approved,2024-07-10,2024-07-11
DEAL-05574,19,19,approved,2026-05-19,2026-05-21
DEAL-05575,9,1,pending,,
DEAL-05576,13,13,approved,2024-06-29,2024-07-04
DEAL-05577,11,11,approved,2024-11-20,2024-11-22
DEAL-05578,15,15,approved,2025-05-06,2025-05-10
DEAL-05579,12,12,approved,2025-02-17,2025-02-22
DEAL-05580,15,15,approved,2025-09-13,2025-09-17
DEAL-05581,9,9,approved,2025-04-04,2025-04-07
DEAL-05582,9,3,flagged,2024-06-11,2024-06-22
DEAL-05583,8,8,approved,2024-06-17,2024-06-19
DEAL-05584,11,11,pending,2025-06-13,2025-06-15
DEAL-05585,9,9,approved,2024-04-08,2024-04-11
DEAL-05586,20,20,approved,2026-03-29,2026-04-03
DEAL-05587,12,5,flagged,2024-04-10,2024-04-12
DEAL-05588,14,14,approved,2024-12-22,2024-12-27
DEAL-05589,20,20,approved,2024-04-17,2024-04-20
DEAL-05590,18,18,approved,2025-05-05,2025-05-09
DEAL-05591,10,10,approved,2025-10-02,2025-10-04
DEAL-05592,17,17,approved,2025-08-11,2025-08-15
DEAL-05593,13,13,approved,2026-03-16,2026-03-20
DEAL-05594,17,13,flagged,2026-03-10,2026-03-13
DEAL-05595,16,16,approved,2025-10-11,2025-10-14
DEAL-05596,16,16,approved,2026-05-02,2026-05-03
DEAL-05597,11,11,approved,2024-05-02,2024-05-05
DEAL-05598,16,16,approved,2024-08-24,2024-08-26
DEAL-05599,18,18,approved,2026-04-21,2026-04-22
DEAL-05600,18,13,flagged,,
DEAL-05601,14,2,pending,2024-07-31,2024-08-08
DEAL-05602,8,8,approved,2025-03-16,2025-03-17
DEAL-05603,20,20,approved,2024-05-03,2024-05-06
DEAL-05604,8,8,approved,2026-04-19,2026-04-21
DEAL-05605,12,12,approved,2025-11-20,2025-11-23
DEAL-05606,8,8,approved,2025-07-10,2025-07-15
DEAL-05607,19,9,flagged,2025-10-10,2025-10-16
DEAL-05608,14,12,flagged,2025-05-17,2025-05-20
DEAL-05609,12,12,approved,2024-04-23,2024-04-24
DEAL-05610,13,13,approved,2024-06-27,2024-06-29
DEAL-05611,19,19,approved,2026-03-13,2026-03-17
DEAL-05612,13,11,pending,2025-02-07,2025-02-09
DEAL-05613,19,19,approved,2024-10-12,2024-10-17
DEAL-05614,17,17,approved,2026-01-27,2026-01-30
DEAL-05615,12,12,approved,2024-12-18,2024-12-19
DEAL-05616,13,13,approved,2024-07-26,2024-07-30
DEAL-05617,8,8,approved,2025-11-25,2025-11-30
DEAL-05618,10,6,flagged,2026-05-18,2026-05-27
DEAL-05619,18,15,flagged,2025-05-07,2025-05-11
DEAL-05620,17,16,approved,2025-06-06,2025-06-11
DEAL-05621,19,19,approved,2024-11-15,2024-11-19
DEAL-05622,16,16,approved,2024-07-12,2024-07-16
DEAL-05623,17,17,approved,2025-09-24,2025-09-26
DEAL-05624,10,10,approved,2025-04-19,2025-04-24
DEAL-05625,11,11,approved,2026-04-08,2026-04-09
DEAL-05626,9,9,approved,2025-08-30,2025-09-03
DEAL-05627,11,11,approved,2025-06-19,2025-06-22
DEAL-05628,17,14,flagged,2026-03-11,2026-03-12
DEAL-05629,10,10,approved,2025-09-02,2025-09-03
DEAL-05630,14,14,approved,2024-05-29,2024-05-31
DEAL-05631,12,2,flagged,2026-02-13,2026-02-26
DEAL-05632,19,19,approved,2026-03-28,2026-03-31
DEAL-05633,14,14,approved,2024-03-23,2024-03-28
DEAL-05634,14,10,pending,2026-05-05,2026-05-16
DEAL-05635,13,5,pending,2026-05-14,2026-05-24
DEAL-05636,13,13,approved,2025-08-28,2025-09-02
DEAL-05637,8,8,approved,2026-02-22,2026-02-27
DEAL-05638,12,12,approved,2024-05-18,2024-05-23
DEAL-05639,16,9,flagged,2024-10-02,2024-10-15
DEAL-05640,15,15,approved,2025-01-09,2025-01-13
DEAL-05641,15,15,approved,2026-03-04,2026-03-06
DEAL-05642,11,11,pending,2024-12-03,2024-12-08
DEAL-05643,11,11,approved,2025-07-31,2025-08-05
DEAL-05644,19,19,approved,2026-01-14,2026-01-19
DEAL-05645,14,14,approved,2024-05-30,2024-06-03
DEAL-05646,19,19,approved,2024-07-21,2024-07-24
DEAL-05647,17,17,approved,2025-09-28,2025-10-02
DEAL-05648,12,12,approved,2026-02-12,2026-02-15
DEAL-05649,18,14,approved,2024-05-10,2024-05-19
DEAL-05650,14,11,flagged,2025-04-02,2025-04-07
DEAL-05651,16,16,approved,2026-04-07,2026-04-09
DEAL-05652,13,13,approved,2025-04-01,2025-04-02
DEAL-05653,11,11,approved,2024-06-13,2024-06-18
DEAL-05654,20,20,approved,2025-03-25,2025-03-29
DEAL-05655,15,15,approved,2026-04-21,2026-04-23
DEAL-05656,8,8,approved,2025-11-17,2025-11-21
DEAL-05657,18,18,approved,2025-06-29,2025-07-02
DEAL-05658,8,3,pending,2025-01-09,2025-01-18
DEAL-05659,15,15,approved,2025-04-21,2025-04-23
DEAL-05660,11,11,approved,2024-06-21,2024-06-26
DEAL-05661,9,9,approved,2025-06-17,2025-06-22
DEAL-05662,10,6,approved,2026-05-07,2026-05-16
DEAL-05663,16,16,approved,2024-10-07,2024-10-11
DEAL-05664,15,11,flagged,2025-08-22,2025-08-28
DEAL-05665,11,11,approved,2025-10-20,2025-10-22
DEAL-05666,20,20,approved,2025-01-11,2025-01-14
DEAL-05667,10,10,approved,2025-05-20,2025-05-23
DEAL-05668,14,14,approved,2025-09-27,2025-09-28
DEAL-05669,9,9,approved,2024-03-04,2024-03-09
DEAL-05670,10,10,approved,2024-07-25,2024-07-30
DEAL-05671,13,13,approved,2024-10-28,2024-10-30
DEAL-05672,18,18,approved,2024-11-13,2024-11-15
DEAL-05673,17,17,approved,2025-01-23,2025-01-27
DEAL-05674,14,14,approved,2024-04-21,2024-04-24
DEAL-05675,14,14,approved,2024-08-07,2024-08-09
DEAL-05676,9,9,approved,2025-07-11,2025-07-12
DEAL-05677,12,12,approved,2026-03-13,2026-03-17
DEAL-05678,17,17,approved,2024-04-03,2024-04-08
DEAL-05679,15,8,pending,2025-10-11,2025-10-25
DEAL-05680,11,11,approved,2024-10-12,2024-10-16
DEAL-05681,11,11,approved,2024-06-19,2024-06-22
DEAL-05682,20,20,approved,2024-01-30,2024-02-03
DEAL-05683,17,1,pending,2025-01-23,2025-01-30
DEAL-05684,13,5,pending,2024-12-02,2024-12-10
DEAL-05685,13,8,flagged,2024-04-29,2024-05-12
DEAL-05686,17,17,approved,2025-06-14,2025-06-17
DEAL-05687,19,1,approved,2025-04-24,2025-05-02
DEAL-05688,14,14,approved,2025-04-02,2025-04-04
DEAL-05689,19,15,flagged,2024-04-06,2024-04-14
DEAL-05690,14,14,approved,2025-03-28,2025-03-31
DEAL-05691,16,16,approved,2024-07-31,2024-08-03
DEAL-05692,16,16,approved,2025-12-16,2025-12-21
DEAL-05693,14,14,approved,2024-07-16,2024-07-19
DEAL-05694,17,17,approved,2024-04-28,2024-04-30
DEAL-05695,19,19,approved,2025-01-12,2025-01-13
DEAL-05696,12,12,approved,2024-04-20,2024-04-24
DEAL-05697,11,11,approved,2025-07-18,2025-07-22
DEAL-05698,14,14,approved,2025-08-31,2025-09-04
DEAL-05699,16,16,approved,2025-05-19,2025-05-22
DEAL-05700,10,2,flagged,,
DEAL-05701,17,9,flagged,2026-01-22,2026-02-03
DEAL-05702,20,3,approved,2024-05-15,2024-05-27
DEAL-05703,15,15,approved,2024-07-20,2024-07-23
DEAL-05704,17,14,flagged,2024-06-14,2024-06-16
DEAL-05705,18,18,approved,2024-11-08,2024-11-09
DEAL-05706,10,10,approved,2026-05-09,2026-05-14
DEAL-05707,10,10,approved,2026-03-09,2026-03-12
DEAL-05708,14,6,pending,2024-06-23,2024-07-06
DEAL-05709,10,10,approved,2024-05-18,2024-05-23
DEAL-05710,13,4,flagged,2026-03-12,2026-03-24
DEAL-05711,10,10,approved,2026-04-27,2026-05-02
DEAL-05712,9,9,approved,2025-11-10,2025-11-11
DEAL-05713,13,13,approved,2024-12-22,2024-12-26
DEAL-05714,10,10,approved,2024-07-18,2024-07-23
DEAL-05715,17,14,pending,2025-12-16,2025-12-18
DEAL-05716,13,13,approved,2024-06-13,2024-06-15
DEAL-05717,14,0,pending,,
DEAL-05718,9,9,approved,2024-11-14,2024-11-16
DEAL-05719,12,12,approved,2025-07-25,2025-07-28
DEAL-05720,15,15,approved,2024-11-04,2024-11-09
DEAL-05721,15,15,approved,2024-08-13,2024-08-18
DEAL-05722,20,20,approved,2025-04-22,2025-04-26
DEAL-05723,15,15,approved,2024-02-06,2024-02-07
DEAL-05724,10,10,approved,2026-05-05,2026-05-09
DEAL-05725,15,15,approved,2026-03-22,2026-03-23
DEAL-05726,11,7,flagged,2024-11-06,2024-11-08
DEAL-05727,16,16,approved,2026-02-05,2026-02-07
DEAL-05728,16,16,approved,2025-06-01,2025-06-06
DEAL-05729,18,18,approved,2026-02-27,2026-03-03
DEAL-05730,9,9,approved,2026-04-14,2026-04-16
DEAL-05731,8,8,approved,2026-01-29,2026-02-02
DEAL-05732,19,19,approved,2025-04-22,2025-04-24
DEAL-05733,11,11,approved,2024-04-22,2024-04-27
DEAL-05734,12,12,approved,2026-02-26,2026-02-27
DEAL-05735,12,12,approved,2025-12-23,2025-12-25
DEAL-05736,13,13,approved,2024-07-31,2024-08-02
DEAL-05737,19,19,approved,2024-07-19,2024-07-22
DEAL-05738,17,7,pending,2025-07-22,2025-07-27
DEAL-05739,17,4,flagged,2025-07-11,2025-07-17
DEAL-05740,9,9,approved,2026-05-13,2026-05-18
DEAL-05741,16,16,approved,2025-07-12,2025-07-13
DEAL-05742,14,11,pending,2024-07-31,2024-08-09
DEAL-05743,9,5,flagged,2024-03-11,2024-03-15
DEAL-05744,12,12,approved,2026-03-14,2026-03-19
DEAL-05745,20,20,approved,2026-01-21,2026-01-24
DEAL-05746,19,10,approved,2024-08-14,2024-08-22
DEAL-05747,11,11,approved,2025-05-06,2025-05-11
DEAL-05748,12,12,approved,2025-05-21,2025-05-23
DEAL-05749,20,20,approved,2024-07-02,2024-07-07
DEAL-05750,19,19,approved,2026-04-01,2026-04-06
DEAL-05751,8,8,approved,2025-02-03,2025-02-07
DEAL-05752,13,13,approved,2024-12-15,2024-12-18
DEAL-05753,10,2,pending,2024-09-17,2024-10-01
DEAL-05754,20,20,approved,2026-03-10,2026-03-11
DEAL-05755,8,8,approved,2026-04-09,2026-04-13
DEAL-05756,15,15,approved,2024-03-15,2024-03-18
DEAL-05757,10,10,approved,2024-06-07,2024-06-11
DEAL-05758,18,18,approved,2025-06-06,2025-06-11
DEAL-05759,19,0,flagged,,
DEAL-05760,12,12,approved,2026-02-26,2026-02-27
DEAL-05761,17,2,pending,,
DEAL-05762,12,0,approved,2024-04-14,
DEAL-05763,13,13,approved,2024-08-07,2024-08-09
DEAL-05764,18,18,approved,2024-07-04,2024-07-05
DEAL-05765,12,12,approved,2026-05-07,2026-05-08
DEAL-05766,16,6,pending,2024-08-07,2024-08-16
DEAL-05767,14,14,approved,2024-02-24,2024-02-28
DEAL-05768,13,13,approved,2025-07-21,2025-07-23
DEAL-05769,20,20,approved,2024-08-21,2024-08-26
DEAL-05770,20,17,approved,2025-01-26,2025-01-30
DEAL-05771,12,12,approved,2026-03-06,2026-03-11
DEAL-05772,10,10,approved,2025-06-20,2025-06-22
DEAL-05773,17,14,pending,2026-03-06,2026-03-08
DEAL-05774,17,17,approved,2026-02-25,2026-02-26
DEAL-05775,16,16,approved,2025-03-06,2025-03-07
DEAL-05776,11,11,approved,2025-11-22,2025-11-26
DEAL-05777,19,19,approved,2025-10-26,2025-10-30
DEAL-05778,18,13,flagged,2024-03-25,2024-03-27
DEAL-05779,16,16,approved,2025-06-10,2025-06-12
DEAL-05780,17,17,approved,2026-03-01,2026-03-03
DEAL-05781,10,10,approved,2025-09-23,2025-09-24
DEAL-05782,11,6,pending,2026-03-14,2026-03-22
DEAL-05783,13,13,flagged,2026-04-17,2026-04-22
DEAL-05784,8,8,approved,2024-07-12,2024-07-17
DEAL-05785,16,16,approved,2026-01-28,2026-01-29
DEAL-05786,10,8,approved,2025-10-21,2025-10-23
DEAL-05787,8,8,approved,2024-12-28,2025-01-01
DEAL-05788,15,15,approved,2026-03-18,2026-03-19
DEAL-05789,14,5,flagged,2025-08-30,2025-09-02
DEAL-05790,15,15,approved,2024-02-09,2024-02-13
DEAL-05791,17,17,approved,2024-09-27,2024-10-02
DEAL-05792,12,0,flagged,2026-01-03,
DEAL-05793,17,9,flagged,2026-03-05,2026-03-10
DEAL-05794,13,1,approved,2026-03-14,2026-03-23
DEAL-05795,18,18,approved,2026-02-09,2026-02-12
DEAL-05796,17,17,approved,2024-05-27,2024-05-31
DEAL-05797,14,14,approved,2024-12-16,2024-12-20
DEAL-05798,8,8,approved,2024-08-14,2024-08-18
DEAL-05799,20,20,approved,2025-04-18,2025-04-23
DEAL-05800,10,10,approved,2024-08-25,2024-08-30
DEAL-05801,12,6,pending,,
DEAL-05802,17,17,approved,2024-08-20,2024-08-25
DEAL-05803,17,17,approved,2024-11-23,2024-11-24
DEAL-05804,20,20,approved,2026-05-05,2026-05-08
DEAL-05805,9,9,approved,2026-03-11,2026-03-16
DEAL-05806,15,15,approved,2024-05-19,2024-05-22
DEAL-05807,14,14,approved,2025-11-14,2025-11-19
DEAL-05808,12,12,approved,2024-02-21,2024-02-24
DEAL-05809,15,15,approved,2026-04-08,2026-04-13
DEAL-05810,13,13,approved,2024-09-16,2024-09-20
DEAL-05811,12,12,approved,2024-07-15,2024-07-17
DEAL-05812,11,11,approved,2025-06-13,2025-06-17
DEAL-05813,20,20,approved,2026-03-04,2026-03-09
DEAL-05814,13,8,pending,2026-03-11,2026-03-16
DEAL-05815,11,11,approved,2024-11-10,2024-11-13
DEAL-05816,11,11,approved,2024-03-30,2024-04-04
DEAL-05817,12,12,approved,2026-03-29,2026-04-02
DEAL-05818,19,19,approved,2026-03-14,2026-03-19
DEAL-05819,18,18,approved,2025-06-29,2025-07-01
DEAL-05820,20,7,pending,2025-04-12,2025-04-15
DEAL-05821,18,18,approved,2025-12-14,2025-12-18
DEAL-05822,8,5,flagged,2024-05-19,2024-05-23
DEAL-05823,15,15,approved,2025-03-28,2025-03-30
DEAL-05824,16,16,approved,2024-05-11,2024-05-12
DEAL-05825,12,12,approved,2026-03-11,2026-03-14
DEAL-05826,11,11,approved,2024-10-13,2024-10-14
DEAL-05827,10,10,approved,2025-12-01,2025-12-02
DEAL-05828,13,13,approved,2026-05-10,2026-05-13
DEAL-05829,17,17,approved,2026-03-12,2026-03-16
DEAL-05830,14,14,approved,2025-12-28,2025-12-31
DEAL-05831,13,3,flagged,2026-03-20,2026-03-28
DEAL-05832,11,11,approved,2026-01-06,2026-01-09
DEAL-05833,9,9,approved,2025-06-15,2025-06-19
DEAL-05834,19,2,flagged,2025-04-29,2025-05-11
DEAL-05835,17,17,approved,2025-01-03,2025-01-06
DEAL-05836,17,9,flagged,2024-05-31,2024-06-04
DEAL-05837,9,9,approved,2026-01-03,2026-01-08
DEAL-05838,20,20,approved,2024-06-27,2024-06-28
DEAL-05839,12,12,approved,2025-05-08,2025-05-10
DEAL-05840,13,13,approved,2025-09-21,2025-09-22
DEAL-05841,11,11,approved,2025-12-29,2025-12-30
DEAL-05842,18,18,approved,2025-07-05,2025-07-09
DEAL-05843,12,6,flagged,2026-05-18,2026-05-29
DEAL-05844,8,8,approved,2025-09-25,2025-09-30
DEAL-05845,11,11,approved,2026-03-17,2026-03-18
DEAL-05846,10,10,approved,2024-06-24,2024-06-26
DEAL-05847,20,7,flagged,2025-05-21,2025-05-24
DEAL-05848,16,5,approved,,
DEAL-05849,16,16,approved,2026-03-22,2026-03-25
DEAL-05850,18,18,approved,2025-06-07,2025-06-09
DEAL-05851,13,13,approved,2025-09-30,2025-10-05
DEAL-05852,14,14,approved,2025-11-14,2025-11-16
DEAL-05853,16,16,approved,2025-12-11,2025-12-12
DEAL-05854,17,17,approved,2025-11-03,2025-11-04
DEAL-05855,13,0,flagged,2024-05-23,
DEAL-05856,20,20,approved,2026-01-10,2026-01-11
DEAL-05857,18,18,approved,2024-12-11,2024-12-15
DEAL-05858,20,20,approved,2026-03-06,2026-03-07
DEAL-05859,15,15,approved,2024-07-11,2024-07-15
DEAL-05860,8,5,pending,2026-02-06,2026-02-12
DEAL-05861,10,7,pending,2026-03-04,2026-03-09
DEAL-05862,15,0,flagged,2025-04-09,
DEAL-05863,8,8,approved,2026-05-16,2026-05-21
DEAL-05864,13,3,flagged,2024-05-17,2024-05-27
DEAL-05865,16,10,pending,2024-07-06,2024-07-13
DEAL-05866,15,14,approved,2024-06-16,2024-06-21
DEAL-05867,8,8,approved,2025-07-01,2025-07-04
DEAL-05868,14,10,pending,2024-08-22,2024-08-26
DEAL-05869,18,18,approved,2025-09-09,2025-09-14
DEAL-05870,18,18,approved,2025-10-20,2025-10-23
DEAL-05871,8,8,approved,2025-02-03,2025-02-05
DEAL-05872,8,3,approved,,
DEAL-05873,18,18,approved,2025-01-05,2025-01-10
DEAL-05874,15,15,approved,2025-02-21,2025-02-26
DEAL-05875,19,19,approved,2025-09-05,2025-09-09
DEAL-05876,8,8,approved,2026-04-28,2026-05-01
DEAL-05877,13,13,approved,2025-05-31,2025-06-03
DEAL-05878,13,13,approved,2025-08-10,2025-08-11
DEAL-05879,14,14,approved,2024-09-17,2024-09-20
DEAL-05880,15,15,approved,2025-08-25,2025-08-28
DEAL-05881,14,14,approved,2024-09-18,2024-09-21
DEAL-05882,13,0,approved,2026-04-22,
DEAL-05883,16,2,flagged,2024-05-04,2024-05-10
DEAL-05884,12,12,approved,2025-07-07,2025-07-12
DEAL-05885,17,17,approved,2026-01-05,2026-01-08
DEAL-05886,18,18,approved,2024-09-16,2024-09-20
DEAL-05887,15,15,approved,2024-07-17,2024-07-21
DEAL-05888,8,8,approved,2024-08-07,2024-08-10
DEAL-05889,12,3,approved,2025-03-15,2025-03-17
DEAL-05890,14,14,approved,2025-01-23,2025-01-24
DEAL-05891,9,9,approved,2024-06-28,2024-07-01
DEAL-05892,9,9,approved,2025-07-23,2025-07-26
DEAL-05893,11,8,flagged,2025-12-20,2026-01-01
DEAL-05894,12,12,approved,2026-05-17,2026-05-20
DEAL-05895,15,15,approved,2025-01-19,2025-01-20
DEAL-05896,17,11,pending,2024-08-01,2024-08-12
DEAL-05897,15,15,approved,2024-08-07,2024-08-09
DEAL-05898,14,14,approved,2025-07-27,2025-07-28
DEAL-05899,18,18,approved,2025-07-26,2025-07-29
DEAL-05900,11,11,approved,2026-04-03,2026-04-07
DEAL-05901,12,3,pending,2024-07-13,2024-07-19
DEAL-05902,13,7,pending,2025-01-21,2025-02-01
DEAL-05903,8,8,approved,2024-11-17,2024-11-19
DEAL-05904,11,2,flagged,2024-05-15,2024-05-27
DEAL-05905,11,3,approved,2024-04-07,2024-04-09
DEAL-05906,9,9,approved,2024-08-30,2024-09-02
DEAL-05907,9,2,pending,2024-08-08,2024-08-19
DEAL-05908,10,6,approved,2025-12-15,2025-12-23
DEAL-05909,15,3,approved,2025-07-26,2025-08-03
DEAL-05910,9,9,approved,2025-02-16,2025-02-17
DEAL-05911,17,3,approved,2024-03-14,2024-03-21
DEAL-05912,12,9,pending,2024-10-19,2024-10-25
DEAL-05913,18,18,approved,2025-03-01,2025-03-06
DEAL-05914,9,9,approved,2026-02-16,2026-02-19
DEAL-05915,18,18,approved,2025-11-05,2025-11-06
DEAL-05916,12,12,approved,2026-05-15,2026-05-19
DEAL-05917,20,9,flagged,2024-08-20,2024-08-23
DEAL-05918,14,9,flagged,2026-03-27,2026-04-05
DEAL-05919,20,20,approved,2025-03-20,2025-03-23
DEAL-05920,15,15,approved,2026-01-07,2026-01-11
DEAL-05921,18,18,approved,2024-09-23,2024-09-24
DEAL-05922,19,19,approved,2025-09-06,2025-09-07
DEAL-05923,16,16,approved,2025-01-23,2025-01-26
DEAL-05924,19,19,approved,2024-11-22,2024-11-26
DEAL-05925,12,12,approved,2024-09-30,2024-10-04
DEAL-05926,18,18,approved,2025-04-20,2025-04-22
DEAL-05927,13,13,approved,2025-07-14,2025-07-18
DEAL-05928,19,19,approved,2025-11-13,2025-11-17
DEAL-05929,12,12,approved,2024-11-01,2024-11-06
DEAL-05930,8,8,approved,2025-05-12,2025-05-13
DEAL-05931,16,16,approved,2024-07-13,2024-07-14
DEAL-05932,20,20,approved,2024-04-02,2024-04-05
DEAL-05933,20,15,flagged,,
DEAL-05934,10,10,approved,2026-05-01,2026-05-06
DEAL-05935,8,8,approved,2025-12-31,2026-01-01
DEAL-05936,16,16,approved,2024-10-15,2024-10-17
DEAL-05937,11,11,approved,2026-04-19,2026-04-23
DEAL-05938,9,9,approved,2024-07-03,2024-07-06
DEAL-05939,19,19,approved,2025-08-15,2025-08-17
DEAL-05940,13,13,approved,2024-04-07,2024-04-12
DEAL-05941,19,19,approved,2024-05-11,2024-05-13
DEAL-05942,10,10,approved,2026-03-07,2026-03-11
DEAL-05943,20,20,approved,2026-03-22,2026-03-24
DEAL-05944,20,20,approved,2024-07-24,2024-07-28
DEAL-05945,12,10,flagged,2024-04-18,2024-04-22
DEAL-05946,8,8,approved,2026-04-07,2026-04-12
DEAL-05947,17,17,approved,2025-06-24,2025-06-28
DEAL-05948,18,18,approved,2025-03-03,2025-03-05
DEAL-05949,9,6,pending,,
DEAL-05950,17,17,approved,2026-04-08,2026-04-11
DEAL-05951,10,10,approved,2024-12-24,2024-12-29
DEAL-05952,13,10,pending,2025-11-09,2025-11-11
DEAL-05953,14,14,approved,2024-03-06,2024-03-08
DEAL-05954,20,20,approved,2026-02-16,2026-02-19
DEAL-05955,18,6,pending,2025-02-01,2025-02-03
DEAL-05956,12,12,approved,2024-04-19,2024-04-20
DEAL-05957,16,9,pending,2025-11-15,2025-11-21
DEAL-05958,18,12,flagged,2024-08-31,2024-09-10
DEAL-05959,18,18,approved,2024-10-20,2024-10-21
DEAL-05960,11,2,pending,2025-02-28,2025-03-05
DEAL-05961,16,16,approved,2025-11-01,2025-11-03
DEAL-05962,10,10,approved,2024-02-07,2024-02-08
DEAL-05963,14,4,pending,2025-07-12,2025-07-19
DEAL-05964,19,19,approved,2025-08-04,2025-08-06
DEAL-05965,17,17,approved,2025-07-15,2025-07-18
DEAL-05966,16,8,pending,2025-04-03,2025-04-07
DEAL-05967,14,14,approved,2024-06-18,2024-06-23
DEAL-05968,11,11,approved,2024-05-02,2024-05-06
DEAL-05969,17,17,approved,2026-04-04,2026-04-08
DEAL-05970,12,8,flagged,2026-03-05,2026-03-17
DEAL-05971,19,19,approved,2024-05-19,2024-05-23
DEAL-05972,11,11,approved,2024-08-14,2024-08-15
DEAL-05973,8,8,approved,2026-05-04,2026-05-05
DEAL-05974,19,19,approved,2024-04-20,2024-04-21
DEAL-05975,8,8,approved,2024-07-28,2024-08-02
DEAL-05976,20,20,approved,2026-03-09,2026-03-12
DEAL-05977,14,14,approved,2025-11-09,2025-11-12
DEAL-05978,9,4,pending,2025-04-10,2025-04-19
DEAL-05979,13,5,pending,2024-11-09,2024-11-13
DEAL-05980,17,17,approved,2024-07-22,2024-07-26
DEAL-05981,13,13,approved,2026-05-07,2026-05-10
DEAL-05982,9,9,approved,2026-04-02,2026-04-07
DEAL-05983,17,17,approved,2025-07-20,2025-07-25
DEAL-05984,15,15,approved,2025-12-14,2025-12-18
DEAL-05985,18,18,approved,2026-03-02,2026-03-05
DEAL-05986,16,16,approved,2025-08-21,2025-08-22
DEAL-05987,11,11,approved,2025-10-23,2025-10-27
DEAL-05988,19,19,approved,2025-07-26,2025-07-29
DEAL-05989,16,2,flagged,2025-05-12,2025-05-17
DEAL-05990,19,19,approved,2025-10-03,2025-10-07
DEAL-05991,14,6,pending,2024-07-26,2024-07-28
DEAL-05992,20,20,approved,2025-06-18,2025-06-23
DEAL-05993,10,10,approved,2024-10-27,2024-10-31
DEAL-05994,14,14,approved,2026-05-14,2026-05-19
DEAL-05995,19,19,approved,2025-11-08,2025-11-09
DEAL-05996,19,19,approved,2025-08-22,2025-08-25
DEAL-05997,17,17,approved,2026-04-01,2026-04-05
DEAL-05998,19,19,approved,2024-12-13,2024-12-14
DEAL-05999,20,20,approved,2025-10-14,2025-10-17
DEAL-06000,10,10,approved,2025-08-07,2025-08-10
DEAL-06001,15,15,approved,2025-05-01,2025-05-06
DEAL-06002,15,15,approved,2025-11-17,2025-11-20
DEAL-06003,20,20,approved,2026-03-26,2026-03-30
DEAL-06004,16,9,flagged,2024-11-15,2024-11-27
DEAL-06005,18,18,approved,2026-04-03,2026-04-07
DEAL-06006,12,12,approved,2025-05-20,2025-05-21
DEAL-06007,10,10,approved,2026-03-17,2026-03-18
DEAL-06008,15,7,flagged,2024-08-13,2024-08-25
DEAL-06009,17,17,approved,2025-07-07,2025-07-10
DEAL-06010,13,3,flagged,2024-07-01,2024-07-14
DEAL-06011,10,10,approved,2025-06-18,2025-06-20
DEAL-06012,8,8,approved,2026-03-13,2026-03-17
DEAL-06013,15,15,approved,2025-03-05,2025-03-08
DEAL-06014,15,9,approved,2026-05-03,2026-05-05
DEAL-06015,17,17,approved,2026-04-08,2026-04-13
DEAL-06016,10,10,approved,2024-07-24,2024-07-26
DEAL-06017,15,15,approved,2024-06-30,2024-07-03
DEAL-06018,18,4,flagged,2024-04-21,2024-05-01
DEAL-06019,8,8,approved,2024-10-23,2024-10-26
DEAL-06020,19,7,pending,2025-06-14,2025-06-21
DEAL-06021,9,9,approved,2026-04-09,2026-04-13
DEAL-06022,9,9,approved,2025-07-26,2025-07-29
DEAL-06023,9,9,approved,2025-08-18,2025-08-21
DEAL-06024,19,19,approved,2024-08-31,2024-09-05
DEAL-06025,8,8,approved,2026-05-02,2026-05-05
DEAL-06026,8,8,approved,2024-07-10,2024-07-13
DEAL-06027,10,10,approved,2024-05-08,2024-05-12
DEAL-06028,9,9,approved,2024-05-29,2024-06-03
DEAL-06029,11,11,approved,2026-04-25,2026-04-29
DEAL-06030,11,11,approved,2025-08-23,2025-08-25
DEAL-06031,12,12,approved,2026-04-17,2026-04-21
DEAL-06032,16,6,flagged,2026-03-14,2026-03-22
DEAL-06033,16,16,approved,2026-02-25,2026-02-26
DEAL-06034,20,20,approved,2024-12-21,2024-12-22
DEAL-06035,17,11,flagged,2024-11-16,2024-11-22
DEAL-06036,13,2,flagged,2024-04-08,2024-04-16
DEAL-06037,8,8,approved,2025-07-15,2025-07-20
DEAL-06038,18,18,approved,2024-07-09,2024-07-14
DEAL-06039,9,9,approved,2025-11-18,2025-11-23
DEAL-06040,16,2,approved,2024-07-05,2024-07-16
DEAL-06041,9,9,approved,2024-11-02,2024-11-06
DEAL-06042,14,14,approved,2025-07-05,2025-07-10
DEAL-06043,10,5,flagged,2026-01-19,2026-01-22
DEAL-06044,19,5,approved,2026-02-26,2026-03-05
DEAL-06045,11,11,approved,2025-12-04,2025-12-06
DEAL-06046,18,6,approved,2025-06-29,2025-07-08
DEAL-06047,10,10,approved,2025-09-20,2025-09-25
DEAL-06048,12,12,approved,2024-12-09,2024-12-14
DEAL-06049,14,14,approved,2024-04-01,2024-04-06
DEAL-06050,16,16,approved,2024-07-24,2024-07-27
DEAL-06051,14,14,approved,2024-03-30,2024-04-02
DEAL-06052,8,8,approved,2025-07-30,2025-08-01
DEAL-06053,17,8,flagged,2024-06-08,2024-06-16
DEAL-06054,9,9,approved,2025-04-07,2025-04-10
DEAL-06055,10,10,approved,2025-04-27,2025-04-28
DEAL-06056,18,4,flagged,2025-08-12,2025-08-20
DEAL-06057,8,8,approved,2025-09-14,2025-09-16
DEAL-06058,15,8,pending,2024-08-19,2024-08-26
DEAL-06059,9,9,approved,2024-10-09,2024-10-13
DEAL-06060,13,13,approved,2025-09-19,2025-09-22
DEAL-06061,11,11,approved,2025-07-22,2025-07-26
DEAL-06062,20,20,approved,2024-12-03,2024-12-08
DEAL-06063,11,11,approved,2024-08-05,2024-08-07
DEAL-06064,20,20,approved,2025-09-11,2025-09-16
DEAL-06065,16,16,approved,2026-04-29,2026-05-01
DEAL-06066,16,16,approved,2024-05-01,2024-05-05
DEAL-06067,11,11,approved,2026-05-02,2026-05-04
DEAL-06068,15,15,approved,2024-08-18,2024-08-21
DEAL-06069,20,20,approved,2024-05-01,2024-05-02
DEAL-06070,19,19,approved,2024-05-11,2024-05-15
DEAL-06071,10,10,approved,2024-06-04,2024-06-06
DEAL-06072,11,11,approved,2025-07-06,2025-07-09
DEAL-06073,18,18,approved,2024-08-07,2024-08-11
DEAL-06074,14,6,flagged,2025-08-01,2025-08-07
DEAL-06075,13,0,pending,2025-01-05,
DEAL-06076,19,4,pending,2024-10-24,2024-10-26
DEAL-06077,9,2,pending,2026-04-10,2026-04-21
DEAL-06078,12,12,approved,2025-07-21,2025-07-23
DEAL-06079,16,13,flagged,2025-08-29,2025-09-01
DEAL-06080,11,11,approved,2025-06-24,2025-06-26
DEAL-06081,17,17,approved,2026-03-16,2026-03-17
DEAL-06082,19,2,flagged,2026-02-08,2026-02-16
DEAL-06083,9,9,approved,2026-03-12,2026-03-16
DEAL-06084,16,7,pending,2024-10-26,2024-11-08
DEAL-06085,20,20,approved,2024-11-09,2024-11-12
DEAL-06086,9,9,approved,2025-10-26,2025-10-29
DEAL-06087,12,12,approved,2025-07-14,2025-07-16
DEAL-06088,12,12,approved,2024-04-23,2024-04-27
DEAL-06089,15,15,approved,2026-01-22,2026-01-26
DEAL-06090,14,14,approved,2025-06-03,2025-06-05
DEAL-06091,18,18,approved,2025-12-14,2025-12-17
DEAL-06092,8,3,flagged,2025-10-12,2025-10-23
DEAL-06093,9,9,approved,2026-05-02,2026-05-04
DEAL-06094,12,12,approved,2024-07-21,2024-07-22
DEAL-06095,19,19,approved,2025-02-19,2025-02-21
DEAL-06096,17,17,approved,2025-04-01,2025-04-05
DEAL-06097,15,8,flagged,,
DEAL-06098,18,18,approved,2025-10-19,2025-10-21
DEAL-06099,13,13,approved,2025-07-07,2025-07-09
DEAL-06100,10,10,approved,2024-09-11,2024-09-12
DEAL-06101,15,15,approved,2024-09-03,2024-09-07
DEAL-06102,14,14,approved,2026-01-18,2026-01-20
DEAL-06103,15,11,pending,2025-11-22,2025-12-04
DEAL-06104,18,6,pending,2024-03-11,2024-03-15
DEAL-06105,9,8,pending,2024-08-23,2024-08-28
DEAL-06106,16,16,approved,2024-08-01,2024-08-06
DEAL-06107,16,16,approved,2024-01-14,2024-01-18
DEAL-06108,14,14,approved,2026-05-06,2026-05-10
DEAL-06109,18,18,approved,2025-10-22,2025-10-27
DEAL-06110,17,17,approved,2026-04-27,2026-05-01
DEAL-06111,11,11,approved,2025-06-17,2025-06-21
DEAL-06112,19,19,approved,2024-06-13,2024-06-18
DEAL-06113,9,9,approved,2026-02-06,2026-02-11
DEAL-06114,13,13,approved,2024-07-22,2024-07-23
DEAL-06115,8,8,approved,2025-12-19,2025-12-21
DEAL-06116,20,20,approved,2024-06-28,2024-07-03
DEAL-06117,16,16,approved,2024-09-02,2024-09-05
DEAL-06118,16,16,approved,2025-02-13,2025-02-17
DEAL-06119,16,16,approved,2025-04-14,2025-04-15
DEAL-06120,9,9,approved,2024-10-03,2024-10-05
DEAL-06121,11,11,approved,2024-07-17,2024-07-20
DEAL-06122,15,15,approved,2026-03-04,2026-03-06
DEAL-06123,8,8,approved,2026-03-19,2026-03-22
DEAL-06124,15,4,approved,2026-04-28,2026-05-07
DEAL-06125,15,14,flagged,2024-10-21,2024-10-22
DEAL-06126,19,19,approved,2026-03-22,2026-03-23
DEAL-06127,10,0,flagged,2026-02-07,
DEAL-06128,12,2,approved,2024-08-03,2024-08-12
DEAL-06129,11,11,approved,2025-08-15,2025-08-19
DEAL-06130,19,19,approved,2025-09-23,2025-09-26
DEAL-06131,19,19,approved,2025-05-29,2025-05-30
DEAL-06132,19,19,approved,2024-07-01,2024-07-05
DEAL-06133,13,2,approved,2024-07-05,2024-07-13
DEAL-06134,12,12,approved,2024-04-12,2024-04-14
DEAL-06135,8,8,approved,2026-02-11,2026-02-16
DEAL-06136,10,10,approved,2026-04-11,2026-04-12
DEAL-06137,15,15,approved,2025-03-05,2025-03-06
DEAL-06138,14,14,approved,2024-01-31,2024-02-05
DEAL-06139,18,7,pending,2025-04-06,2025-04-14
DEAL-06140,11,6,flagged,2026-01-05,2026-01-17
DEAL-06141,12,9,pending,2026-03-14,2026-03-21
DEAL-06142,15,12,pending,2025-08-22,2025-08-24
DEAL-06143,9,9,approved,2024-11-05,2024-11-08
DEAL-06144,10,10,approved,2025-11-01,2025-11-02
DEAL-06145,15,15,approved,2026-03-08,2026-03-11
DEAL-06146,15,15,approved,2024-09-22,2024-09-25
DEAL-06147,8,5,pending,2026-04-04,2026-04-10
DEAL-06148,11,6,flagged,2025-08-15,2025-08-19
DEAL-06149,14,13,flagged,2026-02-25,2026-03-02
DEAL-06150,18,18,approved,2026-04-17,2026-04-20
DEAL-06151,20,3,pending,2026-04-05,2026-04-09
DEAL-06152,18,18,approved,2026-03-08,2026-03-10
DEAL-06153,20,0,approved,,
DEAL-06154,10,8,pending,2024-12-04,2024-12-08
DEAL-06155,15,15,approved,2026-03-14,2026-03-17
DEAL-06156,20,20,approved,2025-06-09,2025-06-11
DEAL-06157,17,17,approved,2024-10-10,2024-10-13
DEAL-06158,12,11,flagged,2025-08-03,2025-08-04
DEAL-06159,16,1,approved,2024-06-09,2024-06-14
DEAL-06160,20,20,approved,2025-04-19,2025-04-21
DEAL-06161,19,19,approved,2024-05-12,2024-05-17
DEAL-06162,17,17,approved,2025-09-23,2025-09-27
DEAL-06163,17,17,approved,2024-11-15,2024-11-17
DEAL-06164,9,9,approved,2024-08-29,2024-09-03
DEAL-06165,20,18,approved,,
DEAL-06166,14,14,approved,2026-03-02,2026-03-04
DEAL-06167,18,18,approved,2024-05-21,2024-05-22
DEAL-06168,8,8,approved,2024-12-03,2024-12-04
DEAL-06169,15,15,approved,2026-02-15,2026-02-17
DEAL-06170,19,19,approved,2024-08-21,2024-08-23
DEAL-06171,9,7,flagged,2024-11-21,2024-12-01
DEAL-06172,11,11,approved,2026-02-04,2026-02-09
DEAL-06173,13,13,approved,2025-01-15,2025-01-17
DEAL-06174,16,16,approved,2024-11-22,2024-11-26
DEAL-06175,12,9,flagged,2024-07-09,2024-07-18
DEAL-06176,11,11,pending,,
DEAL-06177,9,8,pending,2025-05-07,2025-05-11
DEAL-06178,17,4,approved,2024-05-28,2024-06-09
DEAL-06179,13,5,pending,2025-02-22,2025-03-06
DEAL-06180,16,9,flagged,2024-08-03,2024-08-13
DEAL-06181,13,13,approved,2025-11-12,2025-11-17
DEAL-06182,18,18,approved,2026-03-27,2026-04-01
DEAL-06183,10,10,approved,2026-03-06,2026-03-11
DEAL-06184,14,13,flagged,2024-08-26,2024-08-30
DEAL-06185,10,10,approved,2025-02-24,2025-02-25
DEAL-06186,10,10,approved,2026-01-22,2026-01-27
DEAL-06187,17,14,pending,2024-02-27,2024-02-28
DEAL-06188,15,13,flagged,2024-02-12,2024-02-13
DEAL-06189,19,19,approved,2025-09-08,2025-09-12
DEAL-06190,18,14,pending,2025-10-05,2025-10-10
DEAL-06191,13,12,flagged,2025-11-20,2025-11-24
DEAL-06192,14,13,pending,2025-05-28,2025-05-30
DEAL-06193,16,10,pending,2026-04-19,2026-04-29
DEAL-06194,10,6,pending,2025-07-24,2025-08-06
DEAL-06195,19,14,flagged,2025-07-09,2025-07-12
DEAL-06196,17,13,pending,2024-11-01,2024-11-15
DEAL-06197,11,11,approved,2024-05-31,2024-06-03
DEAL-06198,12,12,approved,2025-02-01,2025-02-02
DEAL-06199,8,8,approved,2024-07-29,2024-08-01
DEAL-06200,17,17,approved,2024-10-25,2024-10-26
DEAL-06201,20,9,pending,2025-09-23,2025-10-02
DEAL-06202,8,5,flagged,2024-06-05,2024-06-16
DEAL-06203,19,14,flagged,2025-11-24,2025-12-07
DEAL-06204,19,19,approved,2025-07-28,2025-08-01
DEAL-06205,10,10,approved,2025-10-03,2025-10-07
DEAL-06206,15,15,flagged,2026-04-07,2026-04-12
DEAL-06207,12,12,approved,2024-09-06,2024-09-11
DEAL-06208,18,18,approved,2025-06-23,2025-06-27
DEAL-06209,10,10,approved,2026-01-19,2026-01-23
DEAL-06210,14,14,approved,2026-04-17,2026-04-21
DEAL-06211,12,12,approved,2026-05-08,2026-05-12
DEAL-06212,16,16,approved,2025-05-13,2025-05-16
DEAL-06213,19,19,pending,,
DEAL-06214,18,18,approved,2026-04-15,2026-04-18
DEAL-06215,20,20,approved,2026-02-11,2026-02-15
DEAL-06216,12,2,flagged,2025-04-30,2025-05-04
DEAL-06217,11,11,approved,2024-08-31,2024-09-02
DEAL-06218,19,16,approved,2024-11-10,2024-11-12
DEAL-06219,17,17,approved,2024-06-10,2024-06-11
DEAL-06220,13,13,approved,2026-05-10,2026-05-14
DEAL-06221,15,15,approved,2025-04-21,2025-04-26
DEAL-06222,20,20,approved,2025-08-08,2025-08-10
DEAL-06223,20,20,approved,2026-03-11,2026-03-12
DEAL-06224,8,8,approved,2026-04-06,2026-04-10
DEAL-06225,18,18,approved,2024-09-21,2024-09-22
DEAL-06226,19,14,pending,2024-11-23,2024-12-04
DEAL-06227,17,7,approved,2026-03-28,2026-04-06
DEAL-06228,12,12,approved,2024-05-21,2024-05-22
DEAL-06229,13,13,approved,2025-08-14,2025-08-15
DEAL-06230,13,13,approved,2024-03-29,2024-03-31
DEAL-06231,8,8,approved,2025-03-24,2025-03-28
DEAL-06232,11,11,approved,2024-11-28,2024-12-01
DEAL-06233,19,19,approved,2025-05-30,2025-05-31
DEAL-06234,11,7,flagged,2025-09-05,2025-09-12
DEAL-06235,8,3,flagged,2026-03-30,2026-04-12
DEAL-06236,14,14,approved,2026-04-03,2026-04-04
DEAL-06237,17,17,approved,2025-03-24,2025-03-28
DEAL-06238,17,17,approved,2026-03-02,2026-03-07
DEAL-06239,16,1,flagged,2026-03-17,2026-03-30
DEAL-06240,10,10,approved,2025-08-04,2025-08-08
DEAL-06241,20,20,approved,2025-02-26,2025-03-02
DEAL-06242,16,16,approved,2024-06-05,2024-06-07
DEAL-06243,18,18,approved,2026-01-10,2026-01-15
DEAL-06244,13,13,approved,2024-10-09,2024-10-14
DEAL-06245,16,16,approved,2025-04-13,2025-04-14
DEAL-06246,15,15,approved,2024-12-17,2024-12-22
DEAL-06247,10,10,approved,2024-05-19,2024-05-23
DEAL-06248,12,12,approved,2024-07-17,2024-07-18
DEAL-06249,18,18,approved,2026-03-22,2026-03-24
DEAL-06250,8,8,approved,2026-04-29,2026-05-04
DEAL-06251,10,10,approved,2025-08-10,2025-08-12
DEAL-06252,13,1,approved,,
DEAL-06253,20,17,approved,2025-03-17,2025-03-21
DEAL-06254,10,9,flagged,2026-04-10,2026-04-15
DEAL-06255,16,7,flagged,2025-09-12,2025-09-21
DEAL-06256,9,4,pending,2024-12-29,2025-01-07
DEAL-06257,20,15,pending,2025-08-25,2025-09-03
DEAL-06258,14,14,approved,2024-07-10,2024-07-13
DEAL-06259,13,7,pending,2024-06-13,2024-06-16
DEAL-06260,13,13,approved,2026-04-01,2026-04-04
DEAL-06261,12,12,approved,2026-05-14,2026-05-18
DEAL-06262,16,16,approved,2024-11-27,2024-11-29
DEAL-06263,19,19,approved,2026-03-15,2026-03-18
DEAL-06264,16,16,approved,2026-03-02,2026-03-05
DEAL-06265,9,9,approved,2025-03-16,2025-03-17
DEAL-06266,11,11,approved,2025-06-15,2025-06-19
DEAL-06267,10,10,approved,2024-04-22,2024-04-24
DEAL-06268,11,11,approved,2025-04-06,2025-04-09
DEAL-06269,13,11,pending,2025-11-17,2025-11-22
DEAL-06270,18,18,approved,2025-06-27,2025-06-30
DEAL-06271,13,13,approved,2024-05-24,2024-05-25
DEAL-06272,18,3,approved,2026-04-22,2026-04-24
DEAL-06273,14,8,flagged,2024-05-03,2024-05-14
DEAL-06274,11,11,approved,2024-04-08,2024-04-12
DEAL-06275,8,1,approved,2024-10-29,2024-11-12
DEAL-06276,13,6,flagged,2025-05-24,2025-06-03
DEAL-06277,16,10,flagged,2025-04-10,2025-04-23
DEAL-06278,9,9,approved,2026-03-13,2026-03-16
DEAL-06279,18,18,approved,2026-05-10,2026-05-15
DEAL-06280,18,18,approved,2024-03-02,2024-03-06
DEAL-06281,10,10,approved,2025-02-22,2025-02-25
DEAL-06282,8,8,approved,2025-06-17,2025-06-21
DEAL-06283,9,9,approved,2026-04-22,2026-04-25
DEAL-06284,14,14,approved,2024-03-31,2024-04-01
DEAL-06285,16,5,pending,2026-02-27,2026-03-08
DEAL-06286,17,17,approved,2025-07-25,2025-07-26
DEAL-06287,15,15,approved,2025-05-14,2025-05-15
DEAL-06288,15,15,approved,2025-11-10,2025-11-12
DEAL-06289,16,16,approved,2026-01-12,2026-01-15
DEAL-06290,17,17,approved,2025-04-06,2025-04-09
DEAL-06291,13,13,approved,2025-06-04,2025-06-09
DEAL-06292,8,4,pending,2025-02-08,2025-02-19
DEAL-06293,10,10,approved,2025-10-09,2025-10-10
DEAL-06294,15,0,approved,2024-03-15,
DEAL-06295,10,10,approved,2026-04-17,2026-04-22
DEAL-06296,13,13,approved,2024-03-20,2024-03-22
DEAL-06297,16,16,flagged,2026-05-05,2026-05-10
DEAL-06298,12,12,approved,2025-07-31,2025-08-01
DEAL-06299,20,20,approved,2025-01-21,2025-01-25
DEAL-06300,11,11,approved,2025-09-09,2025-09-10
DEAL-06301,18,18,approved,2025-08-04,2025-08-05
DEAL-06302,10,10,approved,2025-04-15,2025-04-18
DEAL-06303,9,9,approved,2024-08-27,2024-08-30
DEAL-06304,17,17,approved,2024-05-10,2024-05-15
DEAL-06305,9,1,flagged,2026-04-26,2026-05-09
DEAL-06306,15,15,approved,2025-10-01,2025-10-02
DEAL-06307,8,8,approved,2024-07-17,2024-07-18
DEAL-06308,12,12,approved,2025-08-24,2025-08-29
DEAL-06309,13,13,approved,2024-12-22,2024-12-25
DEAL-06310,16,16,approved,2025-07-31,2025-08-05
DEAL-06311,9,9,approved,2024-09-25,2024-09-29
DEAL-06312,20,20,approved,2025-10-09,2025-10-13
DEAL-06313,20,20,approved,2024-11-09,2024-11-11
DEAL-06314,16,16,approved,2025-02-11,2025-02-14
DEAL-06315,9,9,approved,2026-03-24,2026-03-28
DEAL-06316,15,7,pending,,
DEAL-06317,14,14,approved,2024-11-14,2024-11-19
DEAL-06318,10,10,approved,2025-09-19,2025-09-22
DEAL-06319,16,16,approved,2024-03-29,2024-03-31
DEAL-06320,8,8,approved,2026-04-18,2026-04-21
DEAL-06321,11,1,approved,2024-05-02,2024-05-10
DEAL-06322,10,10,approved,2025-10-17,2025-10-19
DEAL-06323,11,6,flagged,2024-08-07,2024-08-17
DEAL-06324,11,11,approved,2025-07-20,2025-07-25
DEAL-06325,17,3,pending,2025-05-20,2025-06-01
DEAL-06326,19,15,flagged,2025-11-13,2025-11-18
DEAL-06327,20,17,pending,2026-05-18,2026-05-20
DEAL-06328,16,16,approved,2024-07-13,2024-07-14
DEAL-06329,13,13,approved,2024-02-24,2024-02-25
DEAL-06330,13,13,approved,2026-04-16,2026-04-19
DEAL-06331,20,20,approved,2026-04-01,2026-04-04
DEAL-06332,15,15,approved,2026-03-16,2026-03-18
DEAL-06333,10,10,approved,2024-06-10,2024-06-14
DEAL-06334,8,8,approved,2025-05-01,2025-05-02
DEAL-06335,19,19,approved,2026-03-21,2026-03-24
DEAL-06336,16,12,pending,,
DEAL-06337,9,9,approved,2026-04-07,2026-04-10
DEAL-06338,16,8,flagged,2025-06-03,2025-06-17
DEAL-06339,16,11,pending,2025-12-13,2025-12-19
DEAL-06340,15,15,approved,2024-03-12,2024-03-16
DEAL-06341,8,2,pending,2026-04-30,2026-05-07
DEAL-06342,10,10,approved,2024-07-10,2024-07-15
DEAL-06343,20,1,pending,2025-05-02,2025-05-08
DEAL-06344,14,14,approved,2025-12-13,2025-12-15
DEAL-06345,10,10,flagged,2026-03-19,2026-03-20
DEAL-06346,18,18,approved,2024-06-03,2024-06-08
DEAL-06347,9,2,flagged,2025-02-22,2025-03-04
DEAL-06348,13,13,approved,2026-02-28,2026-03-05
DEAL-06349,17,6,pending,2025-03-23,2025-03-30
DEAL-06350,12,2,pending,2024-10-26,2024-11-07
DEAL-06351,14,14,approved,2025-10-12,2025-10-17
DEAL-06352,18,5,pending,2025-01-24,2025-01-26
DEAL-06353,10,10,approved,2025-11-14,2025-11-15
DEAL-06354,8,3,pending,2025-02-03,2025-02-08
DEAL-06355,10,10,approved,2025-12-08,2025-12-11
DEAL-06356,20,20,approved,2025-09-25,2025-09-27
DEAL-06357,9,9,approved,2025-04-11,2025-04-12
DEAL-06358,10,10,approved,2025-07-04,2025-07-07
DEAL-06359,15,6,pending,2026-04-11,2026-04-21
DEAL-06360,17,17,approved,2026-04-09,2026-04-14
DEAL-06361,19,0,approved,2024-11-04,
DEAL-06362,10,2,flagged,2025-09-25,2025-10-09
DEAL-06363,17,5,flagged,2025-08-15,2025-08-24
DEAL-06364,18,18,approved,2026-03-24,2026-03-29
DEAL-06365,11,11,approved,2024-08-26,2024-08-30
DEAL-06366,12,5,flagged,2025-02-05,2025-02-15
DEAL-06367,10,10,approved,2026-03-19,2026-03-23
DEAL-06368,12,12,approved,2025-07-21,2025-07-22
DEAL-06369,8,8,approved,2025-06-22,2025-06-25
DEAL-06370,15,3,approved,2026-02-26,2026-03-07
DEAL-06371,13,13,approved,2024-11-07,2024-11-10
DEAL-06372,10,10,approved,2026-01-04,2026-01-06
DEAL-06373,12,12,approved,2026-02-05,2026-02-07
DEAL-06374,13,13,approved,2025-07-16,2025-07-21
DEAL-06375,17,17,approved,2024-03-24,2024-03-29
DEAL-06376,15,15,approved,2025-08-19,2025-08-21
DEAL-06377,13,2,approved,2025-09-13,2025-09-15
DEAL-06378,20,20,approved,2024-09-08,2024-09-13
DEAL-06379,10,10,approved,2024-04-13,2024-04-16
DEAL-06380,20,20,approved,2025-09-10,2025-09-14
DEAL-06381,15,15,approved,2024-05-19,2024-05-24
DEAL-06382,14,12,pending,2025-07-11,2025-07-13
DEAL-06383,9,9,approved,2024-06-04,2024-06-09
DEAL-06384,10,10,approved,2026-03-07,2026-03-10
DEAL-06385,15,15,approved,2025-06-21,2025-06-23
DEAL-06386,12,2,flagged,,
DEAL-06387,20,20,approved,2026-03-07,2026-03-10
DEAL-06388,15,15,approved,2025-09-09,2025-09-13
DEAL-06389,11,11,approved,2024-04-14,2024-04-19
DEAL-06390,20,0,flagged,2025-02-15,
DEAL-06391,15,15,approved,2024-07-07,2024-07-11
DEAL-06392,13,13,approved,2024-03-03,2024-03-06
DEAL-06393,19,5,pending,2025-11-09,2025-11-15
DEAL-06394,8,2,flagged,2025-10-22,2025-10-25
DEAL-06395,20,4,flagged,2025-01-21,2025-01-27
DEAL-06396,14,14,approved,2025-06-15,2025-06-20
DEAL-06397,9,9,approved,2024-03-23,2024-03-24
DEAL-06398,19,19,approved,2025-05-07,2025-05-10
DEAL-06399,18,18,approved,2024-03-30,2024-04-03
DEAL-06400,8,8,approved,2025-09-21,2025-09-22
DEAL-06401,19,14,pending,2024-09-26,2024-10-09
DEAL-06402,15,15,approved,2024-07-14,2024-07-17
DEAL-06403,19,19,approved,2025-09-07,2025-09-09
DEAL-06404,18,18,approved,2026-03-18,2026-03-20
DEAL-06405,13,13,approved,2024-08-14,2024-08-18
DEAL-06406,16,16,approved,2025-02-08,2025-02-13
DEAL-06407,20,20,approved,2024-03-15,2024-03-18
DEAL-06408,20,20,approved,2026-01-17,2026-01-18
DEAL-06409,10,10,approved,2025-03-18,2025-03-20
DEAL-06410,10,2,flagged,2024-10-27,2024-11-06
DEAL-06411,14,12,pending,2024-06-10,2024-06-11
DEAL-06412,18,14,pending,2024-07-26,2024-08-06
DEAL-06413,16,16,approved,2024-12-05,2024-12-09
DEAL-06414,11,3,pending,,
DEAL-06415,8,7,pending,2024-08-03,2024-08-07
DEAL-06416,14,2,approved,,
DEAL-06417,15,15,approved,2025-11-23,2025-11-26
DEAL-06418,17,17,approved,2024-08-14,2024-08-17
DEAL-06419,18,12,flagged,2024-06-04,2024-06-18
DEAL-06420,14,4,flagged,2026-03-20,2026-03-28
DEAL-06421,12,2,flagged,,
DEAL-06422,13,13,approved,2024-03-17,2024-03-20
DEAL-06423,13,13,approved,2024-05-30,2024-05-31
DEAL-06424,17,17,approved,2025-04-21,2025-04-22
DEAL-06425,15,15,approved,2026-03-24,2026-03-28
DEAL-06426,14,14,approved,2025-08-28,2025-08-31
DEAL-06427,15,15,approved,2024-07-21,2024-07-26
DEAL-06428,15,15,approved,2026-05-11,2026-05-13
DEAL-06429,19,19,approved,2024-04-29,2024-05-03
DEAL-06430,19,5,flagged,2025-01-13,2025-01-17
DEAL-06431,13,8,approved,2024-12-20,2025-01-03
DEAL-06432,18,13,flagged,2026-02-12,2026-02-20
DEAL-06433,15,15,approved,2025-01-03,2025-01-05
DEAL-06434,20,20,approved,2026-02-10,2026-02-12
DEAL-06435,17,17,approved,2025-07-13,2025-07-15
DEAL-06436,11,11,approved,2025-07-13,2025-07-15
DEAL-06437,10,10,approved,2024-09-22,2024-09-25
DEAL-06438,12,12,approved,2024-07-13,2024-07-15
DEAL-06439,20,20,approved,2025-08-02,2025-08-03
DEAL-06440,16,16,approved,2025-10-08,2025-10-13
DEAL-06441,17,5,flagged,2024-05-09,2024-05-20
DEAL-06442,17,17,approved,2024-06-13,2024-06-17
DEAL-06443,9,9,approved,2025-03-31,2025-04-05
DEAL-06444,8,8,approved,2026-04-12,2026-04-15
DEAL-06445,18,13,pending,2025-09-03,2025-09-14
DEAL-06446,9,9,approved,2025-06-06,2025-06-10
DEAL-06447,15,7,flagged,2026-04-23,2026-05-02
DEAL-06448,17,17,approved,2026-03-03,2026-03-06
DEAL-06449,10,10,approved,2025-03-07,2025-03-10
DEAL-06450,9,9,approved,2025-07-31,2025-08-03
DEAL-06451,9,9,approved,2025-09-24,2025-09-28
DEAL-06452,14,12,pending,2024-05-08,2024-05-09
DEAL-06453,13,13,approved,2024-04-13,2024-04-16
DEAL-06454,15,15,approved,2026-02-20,2026-02-23
DEAL-06455,19,13,flagged,2025-02-13,2025-02-24
DEAL-06456,12,12,approved,2025-04-19,2025-04-20
DEAL-06457,18,11,flagged,2025-01-04,2025-01-10
DEAL-06458,10,10,approved,2024-05-10,2024-05-15
DEAL-06459,10,10,approved,2025-01-01,2025-01-05
DEAL-06460,9,5,pending,2024-04-20,2024-05-01
DEAL-06461,20,20,approved,2024-07-28,2024-07-30
DEAL-06462,16,16,approved,2024-04-06,2024-04-09
DEAL-06463,19,19,approved,2025-05-25,2025-05-29
DEAL-06464,12,8,pending,2024-12-14,2024-12-22
DEAL-06465,17,1,approved,2025-10-16,2025-10-21
DEAL-06466,18,18,approved,2025-07-05,2025-07-06
DEAL-06467,8,5,pending,2026-03-28,2026-04-11
DEAL-06468,13,13,approved,2025-06-24,2025-06-26
DEAL-06469,19,19,approved,2025-03-04,2025-03-06
DEAL-06470,13,13,approved,2025-08-06,2025-08-07
DEAL-06471,10,10,approved,2026-04-03,2026-04-05
DEAL-06472,16,16,approved,2026-03-03,2026-03-06
DEAL-06473,14,14,approved,2025-12-07,2025-12-08
DEAL-06474,18,2,pending,2024-02-08,2024-02-21
DEAL-06475,17,17,approved,2024-09-15,2024-09-20
DEAL-06476,15,15,approved,2024-05-15,2024-05-19
DEAL-06477,20,20,approved,2024-04-30,2024-05-05
DEAL-06478,17,17,approved,2025-06-20,2025-06-25
DEAL-06479,10,7,pending,2024-06-29,2024-07-07
DEAL-06480,12,12,approved,2025-10-24,2025-10-27
DEAL-06481,17,9,flagged,2024-02-04,2024-02-17
DEAL-06482,17,17,approved,2024-11-08,2024-11-12
DEAL-06483,19,19,approved,2025-03-19,2025-03-22
DEAL-06484,18,18,approved,2025-07-30,2025-08-01
DEAL-06485,17,17,approved,2025-08-29,2025-09-03
DEAL-06486,17,17,approved,2025-09-29,2025-10-03
DEAL-06487,18,5,pending,2026-03-07,2026-03-15
DEAL-06488,8,4,pending,2024-12-13,2024-12-18
DEAL-06489,13,13,approved,2024-07-23,2024-07-24
DEAL-06490,20,20,approved,2026-05-10,2026-05-15
DEAL-06491,18,18,approved,2024-05-03,2024-05-05
DEAL-06492,10,10,approved,2025-06-13,2025-06-16
DEAL-06493,9,2,pending,2025-07-31,2025-08-03
DEAL-06494,8,8,approved,2026-04-18,2026-04-19
DEAL-06495,15,15,approved,2025-12-19,2025-12-20
DEAL-06496,20,20,approved,2025-03-27,2025-03-28
DEAL-06497,20,9,flagged,2026-05-13,2026-05-21
DEAL-06498,20,20,approved,2026-02-25,2026-02-26
DEAL-06499,10,10,approved,2024-02-23,2024-02-28
DEAL-06500,20,0,approved,2024-11-02,
DEAL-06501,20,20,approved,2024-07-21,2024-07-26
DEAL-06502,8,3,pending,2024-09-28,2024-10-12
DEAL-06503,19,19,approved,2025-09-03,2025-09-08
DEAL-06504,15,14,pending,2024-07-25,2024-07-27
DEAL-06505,10,10,approved,2025-01-06,2025-01-10
DEAL-06506,19,19,approved,2025-06-06,2025-06-08
DEAL-06507,13,13,flagged,2026-03-15,2026-03-20
DEAL-06508,19,19,approved,2025-06-06,2025-06-11
DEAL-06509,17,13,pending,2024-11-01,2024-11-08
DEAL-06510,17,17,approved,2026-03-14,2026-03-15
DEAL-06511,10,10,approved,2025-10-08,2025-10-10
DEAL-06512,14,14,approved,2025-04-25,2025-04-28
DEAL-06513,14,14,pending,2026-04-14,2026-04-19
DEAL-06514,16,7,flagged,2024-12-28,2025-01-02
DEAL-06515,9,9,approved,2025-08-11,2025-08-12
DEAL-06516,9,5,pending,2026-01-01,2026-01-11
DEAL-06517,10,6,pending,2024-07-17,2024-07-23
DEAL-06518,15,15,approved,2025-11-30,2025-12-03
DEAL-06519,18,18,approved,2025-07-10,2025-07-15
DEAL-06520,19,6,pending,2025-01-01,2025-01-05
DEAL-06521,19,19,approved,2024-11-17,2024-11-21
DEAL-06522,18,18,approved,2024-02-07,2024-02-12
DEAL-06523,11,11,approved,2026-05-20,2026-05-22
DEAL-06524,8,8,approved,2024-09-23,2024-09-24
DEAL-06525,16,16,approved,2026-02-11,2026-02-12
DEAL-06526,10,10,approved,2026-03-27,2026-03-28
DEAL-06527,15,15,approved,2025-01-21,2025-01-22
DEAL-06528,10,3,flagged,2024-08-23,2024-08-25
DEAL-06529,9,9,approved,2025-07-14,2025-07-18
DEAL-06530,13,10,flagged,2025-07-30,2025-08-08
DEAL-06531,14,2,approved,2024-07-16,2024-07-20
DEAL-06532,15,15,approved,2026-05-01,2026-05-02
DEAL-06533,18,6,pending,2025-09-18,2025-10-01
DEAL-06534,9,9,approved,2025-08-01,2025-08-03
DEAL-06535,8,2,pending,2026-03-17,2026-03-20
DEAL-06536,10,10,approved,2024-05-24,2024-05-27
DEAL-06537,15,11,approved,2024-09-19,2024-10-03
DEAL-06538,15,9,flagged,2024-11-19,2024-11-24
DEAL-06539,8,8,approved,2026-04-01,2026-04-05
DEAL-06540,9,9,approved,2024-09-21,2024-09-23
DEAL-06541,13,13,approved,2026-04-03,2026-04-06
DEAL-06542,17,4,approved,2024-07-22,2024-07-31
DEAL-06543,17,8,flagged,2024-10-08,2024-10-11
DEAL-06544,19,19,approved,2025-12-26,2025-12-27
DEAL-06545,12,4,flagged,2024-09-01,2024-09-14
DEAL-06546,13,13,approved,2024-08-10,2024-08-14
DEAL-06547,19,19,approved,2024-07-02,2024-07-06
DEAL-06548,13,3,flagged,2025-10-12,2025-10-17
DEAL-06549,12,11,pending,2024-08-26,2024-08-28
DEAL-06550,12,12,approved,2025-02-25,2025-03-01
DEAL-06551,17,4,pending,,
DEAL-06552,20,20,approved,2024-07-05,2024-07-08
DEAL-06553,18,18,approved,2026-04-19,2026-04-24
DEAL-06554,12,12,approved,2025-12-16,2025-12-18
DEAL-06555,20,20,approved,2025-07-30,2025-08-02
DEAL-06556,14,14,approved,2025-09-04,2025-09-06
DEAL-06557,8,3,flagged,2025-02-06,2025-02-17
DEAL-06558,12,3,pending,2025-02-22,2025-02-28
DEAL-06559,14,14,approved,2025-06-20,2025-06-24
DEAL-06560,12,12,approved,2024-07-02,2024-07-04
DEAL-06561,16,16,approved,2026-05-06,2026-05-10
DEAL-06562,18,10,approved,2026-04-15,2026-04-17
DEAL-06563,14,14,approved,2024-11-29,2024-12-03
DEAL-06564,20,20,approved,2026-05-16,2026-05-21
DEAL-06565,9,9,approved,2025-06-29,2025-07-04
DEAL-06566,16,3,flagged,2025-03-17,2025-03-24
DEAL-06567,8,8,approved,2026-03-17,2026-03-21
DEAL-06568,13,13,approved,2026-02-12,2026-02-13
DEAL-06569,16,16,approved,2026-03-28,2026-04-02
DEAL-06570,14,14,approved,2024-12-06,2024-12-11
DEAL-06571,14,14,approved,2024-02-09,2024-02-14
DEAL-06572,8,8,approved,2025-03-17,2025-03-19
DEAL-06573,18,18,approved,2025-08-02,2025-08-05
DEAL-06574,18,1,pending,2025-09-18,2025-10-01
DEAL-06575,9,6,pending,2024-04-26,2024-05-06
DEAL-06576,9,9,approved,2026-03-25,2026-03-28
DEAL-06577,9,9,approved,2024-11-09,2024-11-12
DEAL-06578,10,10,approved,2025-12-19,2025-12-21
DEAL-06579,19,19,approved,2024-08-13,2024-08-18
DEAL-06580,13,13,approved,2026-03-30,2026-04-01
DEAL-06581,12,12,approved,2026-03-07,2026-03-09
DEAL-06582,11,2,flagged,2026-03-24,2026-04-02
DEAL-06583,9,9,approved,2025-01-06,2025-01-10
DEAL-06584,19,9,pending,2025-03-25,2025-03-28
DEAL-06585,16,16,approved,2024-05-22,2024-05-23
DEAL-06586,20,5,flagged,2025-12-10,2025-12-12
DEAL-06587,17,5,approved,2025-10-03,2025-10-06
DEAL-06588,8,8,approved,2025-07-18,2025-07-22
DEAL-06589,15,15,approved,2025-07-14,2025-07-15
DEAL-06590,15,15,approved,2025-09-13,2025-09-16
DEAL-06591,10,7,pending,2024-12-26,2024-12-28
DEAL-06592,15,9,flagged,,
DEAL-06593,11,11,approved,2026-03-05,2026-03-07
DEAL-06594,14,4,pending,2025-01-31,2025-02-14
DEAL-06595,16,5,pending,2025-03-25,2025-04-01
DEAL-06596,17,17,approved,2025-10-20,2025-10-22
DEAL-06597,15,15,approved,2024-09-19,2024-09-23
DEAL-06598,13,0,flagged,2025-04-10,
DEAL-06599,8,8,flagged,,
DEAL-06600,19,19,approved,2024-09-04,2024-09-05
DEAL-06601,17,17,approved,2026-05-13,2026-05-15
DEAL-06602,12,12,approved,2024-06-09,2024-06-12
DEAL-06603,16,16,approved,2025-05-17,2025-05-22
DEAL-06604,13,13,approved,2025-05-08,2025-05-11
DEAL-06605,13,13,approved,2025-09-02,2025-09-03
DEAL-06606,13,13,approved,2024-10-13,2024-10-18
DEAL-06607,8,8,approved,2026-03-30,2026-03-31
DEAL-06608,15,15,approved,2024-04-06,2024-04-10
DEAL-06609,14,14,approved,2025-01-29,2025-02-01
DEAL-06610,11,11,approved,2026-03-07,2026-03-11
DEAL-06611,13,4,pending,2024-11-18,2024-11-22
DEAL-06612,16,16,approved,2024-12-30,2025-01-01
DEAL-06613,15,15,approved,2025-02-24,2025-02-26
DEAL-06614,10,10,flagged,2024-09-17,2024-09-19
DEAL-06615,16,16,approved,2026-03-27,2026-03-29
DEAL-06616,17,17,approved,2025-07-02,2025-07-07
DEAL-06617,11,11,approved,2025-01-25,2025-01-29
DEAL-06618,9,5,flagged,2026-03-24,2026-04-07
DEAL-06619,16,9,flagged,2024-11-24,2024-12-01
DEAL-06620,10,10,approved,2025-10-18,2025-10-19
DEAL-06621,11,11,approved,2026-04-14,2026-04-16
DEAL-06622,8,8,approved,2025-06-05,2025-06-10
DEAL-06623,15,2,flagged,,
DEAL-06624,17,17,approved,2024-04-03,2024-04-08
DEAL-06625,16,6,pending,2026-02-02,2026-02-14
DEAL-06626,14,13,approved,2025-09-26,2025-09-29
DEAL-06627,17,17,approved,2026-03-18,2026-03-22
DEAL-06628,12,12,approved,2024-05-09,2024-05-12
DEAL-06629,19,19,approved,2025-07-20,2025-07-23
DEAL-06630,13,13,approved,2026-02-28,2026-03-04
DEAL-06631,13,1,pending,2026-05-08,2026-05-22
DEAL-06632,9,9,flagged,2024-03-30,2024-03-31
DEAL-06633,14,14,approved,2024-07-15,2024-07-19
DEAL-06634,10,10,approved,2024-12-01,2024-12-02
DEAL-06635,20,20,approved,2026-04-14,2026-04-19
DEAL-06636,8,8,approved,2025-08-02,2025-08-04
DEAL-06637,19,19,approved,2026-03-21,2026-03-23
DEAL-06638,16,16,approved,2026-03-06,2026-03-08
DEAL-06639,19,19,approved,2024-07-26,2024-07-31
DEAL-06640,19,16,pending,2025-05-24,2025-05-29
DEAL-06641,16,16,approved,2024-12-25,2024-12-26
DEAL-06642,11,1,approved,,
DEAL-06643,13,13,approved,2024-04-26,2024-05-01
DEAL-06644,12,12,approved,2026-04-29,2026-05-02
DEAL-06645,15,15,approved,2025-12-29,2025-12-30
DEAL-06646,9,5,pending,2024-03-11,2024-03-17
DEAL-06647,9,9,approved,2025-09-06,2025-09-11
DEAL-06648,20,20,approved,2024-04-03,2024-04-05
DEAL-06649,15,15,approved,2026-03-10,2026-03-14
DEAL-06650,20,20,approved,2024-05-06,2024-05-11
DEAL-06651,12,12,approved,2026-04-30,2026-05-03
DEAL-06652,8,8,approved,2024-08-15,2024-08-18
DEAL-06653,12,12,approved,2024-07-01,2024-07-02
DEAL-06654,18,6,pending,2026-04-01,2026-04-12
DEAL-06655,9,0,flagged,2025-08-12,
DEAL-06656,10,10,approved,2024-11-08,2024-11-09
DEAL-06657,13,4,pending,2025-09-11,2025-09-18
DEAL-06658,16,13,pending,2025-09-27,2025-09-30
DEAL-06659,14,14,approved,2024-12-24,2024-12-28
DEAL-06660,18,18,approved,2026-04-07,2026-04-09
DEAL-06661,18,18,approved,2026-03-28,2026-03-29
DEAL-06662,17,17,approved,2026-03-09,2026-03-11
DEAL-06663,13,13,approved,2026-03-07,2026-03-09
DEAL-06664,18,9,pending,2025-04-06,2025-04-15
DEAL-06665,14,3,flagged,2025-09-10,2025-09-16
DEAL-06666,14,4,pending,2025-12-02,2025-12-14
DEAL-06667,13,10,flagged,2025-07-09,2025-07-19
DEAL-06668,19,19,approved,2024-06-09,2024-06-12
DEAL-06669,9,3,pending,2026-03-04,2026-03-11
DEAL-06670,11,11,approved,2024-09-12,2024-09-13
DEAL-06671,9,9,approved,2026-05-13,2026-05-14
DEAL-06672,16,16,approved,2026-02-26,2026-03-02
DEAL-06673,15,15,approved,2026-04-18,2026-04-21
DEAL-06674,9,9,approved,2024-05-08,2024-05-10
DEAL-06675,15,15,approved,2026-05-03,2026-05-05
DEAL-06676,9,9,approved,2024-06-20,2024-06-22
DEAL-06677,9,9,approved,2026-03-09,2026-03-14
DEAL-06678,12,12,approved,2025-10-28,2025-11-02
DEAL-06679,18,18,approved,2025-02-21,2025-02-24
DEAL-06680,11,8,approved,2026-05-09,2026-05-18
DEAL-06681,18,18,approved,2025-11-27,2025-11-28
DEAL-06682,14,14,approved,2025-11-01,2025-11-04
DEAL-06683,12,12,approved,2026-03-17,2026-03-22
DEAL-06684,19,16,pending,2024-12-21,2024-12-22
DEAL-06685,17,17,approved,2025-11-05,2025-11-08
DEAL-06686,14,14,approved,2025-06-26,2025-06-27
DEAL-06687,11,11,approved,2025-04-16,2025-04-17
DEAL-06688,14,13,flagged,2025-01-26,2025-01-30
DEAL-06689,12,12,approved,2024-08-08,2024-08-09
DEAL-06690,9,9,approved,2025-06-18,2025-06-19
DEAL-06691,11,11,approved,2025-03-22,2025-03-26
DEAL-06692,18,18,approved,2025-02-12,2025-02-15
DEAL-06693,15,15,approved,2025-10-12,2025-10-16
DEAL-06694,16,16,approved,2025-09-07,2025-09-09
DEAL-06695,13,3,pending,2024-10-13,2024-10-26
DEAL-06696,11,11,approved,2026-04-03,2026-04-08
DEAL-06697,11,5,pending,2026-05-20,2026-05-29
DEAL-06698,20,20,approved,2026-04-20,2026-04-24
DEAL-06699,10,10,flagged,2024-09-30,2024-10-02
DEAL-06700,16,16,approved,2026-05-21,2026-05-22
DEAL-06701,16,16,approved,2024-12-29,2025-01-01
DEAL-06702,11,11,approved,2025-01-18,2025-01-23
DEAL-06703,20,20,approved,2025-08-28,2025-09-02
DEAL-06704,18,5,pending,,
DEAL-06705,16,16,approved,2026-01-03,2026-01-04
DEAL-06706,11,11,approved,2024-09-29,2024-10-02
DEAL-06707,20,11,pending,2026-03-20,2026-03-26
DEAL-06708,11,11,approved,2025-08-07,2025-08-12
DEAL-06709,10,4,pending,2025-09-18,2025-09-20
DEAL-06710,9,9,approved,2025-06-22,2025-06-25
DEAL-06711,15,15,approved,2025-11-08,2025-11-13
DEAL-06712,20,20,approved,2025-07-12,2025-07-17
DEAL-06713,12,12,approved,2026-05-05,2026-05-09
DEAL-06714,14,11,flagged,2025-11-30,2025-12-02
DEAL-06715,8,8,approved,2024-05-30,2024-06-02
DEAL-06716,12,6,flagged,2024-06-15,2024-06-19
DEAL-06717,11,11,approved,2025-06-13,2025-06-14
DEAL-06718,15,15,approved,2025-07-17,2025-07-20
DEAL-06719,8,8,approved,2025-11-10,2025-11-14
DEAL-06720,18,18,approved,2024-03-15,2024-03-18
DEAL-06721,16,16,approved,2024-04-19,2024-04-24
DEAL-06722,9,9,approved,2026-03-19,2026-03-22
DEAL-06723,9,9,approved,2026-03-02,2026-03-06
DEAL-06724,8,8,approved,2024-02-14,2024-02-18
DEAL-06725,10,7,pending,2025-05-17,2025-05-24
DEAL-06726,10,10,approved,2024-11-21,2024-11-22
DEAL-06727,17,17,approved,2024-06-25,2024-06-29
DEAL-06728,18,4,flagged,2026-04-23,2026-05-03
DEAL-06729,15,15,approved,2024-11-30,2024-12-05
DEAL-06730,19,19,approved,2025-09-04,2025-09-06
DEAL-06731,8,8,approved,2026-05-11,2026-05-13
DEAL-06732,14,14,approved,2025-07-22,2025-07-26
DEAL-06733,16,0,approved,2024-07-17,
DEAL-06734,18,18,approved,2025-07-30,2025-08-02
DEAL-06735,20,7,pending,2024-09-27,2024-09-30
DEAL-06736,16,16,approved,2026-04-11,2026-04-15
DEAL-06737,14,14,approved,2025-04-12,2025-04-13
DEAL-06738,12,12,approved,2024-05-13,2024-05-17
DEAL-06739,10,6,flagged,2026-03-17,2026-03-26
DEAL-06740,10,7,pending,2025-11-06,2025-11-11
DEAL-06741,15,3,approved,,
DEAL-06742,20,4,approved,,
DEAL-06743,8,5,pending,2024-11-08,2024-11-20
DEAL-06744,10,10,approved,2025-07-26,2025-07-29
DEAL-06745,17,6,pending,2024-05-10,2024-05-17
DEAL-06746,19,9,pending,2024-05-30,2024-06-08
DEAL-06747,19,19,approved,2024-05-05,2024-05-08
DEAL-06748,19,19,approved,2025-07-19,2025-07-24
DEAL-06749,10,10,flagged,,
DEAL-06750,11,6,approved,,
DEAL-06751,9,9,approved,2025-08-18,2025-08-21
DEAL-06752,19,19,approved,2026-03-28,2026-03-29
DEAL-06753,18,12,pending,2025-05-06,2025-05-17
DEAL-06754,20,17,pending,2024-07-01,2024-07-03
DEAL-06755,17,17,approved,2024-06-27,2024-06-28
DEAL-06756,11,11,approved,2025-03-10,2025-03-13
DEAL-06757,14,14,approved,2024-08-08,2024-08-11
DEAL-06758,17,15,pending,2025-02-06,2025-02-08
DEAL-06759,18,18,approved,2025-05-23,2025-05-28
DEAL-06760,18,10,pending,2024-06-05,2024-06-16
DEAL-06761,16,13,approved,2026-05-17,2026-05-18
DEAL-06762,10,10,approved,2025-11-05,2025-11-07
DEAL-06763,14,5,pending,2026-04-28,2026-05-03
DEAL-06764,16,16,approved,2025-08-09,2025-08-11
DEAL-06765,16,16,approved,2025-09-03,2025-09-07
DEAL-06766,8,8,approved,2024-11-08,2024-11-13
DEAL-06767,8,7,pending,2024-04-27,2024-04-29
DEAL-06768,9,9,approved,2026-05-12,2026-05-15
DEAL-06769,18,18,approved,2026-04-26,2026-04-29
DEAL-06770,14,14,approved,2025-03-13,2025-03-15
DEAL-06771,15,12,approved,2025-06-22,2025-06-24
DEAL-06772,8,5,pending,2024-08-22,2024-09-04
DEAL-06773,9,3,pending,2026-03-31,2026-04-14
DEAL-06774,18,18,approved,2024-07-05,2024-07-06
DEAL-06775,11,11,approved,2026-03-05,2026-03-09
DEAL-06776,8,8,approved,2024-07-14,2024-07-19
DEAL-06777,14,14,approved,2026-03-01,2026-03-06
DEAL-06778,20,20,approved,2025-06-03,2025-06-08
DEAL-06779,18,14,pending,2025-11-20,2025-12-02
DEAL-06780,11,3,flagged,2025-06-17,2025-06-28
DEAL-06781,18,18,approved,2026-04-17,2026-04-19
DEAL-06782,8,4,flagged,2025-03-06,2025-03-18
DEAL-06783,13,13,approved,2024-02-22,2024-02-25
DEAL-06784,19,19,approved,2026-03-07,2026-03-09
DEAL-06785,10,0,approved,2025-05-15,
DEAL-06786,9,9,approved,2024-05-19,2024-05-20
DEAL-06787,13,13,approved,2026-05-10,2026-05-12
DEAL-06788,14,14,approved,2025-01-14,2025-01-15
DEAL-06789,8,8,approved,2026-03-05,2026-03-08
DEAL-06790,17,17,approved,2025-11-14,2025-11-19
DEAL-06791,18,18,approved,2024-08-01,2024-08-06
DEAL-06792,11,11,approved,2024-10-31,2024-11-04
DEAL-06793,19,16,approved,2025-02-18,2025-02-21
DEAL-06794,16,16,approved,2025-11-10,2025-11-15
DEAL-06795,19,19,approved,2024-05-27,2024-05-30
DEAL-06796,16,16,approved,2025-03-20,2025-03-21
DEAL-06797,11,3,approved,2026-04-16,2026-04-27
DEAL-06798,19,19,pending,,
DEAL-06799,8,8,approved,2026-01-30,2026-02-01
DEAL-06800,14,14,approved,2026-03-19,2026-03-22
DEAL-06801,11,11,approved,2024-06-18,2024-06-23
DEAL-06802,12,12,approved,2024-01-29,2024-01-30
DEAL-06803,8,8,approved,2024-06-13,2024-06-18
DEAL-06804,19,19,approved,2025-03-23,2025-03-28
DEAL-06805,12,12,approved,2025-11-08,2025-11-11
DEAL-06806,20,20,approved,2024-11-29,2024-11-30
DEAL-06807,18,18,approved,2026-05-04,2026-05-05
DEAL-06808,20,20,approved,2024-05-20,2024-05-22
DEAL-06809,8,8,approved,2026-03-11,2026-03-12
DEAL-06810,10,10,approved,2026-03-19,2026-03-21
DEAL-06811,16,12,flagged,2026-03-27,2026-04-06
DEAL-06812,17,5,pending,2024-09-22,2024-09-25
DEAL-06813,17,17,approved,2024-03-28,2024-03-30
DEAL-06814,11,11,approved,2024-08-18,2024-08-20
DEAL-06815,15,15,approved,2025-09-21,2025-09-26
DEAL-06816,18,7,pending,2025-04-22,2025-05-04
DEAL-06817,14,14,approved,2025-12-28,2025-12-30
DEAL-06818,12,2,approved,2024-03-23,2024-03-29
DEAL-06819,9,9,approved,2024-11-01,2024-11-06
DEAL-06820,15,12,pending,2024-10-23,2024-10-28
DEAL-06821,16,8,pending,,
DEAL-06822,15,15,approved,2026-03-18,2026-03-23
DEAL-06823,11,11,approved,2025-07-02,2025-07-05
DEAL-06824,11,11,approved,2025-10-02,2025-10-05
DEAL-06825,8,8,approved,2026-03-14,2026-03-18
DEAL-06826,16,3,pending,2024-09-20,2024-09-26
DEAL-06827,16,16,approved,2024-12-24,2024-12-27
DEAL-06828,14,14,approved,2024-12-31,2025-01-01
DEAL-06829,20,20,approved,2024-07-24,2024-07-29
DEAL-06830,11,11,approved,2024-10-31,2024-11-01
DEAL-06831,15,7,flagged,2026-04-13,2026-04-26
DEAL-06832,9,9,approved,2024-10-06,2024-10-11
DEAL-06833,15,6,flagged,2025-09-14,2025-09-24
DEAL-06834,12,12,approved,2025-06-08,2025-06-12
DEAL-06835,9,9,approved,2025-04-07,2025-04-10
DEAL-06836,14,12,approved,2024-09-11,2024-09-12
DEAL-06837,12,12,approved,2026-04-10,2026-04-12
DEAL-06838,14,14,approved,2024-08-14,2024-08-15
DEAL-06839,9,8,approved,2025-01-21,2025-01-22
DEAL-06840,16,12,flagged,2024-11-30,2024-12-11
DEAL-06841,8,2,approved,2025-08-07,2025-08-14
DEAL-06842,8,8,approved,2025-09-28,2025-10-03
DEAL-06843,20,13,flagged,2025-09-14,2025-09-28
DEAL-06844,20,20,approved,2025-08-02,2025-08-03
DEAL-06845,12,12,approved,2025-04-09,2025-04-10
DEAL-06846,9,9,approved,2024-08-09,2024-08-12
DEAL-06847,20,20,approved,2025-12-08,2025-12-12
DEAL-06848,17,9,approved,2025-12-25,2025-12-29
DEAL-06849,12,12,approved,2026-01-02,2026-01-05
DEAL-06850,15,3,pending,2024-04-11,2024-04-21
DEAL-06851,15,15,approved,2026-03-24,2026-03-28
DEAL-06852,12,9,pending,2025-09-11,2025-09-16
DEAL-06853,17,17,approved,2025-03-07,2025-03-11
DEAL-06854,8,3,flagged,2026-02-22,2026-02-28
DEAL-06855,17,7,pending,2026-04-14,2026-04-19
DEAL-06856,8,4,flagged,2025-12-12,2025-12-18
DEAL-06857,14,14,approved,2025-08-06,2025-08-07
DEAL-06858,16,16,approved,2026-04-27,2026-04-28
DEAL-06859,19,19,approved,2026-04-21,2026-04-25
DEAL-06860,18,18,approved,2024-08-05,2024-08-08
DEAL-06861,15,15,approved,2026-04-18,2026-04-22
DEAL-06862,19,3,flagged,2024-05-05,2024-05-15
DEAL-06863,15,10,pending,2026-04-19,2026-04-29
DEAL-06864,16,4,pending,2025-05-11,2025-05-16
DEAL-06865,12,12,approved,2026-03-14,2026-03-19
DEAL-06866,19,19,approved,2026-05-08,2026-05-11
DEAL-06867,11,6,flagged,2026-02-28,2026-03-02
DEAL-06868,15,15,approved,2025-11-16,2025-11-20
DEAL-06869,18,18,approved,2025-08-08,2025-08-09
DEAL-06870,13,10,pending,2024-04-03,2024-04-17
DEAL-06871,15,15,approved,2026-05-03,2026-05-08
DEAL-06872,14,14,approved,2026-04-16,2026-04-19
DEAL-06873,18,9,pending,2025-06-24,2025-06-28
DEAL-06874,12,0,pending,2024-09-17,
DEAL-06875,11,11,approved,2026-02-22,2026-02-25
DEAL-06876,18,16,approved,,
DEAL-06877,12,12,approved,2026-04-24,2026-04-27
DEAL-06878,8,1,approved,,
DEAL-06879,15,15,approved,2024-06-03,2024-06-07
DEAL-06880,18,18,approved,2024-03-09,2024-03-14
DEAL-06881,17,17,approved,2026-03-31,2026-04-04
DEAL-06882,12,12,approved,2025-09-08,2025-09-11
DEAL-06883,14,14,approved,2025-03-07,2025-03-11
DEAL-06884,20,20,approved,2025-04-24,2025-04-28
DEAL-06885,18,18,approved,2024-07-07,2024-07-10
DEAL-06886,8,8,approved,2025-01-31,2025-02-04
DEAL-06887,12,12,approved,2024-05-16,2024-05-19
DEAL-06888,12,12,approved,2025-06-09,2025-06-13
DEAL-06889,15,9,pending,2026-01-06,2026-01-16
DEAL-06890,8,8,approved,2024-11-17,2024-11-20
DEAL-06891,12,2,flagged,2025-08-22,2025-08-29
DEAL-06892,13,13,approved,2024-07-03,2024-07-08
DEAL-06893,14,14,approved,2026-02-27,2026-03-03
DEAL-06894,14,5,pending,2024-07-06,2024-07-10
DEAL-06895,13,13,approved,2025-11-06,2025-11-08
DEAL-06896,13,2,approved,2025-09-26,2025-09-30
DEAL-06897,18,18,approved,2024-07-03,2024-07-04
DEAL-06898,11,11,approved,2024-04-29,2024-04-30
DEAL-06899,20,0,pending,2026-01-06,
DEAL-06900,12,2,approved,2026-02-28,2026-03-08
DEAL-06901,11,4,approved,2025-12-18,2025-12-21
DEAL-06902,15,15,approved,2024-12-29,2025-01-03
DEAL-06903,9,9,approved,2025-07-14,2025-07-18
DEAL-06904,19,19,approved,2024-09-16,2024-09-21
DEAL-06905,12,12,approved,2025-07-22,2025-07-26
DEAL-06906,19,19,approved,2024-05-14,2024-05-15
DEAL-06907,10,10,approved,2026-04-15,2026-04-17
DEAL-06908,14,1,approved,,
DEAL-06909,14,14,approved,2025-11-12,2025-11-16
DEAL-06910,8,8,approved,2025-06-19,2025-06-22
DEAL-06911,17,17,approved,2025-07-17,2025-07-21
DEAL-06912,15,13,approved,2025-12-11,2025-12-16
DEAL-06913,18,18,approved,2025-10-21,2025-10-25
DEAL-06914,17,17,approved,2024-04-04,2024-04-08
DEAL-06915,8,4,pending,2024-09-22,2024-09-30
DEAL-06916,19,19,approved,2025-05-29,2025-06-03
DEAL-06917,8,8,approved,2024-03-03,2024-03-04
DEAL-06918,11,8,pending,2026-05-06,2026-05-12
DEAL-06919,16,16,approved,2024-12-14,2024-12-15
DEAL-06920,14,2,pending,2024-03-11,2024-03-13
DEAL-06921,19,3,pending,2025-04-25,2025-04-28
DEAL-06922,17,4,flagged,2025-08-30,2025-09-08
DEAL-06923,14,14,approved,2025-12-18,2025-12-23
DEAL-06924,11,2,flagged,2026-03-25,2026-04-02
DEAL-06925,16,16,approved,2025-07-13,2025-07-18
DEAL-06926,12,12,approved,2025-07-02,2025-07-03
DEAL-06927,18,15,pending,2026-02-02,2026-02-07
DEAL-06928,16,16,approved,2025-01-23,2025-01-24
DEAL-06929,13,13,approved,2024-06-24,2024-06-29
DEAL-06930,14,4,flagged,2026-02-16,2026-02-24
DEAL-06931,8,8,approved,2026-01-09,2026-01-10
DEAL-06932,9,9,approved,2024-08-13,2024-08-17
DEAL-06933,14,14,approved,2026-05-06,2026-05-10
DEAL-06934,9,3,pending,2026-05-04,2026-05-13
DEAL-06935,14,14,approved,2025-04-03,2025-04-04
DEAL-06936,10,10,approved,2025-12-13,2025-12-14
DEAL-06937,10,6,flagged,2024-07-25,2024-07-28
DEAL-06938,9,9,approved,2025-04-04,2025-04-05
DEAL-06939,17,17,approved,2024-06-04,2024-06-08
DEAL-06940,10,10,approved,2024-04-22,2024-04-24
DEAL-06941,13,13,approved,2025-06-22,2025-06-24
DEAL-06942,12,12,approved,2025-05-26,2025-05-27
DEAL-06943,12,6,approved,2026-04-24,2026-05-05
DEAL-06944,11,11,approved,2024-04-29,2024-05-01
DEAL-06945,13,13,approved,2026-04-07,2026-04-08
DEAL-06946,20,20,approved,2026-03-19,2026-03-21
DEAL-06947,11,11,approved,2024-05-15,2024-05-19
DEAL-06948,12,12,approved,2025-11-08,2025-11-11
DEAL-06949,19,19,approved,2024-07-01,2024-07-02
DEAL-06950,19,7,flagged,2024-05-11,2024-05-18
DEAL-06951,9,9,approved,2025-06-25,2025-06-29
DEAL-06952,13,8,approved,2024-04-11,2024-04-16
DEAL-06953,8,8,approved,2025-03-10,2025-03-13
DEAL-06954,12,4,pending,2026-01-24,2026-01-31
DEAL-06955,11,11,approved,2025-02-08,2025-02-11
DEAL-06956,20,20,approved,2025-01-31,2025-02-03
DEAL-06957,15,13,pending,2024-12-12,2024-12-14
DEAL-06958,11,3,approved,2025-04-15,2025-04-17
DEAL-06959,16,16,approved,2025-08-16,2025-08-20
DEAL-06960,14,14,approved,2025-10-19,2025-10-20
DEAL-06961,16,2,pending,2024-12-17,2024-12-28
DEAL-06962,10,10,approved,2026-03-03,2026-03-04
DEAL-06963,20,20,approved,2024-04-04,2024-04-07
DEAL-06964,10,10,approved,2025-09-28,2025-10-03
DEAL-06965,12,12,approved,2024-02-09,2024-02-11
DEAL-06966,8,8,approved,2025-09-11,2025-09-13
DEAL-06967,16,16,approved,2024-07-01,2024-07-06
DEAL-06968,8,8,approved,2025-03-10,2025-03-11
DEAL-06969,10,10,approved,2024-07-23,2024-07-24
DEAL-06970,15,15,approved,2024-02-03,2024-02-05
DEAL-06971,14,14,approved,2026-02-26,2026-03-02
DEAL-06972,13,13,approved,2025-02-17,2025-02-18
DEAL-06973,17,17,approved,2026-05-02,2026-05-05
DEAL-06974,8,8,approved,2025-02-17,2025-02-19
DEAL-06975,17,17,approved,2024-09-07,2024-09-09
DEAL-06976,9,9,approved,2024-07-08,2024-07-11
DEAL-06977,17,17,approved,2024-07-28,2024-07-31
DEAL-06978,9,9,approved,2026-04-22,2026-04-27
DEAL-06979,12,5,pending,2026-04-23,2026-05-06
DEAL-06980,9,9,approved,2025-06-24,2025-06-29
DEAL-06981,15,15,approved,2024-11-03,2024-11-08
DEAL-06982,15,4,flagged,2026-04-26,2026-04-28
DEAL-06983,9,9,approved,2024-09-22,2024-09-25
DEAL-06984,8,8,approved,2025-12-03,2025-12-04
DEAL-06985,11,11,approved,2024-05-04,2024-05-06
DEAL-06986,13,13,approved,2024-03-30,2024-04-02
DEAL-06987,13,5,flagged,2025-06-15,2025-06-23
DEAL-06988,9,9,approved,2025-09-25,2025-09-27
DEAL-06989,11,5,flagged,2026-04-06,2026-04-09
DEAL-06990,14,2,pending,2024-09-25,2024-10-03
DEAL-06991,14,14,approved,2025-03-18,2025-03-19
DEAL-06992,17,9,approved,2024-07-07,2024-07-16
DEAL-06993,11,11,approved,2026-02-11,2026-02-14
DEAL-06994,13,12,pending,2025-10-30,2025-11-03
DEAL-06995,11,11,approved,2024-11-09,2024-11-12
DEAL-06996,10,0,approved,2026-04-29,
DEAL-06997,12,12,approved,2024-06-30,2024-07-05
DEAL-06998,18,18,approved,2024-07-29,2024-08-02
DEAL-06999,15,15,approved,2025-06-07,2025-06-10
DEAL-07000,13,13,approved,2025-03-05,2025-03-08
DEAL-07001,15,11,pending,2024-07-01,2024-07-09
DEAL-07002,14,5,flagged,2025-08-24,2025-09-07
DEAL-07003,9,9,approved,2024-05-17,2024-05-18
DEAL-07004,8,4,pending,2024-07-17,2024-07-27
DEAL-07005,20,20,approved,2024-10-13,2024-10-15
DEAL-07006,17,17,approved,2026-03-21,2026-03-26
DEAL-07007,14,14,approved,2026-04-01,2026-04-02
DEAL-07008,14,14,approved,2024-12-30,2025-01-03
DEAL-07009,14,14,approved,2025-09-01,2025-09-03
DEAL-07010,19,8,pending,2026-01-31,2026-02-05
DEAL-07011,20,20,approved,2026-02-26,2026-03-02
DEAL-07012,8,8,approved,2026-05-09,2026-05-11
DEAL-07013,17,17,approved,2026-03-14,2026-03-15
DEAL-07014,10,10,approved,2026-02-22,2026-02-25
DEAL-07015,12,12,approved,2025-06-12,2025-06-17
DEAL-07016,16,16,approved,2026-05-10,2026-05-11
DEAL-07017,17,17,approved,2025-09-19,2025-09-21
DEAL-07018,13,13,approved,2026-03-11,2026-03-16
DEAL-07019,12,7,flagged,,
DEAL-07020,16,16,approved,2024-11-24,2024-11-28
DEAL-07021,15,7,pending,2026-03-30,2026-04-13
DEAL-07022,15,15,approved,2025-04-07,2025-04-11
DEAL-07023,19,19,approved,2024-05-02,2024-05-03
DEAL-07024,20,20,approved,2026-03-15,2026-03-17
DEAL-07025,15,15,approved,2025-01-02,2025-01-05
DEAL-07026,16,16,approved,2024-05-30,2024-06-02
DEAL-07027,9,9,approved,2025-06-02,2025-06-03
DEAL-07028,20,20,approved,2024-07-30,2024-08-01
DEAL-07029,19,19,approved,2024-08-31,2024-09-05
DEAL-07030,9,9,approved,2026-01-21,2026-01-22
DEAL-07031,10,10,approved,2025-04-21,2025-04-22
DEAL-07032,11,2,flagged,2025-04-11,2025-04-16
DEAL-07033,14,14,approved,2025-06-12,2025-06-13
DEAL-07034,14,14,approved,2026-01-13,2026-01-17
DEAL-07035,12,3,approved,2024-09-06,2024-09-10
DEAL-07036,17,17,approved,2025-11-06,2025-11-07
DEAL-07037,11,11,approved,2024-09-01,2024-09-03
DEAL-07038,13,6,pending,2024-07-24,2024-07-27
DEAL-07039,20,20,approved,2024-07-22,2024-07-26
DEAL-07040,12,12,approved,2024-04-03,2024-04-06
DEAL-07041,16,16,approved,2026-03-08,2026-03-09
DEAL-07042,14,9,pending,2025-11-23,2025-12-06
DEAL-07043,15,15,approved,2024-11-02,2024-11-06
DEAL-07044,12,12,approved,2025-02-09,2025-02-10
DEAL-07045,20,9,pending,,
DEAL-07046,13,0,pending,2025-04-04,
DEAL-07047,17,17,approved,2026-01-02,2026-01-04
DEAL-07048,12,2,flagged,2024-09-29,2024-10-12
DEAL-07049,11,5,pending,,
DEAL-07050,8,7,approved,2025-07-22,2025-07-24
DEAL-07051,11,11,approved,2024-05-15,2024-05-19
DEAL-07052,12,5,approved,2025-10-24,2025-10-30
DEAL-07053,17,17,approved,2024-11-06,2024-11-10
DEAL-07054,9,9,approved,2025-02-27,2025-03-04
DEAL-07055,13,12,approved,2026-01-02,2026-01-04
DEAL-07056,14,14,approved,2026-01-24,2026-01-28
DEAL-07057,19,19,approved,2026-04-05,2026-04-09
DEAL-07058,15,15,approved,2025-06-11,2025-06-12
DEAL-07059,15,13,flagged,2024-10-03,2024-10-06
DEAL-07060,19,13,flagged,,
DEAL-07061,9,9,approved,2026-03-19,2026-03-21
DEAL-07062,14,14,approved,2025-05-10,2025-05-15
DEAL-07063,19,2,pending,2026-03-31,2026-04-06
DEAL-07064,17,3,flagged,2025-04-26,2025-05-01
DEAL-07065,15,15,approved,2025-09-09,2025-09-13
DEAL-07066,19,19,approved,2026-05-03,2026-05-08
DEAL-07067,15,9,pending,2024-07-31,2024-08-07
DEAL-07068,9,1,pending,2026-03-10,2026-03-17
DEAL-07069,15,15,approved,2025-04-18,2025-04-20
DEAL-07070,8,8,approved,2024-05-09,2024-05-11
DEAL-07071,19,6,pending,2024-09-14,2024-09-19
DEAL-07072,11,11,approved,2024-10-16,2024-10-21
DEAL-07073,18,18,approved,2026-03-27,2026-03-31
DEAL-07074,16,15,flagged,2025-09-25,2025-09-29
DEAL-07075,18,18,approved,2025-03-25,2025-03-26
DEAL-07076,9,9,approved,2024-05-15,2024-05-18
DEAL-07077,16,13,pending,2026-03-21,2026-03-22
DEAL-07078,12,12,approved,2026-05-07,2026-05-12
DEAL-07079,11,11,approved,2025-03-24,2025-03-26
DEAL-07080,8,7,pending,2025-06-12,2025-06-13
DEAL-07081,12,12,approved,2024-08-15,2024-08-20
DEAL-07082,15,15,approved,2025-08-28,2025-09-01
DEAL-07083,14,14,approved,2024-09-21,2024-09-25
DEAL-07084,10,10,approved,2024-09-27,2024-09-29
DEAL-07085,8,8,approved,2025-05-30,2025-06-04
DEAL-07086,12,3,approved,2026-05-02,2026-05-08
DEAL-07087,19,17,approved,2025-06-18,2025-06-23
DEAL-07088,12,6,pending,2026-02-28,2026-03-04
DEAL-07089,16,16,approved,2026-04-12,2026-04-16
DEAL-07090,19,19,approved,2026-03-07,2026-03-10
DEAL-07091,14,14,approved,,
DEAL-07092,18,18,approved,2026-04-12,2026-04-14
DEAL-07093,17,17,approved,2025-06-30,2025-07-05
DEAL-07094,11,11,approved,2024-06-13,2024-06-18
DEAL-07095,19,19,approved,2025-07-07,2025-07-09
DEAL-07096,10,10,pending,2026-05-12,2026-05-16
DEAL-07097,18,18,approved,2025-02-07,2025-02-12
DEAL-07098,20,20,approved,2025-04-20,2025-04-25
DEAL-07099,16,14,flagged,2026-01-12,2026-01-13
DEAL-07100,9,5,flagged,,
DEAL-07101,10,6,pending,2025-01-07,2025-01-09
DEAL-07102,9,9,approved,2026-01-12,2026-01-16
DEAL-07103,13,4,flagged,,
DEAL-07104,16,16,approved,2024-09-27,2024-09-30
DEAL-07105,9,2,approved,,
DEAL-07106,17,9,pending,2026-05-12,2026-05-22
DEAL-07107,17,17,approved,2025-06-17,2025-06-19
DEAL-07108,10,10,approved,2025-01-07,2025-01-10
DEAL-07109,13,13,flagged,2024-07-07,2024-07-12
DEAL-07110,14,14,approved,2025-04-06,2025-04-08
DEAL-07111,12,12,approved,2025-11-14,2025-11-16
DEAL-07112,16,16,approved,2026-02-09,2026-02-10
DEAL-07113,13,13,approved,2025-08-26,2025-08-28
DEAL-07114,8,8,approved,2024-06-26,2024-06-27
DEAL-07115,14,14,approved,2025-02-07,2025-02-09
DEAL-07116,15,15,approved,2025-06-15,2025-06-20
DEAL-07117,11,11,approved,2026-04-14,2026-04-19
DEAL-07118,9,9,approved,2025-11-08,2025-11-12
DEAL-07119,12,12,approved,2025-07-09,2025-07-13
DEAL-07120,20,20,approved,2024-06-24,2024-06-28
DEAL-07121,20,1,flagged,,
DEAL-07122,17,17,approved,2026-03-08,2026-03-13
DEAL-07123,9,9,approved,2025-03-15,2025-03-17
DEAL-07124,18,18,approved,2025-05-29,2025-06-03
DEAL-07125,10,4,approved,,
DEAL-07126,14,14,approved,2026-05-09,2026-05-12
DEAL-07127,15,15,approved,2024-02-07,2024-02-12
DEAL-07128,18,18,approved,2026-01-05,2026-01-07
DEAL-07129,18,17,pending,,
DEAL-07130,10,10,approved,2025-01-26,2025-01-31
DEAL-07131,15,15,approved,2026-01-11,2026-01-14
DEAL-07132,11,11,approved,2025-07-02,2025-07-03
DEAL-07133,15,11,flagged,2026-04-17,2026-04-28
DEAL-07134,9,4,pending,2024-08-06,2024-08-09
DEAL-07135,20,20,approved,2024-06-06,2024-06-09
DEAL-07136,19,18,flagged,2024-10-30,2024-11-02
DEAL-07137,13,1,flagged,2026-02-03,2026-02-14
DEAL-07138,16,16,approved,2024-06-10,2024-06-11
DEAL-07139,13,5,flagged,2024-10-11,2024-10-24
DEAL-07140,14,14,approved,2025-09-12,2025-09-13
DEAL-07141,20,20,approved,2024-11-30,2024-12-01
DEAL-07142,9,9,approved,2025-01-23,2025-01-27
DEAL-07143,8,8,approved,2025-12-05,2025-12-09
DEAL-07144,18,11,flagged,2025-10-20,2025-10-29
DEAL-07145,8,8,approved,2024-10-14,2024-10-16
DEAL-07146,9,9,approved,2025-09-11,2025-09-13
DEAL-07147,12,12,approved,2024-12-31,2025-01-05
DEAL-07148,15,15,approved,2025-12-11,2025-12-14
DEAL-07149,13,13,approved,2025-07-02,2025-07-03
DEAL-07150,10,10,approved,2025-09-24,2025-09-25
DEAL-07151,10,10,approved,2026-01-18,2026-01-22
DEAL-07152,16,16,approved,2024-12-15,2024-12-18
DEAL-07153,15,15,approved,2024-05-11,2024-05-14
DEAL-07154,17,17,approved,2025-06-10,2025-06-15
DEAL-07155,12,12,approved,2026-05-16,2026-05-18
DEAL-07156,14,14,approved,2024-04-30,2024-05-01
DEAL-07157,14,14,approved,2024-04-09,2024-04-11
DEAL-07158,12,12,approved,2024-12-20,2024-12-22
DEAL-07159,9,9,approved,2025-09-27,2025-09-28
DEAL-07160,12,12,approved,2025-02-11,2025-02-12
DEAL-07161,14,14,flagged,2024-07-01,2024-07-04
DEAL-07162,11,11,approved,2026-04-19,2026-04-20
DEAL-07163,13,13,approved,2025-06-23,2025-06-26
DEAL-07164,11,5,flagged,,
DEAL-07165,14,8,flagged,2025-02-18,2025-03-03
DEAL-07166,8,8,approved,2024-11-02,2024-11-04
DEAL-07167,12,12,approved,2024-05-22,2024-05-25
DEAL-07168,17,15,approved,2024-06-09,2024-06-11
DEAL-07169,14,14,approved,2025-05-25,2025-05-28
DEAL-07170,12,6,pending,2024-05-01,2024-05-12
DEAL-07171,17,17,approved,2025-08-10,2025-08-15
DEAL-07172,16,6,pending,2024-04-29,2024-05-12
DEAL-07173,15,15,approved,2026-04-29,2026-04-30
DEAL-07174,10,10,approved,2024-12-01,2024-12-03
DEAL-07175,12,12,approved,2026-03-22,2026-03-24
DEAL-07176,9,3,pending,2025-06-13,2025-06-18
DEAL-07177,19,19,approved,2026-05-02,2026-05-06
DEAL-07178,9,9,approved,2025-04-18,2025-04-23
DEAL-07179,17,0,pending,2024-07-03,
DEAL-07180,17,17,approved,2024-08-28,2024-08-29
DEAL-07181,9,2,flagged,2025-09-18,2025-09-27
DEAL-07182,8,8,approved,2025-12-29,2026-01-01
DEAL-07183,8,8,approved,2024-10-13,2024-10-15
DEAL-07184,9,9,approved,2026-04-17,2026-04-21
DEAL-07185,19,11,flagged,2025-03-11,2025-03-22
DEAL-07186,18,2,approved,2026-01-19,2026-01-23
DEAL-07187,12,12,approved,2025-09-06,2025-09-09
DEAL-07188,9,9,approved,2024-09-29,2024-09-30
DEAL-07189,20,20,approved,2025-04-02,2025-04-05
DEAL-07190,20,20,approved,2024-12-09,2024-12-11
DEAL-07191,9,9,approved,2024-09-27,2024-09-29
DEAL-07192,17,17,approved,2026-03-29,2026-04-02
DEAL-07193,16,16,approved,2025-02-27,2025-03-02
DEAL-07194,8,3,flagged,2025-05-18,2025-05-29
DEAL-07195,9,2,pending,2026-01-17,2026-01-22
DEAL-07196,8,8,approved,2025-01-30,2025-02-03
DEAL-07197,14,14,approved,2024-12-28,2024-12-29
DEAL-07198,13,5,approved,2026-05-14,2026-05-26
DEAL-07199,12,12,approved,2026-05-18,2026-05-20
DEAL-07200,19,19,approved,2026-03-20,2026-03-25
DEAL-07201,18,16,flagged,,
DEAL-07202,20,20,approved,2025-09-25,2025-09-28
DEAL-07203,11,1,flagged,2025-12-31,2026-01-05
DEAL-07204,12,12,approved,2026-03-23,2026-03-24
DEAL-07205,14,14,approved,2025-10-18,2025-10-19
DEAL-07206,19,19,approved,2025-06-05,2025-06-07
DEAL-07207,19,19,approved,2025-03-19,2025-03-24
DEAL-07208,10,6,flagged,2024-02-28,2024-03-06
DEAL-07209,17,17,approved,2026-04-16,2026-04-20
DEAL-07210,19,19,approved,2026-03-22,2026-03-25
DEAL-07211,20,20,approved,2024-09-25,2024-09-30
DEAL-07212,15,4,flagged,2025-07-12,2025-07-14
DEAL-07213,18,18,approved,2025-09-07,2025-09-09
DEAL-07214,9,9,approved,2024-06-24,2024-06-26
DEAL-07215,12,7,pending,2026-04-01,2026-04-09
DEAL-07216,15,15,approved,2025-02-17,2025-02-19
DEAL-07217,13,13,approved,2025-05-24,2025-05-29
DEAL-07218,15,1,flagged,2024-01-20,2024-02-03
DEAL-07219,9,3,flagged,2024-04-04,2024-04-17
DEAL-07220,8,8,approved,2024-10-24,2024-10-28
DEAL-07221,12,12,approved,2025-01-13,2025-01-18
DEAL-07222,10,0,approved,2025-12-29,
DEAL-07223,8,3,flagged,2025-07-16,2025-07-28
DEAL-07224,12,8,approved,,
DEAL-07225,10,10,approved,2026-04-11,2026-04-14
DEAL-07226,13,12,approved,2024-09-25,2024-09-28
DEAL-07227,17,16,approved,,
DEAL-07228,19,19,approved,2025-10-16,2025-10-17
DEAL-07229,12,2,flagged,2026-01-28,2026-02-10
DEAL-07230,9,9,approved,2024-11-24,2024-11-26
DEAL-07231,11,11,approved,2025-08-15,2025-08-18
DEAL-07232,18,12,pending,2025-08-16,2025-08-19
DEAL-07233,12,12,flagged,2025-07-03,2025-07-06
DEAL-07234,15,14,pending,2026-01-04,2026-01-05
DEAL-07235,10,10,approved,2026-05-10,2026-05-15
DEAL-07236,9,5,flagged,2025-07-16,2025-07-26
DEAL-07237,10,10,approved,2024-05-29,2024-06-03
DEAL-07238,15,15,approved,2024-05-23,2024-05-27
DEAL-07239,18,18,approved,2025-05-25,2025-05-28
DEAL-07240,15,15,approved,2025-10-31,2025-11-05
DEAL-07241,13,13,approved,2024-06-13,2024-06-16
DEAL-07242,8,5,flagged,2024-11-29,2024-12-09
DEAL-07243,17,17,approved,2025-05-09,2025-05-12
DEAL-07244,15,15,approved,2025-07-20,2025-07-22
DEAL-07245,9,9,approved,2026-03-28,2026-03-31
DEAL-07246,15,15,approved,2024-03-02,2024-03-06
DEAL-07247,19,19,approved,2025-06-01,2025-06-06
DEAL-07248,8,8,approved,2025-06-27,2025-06-30
DEAL-07249,15,15,approved,2025-01-07,2025-01-09
DEAL-07250,19,19,approved,2024-06-23,2024-06-26
DEAL-07251,16,16,approved,2024-09-16,2024-09-17
DEAL-07252,12,9,pending,,
DEAL-07253,15,15,approved,2024-07-09,2024-07-12
DEAL-07254,16,16,approved,2026-03-28,2026-03-29
DEAL-07255,16,5,approved,2026-03-02,2026-03-09
DEAL-07256,15,15,approved,2025-04-28,2025-04-30
DEAL-07257,12,12,approved,2025-12-22,2025-12-26
DEAL-07258,18,18,approved,2026-04-23,2026-04-25
DEAL-07259,14,14,approved,2024-08-07,2024-08-09
DEAL-07260,14,14,approved,2024-05-04,2024-05-06
DEAL-07261,19,19,approved,2024-05-27,2024-05-29
DEAL-07262,12,12,approved,2025-06-01,2025-06-03
DEAL-07263,10,10,approved,2025-01-17,2025-01-20
DEAL-07264,8,6,pending,,
DEAL-07265,11,11,approved,2026-05-03,2026-05-08
DEAL-07266,15,15,approved,2024-02-09,2024-02-12
DEAL-07267,19,19,approved,2024-03-04,2024-03-09
DEAL-07268,13,8,approved,2025-08-30,2025-09-01
DEAL-07269,8,8,approved,2024-12-26,2024-12-28
DEAL-07270,17,4,flagged,2026-03-22,2026-04-04
DEAL-07271,12,9,flagged,2025-10-17,2025-10-21
DEAL-07272,14,3,approved,2024-09-14,2024-09-28
DEAL-07273,8,8,approved,2024-11-07,2024-11-10
DEAL-07274,13,13,approved,2025-03-09,2025-03-13
DEAL-07275,10,7,flagged,2026-03-11,2026-03-19
DEAL-07276,19,19,approved,2025-04-10,2025-04-12
DEAL-07277,9,5,flagged,2025-07-27,2025-08-01
DEAL-07278,20,20,approved,2025-01-17,2025-01-18
DEAL-07279,18,18,approved,2024-03-19,2024-03-23
DEAL-07280,13,13,approved,2024-08-02,2024-08-04
DEAL-07281,12,12,approved,2026-04-25,2026-04-30
DEAL-07282,18,18,pending,2025-09-28,2025-09-30
DEAL-07283,11,11,approved,2024-03-17,2024-03-19
DEAL-07284,18,14,pending,2024-03-12,2024-03-23
DEAL-07285,9,9,approved,2026-01-01,2026-01-06
DEAL-07286,18,17,approved,2025-04-27,2025-04-29
DEAL-07287,10,10,approved,2026-03-24,2026-03-27
DEAL-07288,8,8,approved,2026-01-24,2026-01-26
DEAL-07289,11,6,pending,2025-11-10,2025-11-13
DEAL-07290,14,14,approved,2024-12-08,2024-12-12
DEAL-07291,15,15,approved,2026-03-27,2026-04-01
DEAL-07292,16,16,approved,2026-03-07,2026-03-08
DEAL-07293,12,12,approved,2026-05-11,2026-05-12
DEAL-07294,16,16,approved,2025-06-16,2025-06-19
DEAL-07295,13,10,pending,2025-02-22,2025-03-07
DEAL-07296,13,0,approved,2026-05-04,
DEAL-07297,16,10,pending,2026-05-04,2026-05-06
DEAL-07298,11,11,approved,2024-05-18,2024-05-22
DEAL-07299,11,11,approved,2026-03-23,2026-03-28
DEAL-07300,9,9,approved,2025-05-30,2025-05-31
DEAL-07301,20,20,approved,2024-03-01,2024-03-06
DEAL-07302,19,19,approved,2026-03-12,2026-03-15
DEAL-07303,9,2,approved,2025-08-21,2025-08-27
DEAL-07304,9,9,approved,2024-06-24,2024-06-25
DEAL-07305,19,19,approved,2024-10-11,2024-10-14
DEAL-07306,20,7,pending,,
DEAL-07307,20,20,approved,2024-09-30,2024-10-03
DEAL-07308,9,9,approved,2026-03-27,2026-04-01
DEAL-07309,16,16,approved,2024-12-13,2024-12-17
DEAL-07310,12,12,approved,2026-03-21,2026-03-22
DEAL-07311,15,15,approved,2024-09-29,2024-10-04
DEAL-07312,18,18,approved,2024-07-28,2024-07-31
DEAL-07313,13,13,approved,2026-01-25,2026-01-29
DEAL-07314,8,8,approved,2024-05-02,2024-05-04
DEAL-07315,18,18,approved,2025-03-05,2025-03-10
DEAL-07316,16,16,approved,2025-07-18,2025-07-20
DEAL-07317,15,6,pending,2024-05-31,2024-06-14
DEAL-07318,15,15,approved,2026-05-18,2026-05-23
DEAL-07319,12,12,approved,2025-04-26,2025-05-01
DEAL-07320,20,16,pending,,
DEAL-07321,9,9,approved,2025-10-30,2025-11-04
DEAL-07322,17,17,approved,2025-01-14,2025-01-19
DEAL-07323,20,20,approved,2024-07-04,2024-07-07
DEAL-07324,19,2,pending,2026-03-22,2026-03-29
DEAL-07325,16,16,approved,2024-08-09,2024-08-10
DEAL-07326,20,20,approved,2025-08-17,2025-08-18
DEAL-07327,14,14,approved,2025-09-22,2025-09-26
DEAL-07328,13,4,pending,2026-03-26,2026-04-09
DEAL-07329,14,14,approved,2024-08-18,2024-08-21
DEAL-07330,18,18,approved,2025-05-05,2025-05-06
DEAL-07331,15,5,pending,2025-05-27,2025-05-31
DEAL-07332,10,8,flagged,2025-12-01,2025-12-03
DEAL-07333,10,8,pending,,
DEAL-07334,11,11,approved,2024-06-17,2024-06-18
DEAL-07335,20,20,approved,2025-06-04,2025-06-06
DEAL-07336,19,19,approved,2024-12-22,2024-12-24
DEAL-07337,11,11,approved,2024-12-28,2025-01-02
DEAL-07338,10,10,approved,2026-05-02,2026-05-04
DEAL-07339,16,16,approved,2026-02-25,2026-03-02
DEAL-07340,8,8,approved,2026-03-15,2026-03-19
DEAL-07341,8,8,approved,2025-07-26,2025-07-30
DEAL-07342,17,17,approved,2025-03-30,2025-04-02
DEAL-07343,19,19,approved,2026-04-04,2026-04-05
DEAL-07344,18,18,approved,2025-10-01,2025-10-03
DEAL-07345,20,20,approved,2025-05-06,2025-05-08
DEAL-07346,18,18,approved,2025-09-28,2025-09-29
DEAL-07347,20,20,approved,2026-04-15,2026-04-18
DEAL-07348,17,17,approved,2026-04-20,2026-04-21
DEAL-07349,18,18,approved,2026-05-20,2026-05-21
DEAL-07350,13,13,approved,2024-07-06,2024-07-10
DEAL-07351,15,15,approved,2026-04-22,2026-04-27
DEAL-07352,11,11,approved,2025-07-17,2025-07-22
DEAL-07353,14,3,flagged,2025-07-22,2025-07-29
DEAL-07354,18,18,approved,2026-04-02,2026-04-04
DEAL-07355,9,4,flagged,2025-01-12,2025-01-15
DEAL-07356,12,6,pending,2026-04-22,2026-04-30
DEAL-07357,15,15,approved,2026-04-04,2026-04-06
DEAL-07358,11,11,approved,2024-08-28,2024-08-30
DEAL-07359,8,3,pending,2024-09-29,2024-10-01
DEAL-07360,10,10,approved,2026-02-24,2026-02-26
DEAL-07361,13,13,flagged,2024-11-04,2024-11-06
DEAL-07362,15,15,approved,2026-04-07,2026-04-10
DEAL-07363,17,17,approved,2025-03-18,2025-03-21
DEAL-07364,13,13,approved,2025-06-04,2025-06-09
DEAL-07365,18,8,pending,2026-04-02,2026-04-10
DEAL-07366,10,9,flagged,,
DEAL-07367,12,2,pending,,
DEAL-07368,18,18,approved,2026-04-24,2026-04-29
DEAL-07369,8,5,flagged,2024-05-29,2024-06-06
DEAL-07370,10,10,approved,2024-04-11,2024-04-13
DEAL-07371,8,8,approved,2026-04-06,2026-04-10
DEAL-07372,16,16,approved,2025-11-11,2025-11-12
DEAL-07373,9,9,approved,2025-06-10,2025-06-13
DEAL-07374,19,19,approved,2024-11-16,2024-11-21
DEAL-07375,10,10,approved,2024-07-30,2024-07-31
DEAL-07376,18,18,approved,2024-09-14,2024-09-16
DEAL-07377,11,5,flagged,2026-04-13,2026-04-21
DEAL-07378,16,16,approved,2026-05-04,2026-05-05
DEAL-07379,17,17,approved,2026-03-07,2026-03-11
DEAL-07380,19,19,approved,2025-09-22,2025-09-27
DEAL-07381,10,10,approved,2024-07-24,2024-07-27
DEAL-07382,10,10,approved,2024-03-16,2024-03-17
DEAL-07383,18,11,flagged,2026-04-13,2026-04-25
DEAL-07384,13,13,approved,2026-04-04,2026-04-05
DEAL-07385,11,11,approved,2026-03-05,2026-03-08
DEAL-07386,18,18,approved,2025-09-13,2025-09-15
DEAL-07387,14,14,approved,2024-10-03,2024-10-04
DEAL-07388,19,7,flagged,2026-03-21,2026-03-29
DEAL-07389,15,15,approved,2026-05-13,2026-05-16
DEAL-07390,11,2,pending,2026-03-15,2026-03-29
DEAL-07391,20,0,pending,2026-03-03,
DEAL-07392,20,3,flagged,2024-07-02,2024-07-08
DEAL-07393,19,11,flagged,2025-05-27,2025-06-07
DEAL-07394,11,11,approved,2026-02-26,2026-02-27
DEAL-07395,20,20,approved,2025-09-09,2025-09-12
DEAL-07396,15,3,flagged,2025-04-02,2025-04-12
DEAL-07397,19,19,approved,2024-09-18,2024-09-20
DEAL-07398,14,14,approved,2024-06-01,2024-06-02
DEAL-07399,16,16,approved,2025-04-05,2025-04-07
DEAL-07400,15,15,approved,2026-03-12,2026-03-15
DEAL-07401,13,5,approved,2024-05-18,2024-05-22
DEAL-07402,14,14,approved,2025-06-11,2025-06-12
DEAL-07403,12,12,approved,2025-06-25,2025-06-30
DEAL-07404,8,8,approved,2024-06-26,2024-06-28
DEAL-07405,13,13,approved,2026-01-20,2026-01-24
DEAL-07406,12,12,approved,2026-01-24,2026-01-25
DEAL-07407,14,4,approved,2025-12-05,2025-12-14
DEAL-07408,12,12,approved,2024-03-21,2024-03-25
DEAL-07409,14,14,approved,2025-08-01,2025-08-04
DEAL-07410,17,17,approved,2025-06-06,2025-06-07
DEAL-07411,11,11,approved,2026-04-04,2026-04-06
DEAL-07412,14,14,approved,2025-07-31,2025-08-03
DEAL-07413,15,15,approved,2025-09-09,2025-09-11
DEAL-07414,9,9,approved,2026-03-09,2026-03-14
DEAL-07415,20,20,approved,2026-04-19,2026-04-24
DEAL-07416,14,14,approved,2024-12-04,2024-12-08
DEAL-07417,20,20,approved,2025-04-07,2025-04-11
DEAL-07418,15,8,pending,2024-11-16,2024-11-28
DEAL-07419,13,7,approved,,
DEAL-07420,9,5,pending,2024-12-05,2024-12-16
DEAL-07421,15,15,approved,2026-03-23,2026-03-26
DEAL-07422,16,16,approved,2025-06-21,2025-06-22
DEAL-07423,19,13,approved,,
DEAL-07424,9,9,approved,2025-04-22,2025-04-27
DEAL-07425,16,7,approved,2024-08-20,2024-09-01
DEAL-07426,14,14,approved,2026-01-09,2026-01-14
DEAL-07427,11,10,pending,2024-03-22,2024-03-27
DEAL-07428,12,12,approved,2025-11-13,2025-11-16
DEAL-07429,14,14,approved,2024-08-21,2024-08-25
DEAL-07430,18,18,approved,2024-08-09,2024-08-14
DEAL-07431,10,5,flagged,2025-09-30,2025-10-14
DEAL-07432,14,14,approved,2024-10-25,2024-10-26
DEAL-07433,20,20,approved,2024-03-05,2024-03-10
DEAL-07434,13,3,approved,2026-05-06,2026-05-14
DEAL-07435,11,8,flagged,2024-03-23,2024-03-26
DEAL-07436,14,14,approved,2026-04-02,2026-04-04
DEAL-07437,13,4,approved,2025-04-28,2025-05-03
DEAL-07438,18,18,approved,2025-04-04,2025-04-09
DEAL-07439,8,8,approved,2025-02-19,2025-02-23
DEAL-07440,13,13,approved,2025-07-20,2025-07-24
DEAL-07441,17,17,approved,2026-03-07,2026-03-11
DEAL-07442,16,15,flagged,2025-08-31,2025-09-02
DEAL-07443,17,17,approved,2024-09-03,2024-09-06
DEAL-07444,20,19,flagged,2026-04-05,2026-04-06
DEAL-07445,9,2,flagged,2024-12-01,2024-12-12
DEAL-07446,16,16,approved,2026-04-12,2026-04-17
DEAL-07447,19,19,approved,2025-08-30,2025-09-03
DEAL-07448,15,15,approved,2024-03-09,2024-03-14
DEAL-07449,9,9,approved,2026-03-26,2026-03-30
DEAL-07450,15,15,approved,2026-02-27,2026-02-28
DEAL-07451,17,17,approved,2024-12-22,2024-12-27
DEAL-07452,17,17,approved,2025-03-01,2025-03-05
DEAL-07453,20,13,pending,2025-09-05,2025-09-11
DEAL-07454,14,3,flagged,2024-07-25,2024-07-27
DEAL-07455,8,8,approved,2025-11-08,2025-11-10
DEAL-07456,12,12,approved,2025-02-25,2025-02-27
DEAL-07457,14,14,approved,2025-06-17,2025-06-20
DEAL-07458,17,1,pending,2024-08-19,2024-08-31
DEAL-07459,14,2,pending,,
DEAL-07460,18,18,approved,2024-11-06,2024-11-11
DEAL-07461,20,20,approved,2025-10-11,2025-10-14
DEAL-07462,18,3,pending,2025-06-21,2025-06-28
DEAL-07463,9,9,approved,2024-03-15,2024-03-17
DEAL-07464,11,11,approved,2025-08-20,2025-08-23
DEAL-07465,9,9,approved,2026-05-07,2026-05-08
DEAL-07466,18,18,approved,2026-04-19,2026-04-21
DEAL-07467,18,18,approved,2024-09-11,2024-09-13
DEAL-07468,16,8,pending,2025-07-28,2025-08-06
DEAL-07469,12,12,approved,2024-02-26,2024-02-29
DEAL-07470,13,13,approved,2024-05-19,2024-05-22
DEAL-07471,19,19,approved,2026-03-20,2026-03-23
DEAL-07472,15,3,approved,2024-07-12,2024-07-15
DEAL-07473,15,15,approved,2024-06-11,2024-06-16
DEAL-07474,11,0,approved,2026-02-02,
DEAL-07475,11,3,flagged,2025-06-18,2025-06-26
DEAL-07476,20,20,approved,2024-08-10,2024-08-12
DEAL-07477,12,12,approved,2026-02-22,2026-02-23
DEAL-07478,8,8,approved,2024-07-29,2024-08-02
DEAL-07479,15,3,approved,,
DEAL-07480,13,13,approved,2025-09-03,2025-09-06
DEAL-07481,18,11,flagged,2024-03-30,2024-04-05
DEAL-07482,8,3,pending,2025-03-13,2025-03-15
DEAL-07483,16,11,flagged,2024-07-05,2024-07-10
DEAL-07484,15,10,flagged,2024-08-24,2024-09-05
DEAL-07485,8,8,approved,2026-04-27,2026-04-29
DEAL-07486,14,9,pending,2026-03-11,2026-03-15
DEAL-07487,9,9,approved,2026-04-03,2026-04-06
DEAL-07488,16,16,approved,2025-01-11,2025-01-13
DEAL-07489,15,15,approved,2026-05-08,2026-05-09
DEAL-07490,13,13,approved,2024-06-30,2024-07-01
DEAL-07491,8,8,approved,2025-07-19,2025-07-21
DEAL-07492,18,18,approved,2024-09-06,2024-09-08
DEAL-07493,13,13,approved,2024-06-15,2024-06-16
DEAL-07494,16,16,approved,2025-11-05,2025-11-09
DEAL-07495,19,19,approved,2025-09-04,2025-09-09
DEAL-07496,14,14,approved,2025-08-14,2025-08-16
DEAL-07497,10,3,flagged,2026-04-05,2026-04-14
DEAL-07498,17,15,approved,2026-05-10,2026-05-12
DEAL-07499,19,19,approved,2025-07-17,2025-07-18
DEAL-07500,10,10,approved,2024-11-26,2024-11-28
DEAL-07501,16,16,approved,2025-08-08,2025-08-09
DEAL-07502,11,11,approved,2025-11-10,2025-11-15
DEAL-07503,16,16,approved,2025-08-29,2025-09-03
DEAL-07504,16,16,approved,2024-06-17,2024-06-20
DEAL-07505,10,10,approved,2026-03-31,2026-04-01
DEAL-07506,11,11,approved,2024-03-21,2024-03-23
DEAL-07507,12,12,approved,2024-04-23,2024-04-26
DEAL-07508,11,11,approved,2025-07-29,2025-08-03
DEAL-07509,9,9,approved,2025-03-21,2025-03-26
DEAL-07510,9,9,pending,2024-06-14,2024-06-15
DEAL-07511,10,10,approved,2024-02-08,2024-02-11
DEAL-07512,9,9,approved,2024-05-31,2024-06-03
DEAL-07513,14,14,approved,2025-10-28,2025-11-01
DEAL-07514,9,3,pending,2026-04-09,2026-04-20
DEAL-07515,15,15,approved,2024-07-25,2024-07-29
DEAL-07516,9,9,approved,2024-04-24,2024-04-28
DEAL-07517,9,9,approved,2024-06-01,2024-06-04
DEAL-07518,14,8,flagged,2024-08-01,2024-08-05
DEAL-07519,13,13,approved,2024-06-01,2024-06-02
DEAL-07520,8,8,approved,2026-01-07,2026-01-11
DEAL-07521,12,8,flagged,2024-04-21,2024-05-05
DEAL-07522,14,14,approved,2025-04-21,2025-04-25
DEAL-07523,11,11,approved,2025-02-21,2025-02-25
DEAL-07524,12,12,approved,2024-09-28,2024-10-03
DEAL-07525,16,16,approved,2025-08-28,2025-08-29
DEAL-07526,15,15,approved,2025-07-03,2025-07-06
DEAL-07527,16,16,approved,2024-09-02,2024-09-06
DEAL-07528,19,7,pending,2025-09-30,2025-10-07
DEAL-07529,20,4,pending,2024-05-06,2024-05-15
DEAL-07530,18,14,flagged,2025-12-21,2025-12-24
DEAL-07531,10,9,flagged,2024-08-13,2024-08-16
DEAL-07532,20,20,approved,2026-05-13,2026-05-15
DEAL-07533,19,19,approved,2024-02-09,2024-02-13
DEAL-07534,14,0,flagged,2024-07-02,
DEAL-07535,14,14,approved,2024-08-28,2024-08-29
DEAL-07536,11,11,approved,2026-03-22,2026-03-26
DEAL-07537,15,15,approved,2025-05-28,2025-05-30
DEAL-07538,15,3,flagged,2024-10-22,2024-10-26
DEAL-07539,19,14,pending,2025-06-20,2025-07-03
DEAL-07540,18,18,approved,2024-02-04,2024-02-05
DEAL-07541,10,10,approved,2025-07-10,2025-07-11
DEAL-07542,19,4,pending,2024-06-02,2024-06-08
DEAL-07543,10,10,approved,2025-04-03,2025-04-06
DEAL-07544,8,8,approved,2025-09-26,2025-10-01
DEAL-07545,15,15,approved,2025-07-14,2025-07-19
DEAL-07546,19,19,approved,2025-12-16,2025-12-21
DEAL-07547,11,11,approved,2026-02-27,2026-03-03
DEAL-07548,8,2,flagged,,
DEAL-07549,11,11,approved,2025-09-11,2025-09-15
DEAL-07550,20,20,approved,2026-05-09,2026-05-14
DEAL-07551,12,12,approved,2025-07-17,2025-07-20
DEAL-07552,16,16,approved,2024-11-16,2024-11-18
DEAL-07553,11,11,approved,2026-02-10,2026-02-12
DEAL-07554,16,9,pending,2025-04-15,2025-04-22
DEAL-07555,13,13,approved,2025-12-26,2025-12-30
DEAL-07556,18,18,approved,2026-05-19,2026-05-23
DEAL-07557,16,2,flagged,2026-03-14,2026-03-22
DEAL-07558,19,19,approved,2026-03-15,2026-03-19
DEAL-07559,11,6,flagged,2025-11-17,2025-11-28
DEAL-07560,8,8,approved,2024-11-14,2024-11-15
DEAL-07561,19,19,approved,2025-10-07,2025-10-08
DEAL-07562,19,19,approved,2025-03-03,2025-03-08
DEAL-07563,9,9,approved,2025-07-05,2025-07-10
DEAL-07564,19,19,approved,2024-11-16,2024-11-21
DEAL-07565,15,6,pending,2025-06-09,2025-06-19
DEAL-07566,20,20,approved,2025-03-12,2025-03-15
DEAL-07567,10,9,pending,,
DEAL-07568,15,15,approved,2024-05-03,2024-05-05
DEAL-07569,13,0,approved,2024-08-02,
DEAL-07570,19,18,approved,2024-08-21,2024-08-24
DEAL-07571,12,0,flagged,2025-11-08,
DEAL-07572,10,10,approved,2025-07-22,2025-07-26
DEAL-07573,20,6,flagged,2024-04-16,2024-04-18
DEAL-07574,16,16,approved,2026-02-28,2026-03-01
DEAL-07575,8,1,flagged,2025-11-14,2025-11-25
DEAL-07576,18,18,approved,2025-02-08,2025-02-10
DEAL-07577,17,17,approved,2026-03-23,2026-03-25
DEAL-07578,17,2,flagged,2025-01-18,2025-01-28
DEAL-07579,20,11,flagged,2026-05-01,2026-05-10
DEAL-07580,13,9,flagged,,
DEAL-07581,10,10,approved,2024-10-19,2024-10-21
DEAL-07582,9,9,approved,2025-12-19,2025-12-21
DEAL-07583,12,9,pending,2024-05-02,2024-05-13
DEAL-07584,13,9,flagged,2024-05-12,2024-05-19
DEAL-07585,20,20,approved,2025-06-16,2025-06-19
DEAL-07586,14,14,approved,2025-07-20,2025-07-25
DEAL-07587,17,17,approved,2025-09-11,2025-09-14
DEAL-07588,9,9,approved,2025-07-24,2025-07-27
DEAL-07589,10,10,approved,2025-09-21,2025-09-23
DEAL-07590,17,17,approved,2025-07-22,2025-07-23
DEAL-07591,18,18,approved,2024-03-07,2024-03-10
DEAL-07592,9,9,approved,2024-04-23,2024-04-24
DEAL-07593,11,11,approved,2024-11-27,2024-11-28
DEAL-07594,15,2,pending,2025-11-30,2025-12-10
DEAL-07595,9,9,approved,2024-08-08,2024-08-11
DEAL-07596,18,6,pending,2025-03-03,2025-03-09
DEAL-07597,10,10,approved,2025-07-14,2025-07-18
DEAL-07598,14,11,pending,2024-08-01,2024-08-06
DEAL-07599,18,18,approved,2024-10-27,2024-10-30
DEAL-07600,14,6,pending,2026-03-25,2026-04-04
DEAL-07601,10,10,approved,2026-05-10,2026-05-12
DEAL-07602,13,13,approved,2025-08-31,2025-09-02
DEAL-07603,20,20,approved,2025-09-23,2025-09-24
DEAL-07604,14,14,approved,2024-09-18,2024-09-19
DEAL-07605,12,12,approved,2024-06-13,2024-06-18
DEAL-07606,8,2,pending,2026-05-03,2026-05-05
DEAL-07607,16,16,approved,2025-01-18,2025-01-21
DEAL-07608,9,9,approved,2025-12-01,2025-12-05
DEAL-07609,15,0,approved,2026-03-30,
DEAL-07610,13,13,approved,2024-06-04,2024-06-08
DEAL-07611,10,10,approved,2026-04-08,2026-04-12
DEAL-07612,17,17,approved,2025-05-15,2025-05-20
DEAL-07613,18,18,approved,2025-02-28,2025-03-02
DEAL-07614,17,17,approved,2026-05-02,2026-05-03
DEAL-07615,20,20,approved,2026-03-06,2026-03-07
DEAL-07616,15,15,approved,2025-02-24,2025-03-01
DEAL-07617,12,12,approved,2024-06-06,2024-06-11
DEAL-07618,15,0,flagged,2025-10-25,
DEAL-07619,8,8,approved,2025-12-24,2025-12-25
DEAL-07620,20,20,approved,2025-11-18,2025-11-20
DEAL-07621,13,8,pending,2025-05-09,2025-05-13
DEAL-07622,10,10,approved,2025-06-22,2025-06-26
DEAL-07623,14,14,approved,2025-12-24,2025-12-27
DEAL-07624,8,2,pending,2024-10-05,2024-10-15
DEAL-07625,18,10,pending,2025-09-01,2025-09-12
DEAL-07626,11,6,approved,2025-06-10,2025-06-22
DEAL-07627,11,1,approved,2025-05-31,2025-06-05
DEAL-07628,10,10,approved,2024-07-11,2024-07-16
DEAL-07629,20,15,approved,2024-11-18,2024-12-01
DEAL-07630,17,17,approved,2026-05-11,2026-05-16
DEAL-07631,13,3,approved,2026-04-18,2026-04-22
DEAL-07632,18,18,approved,2026-03-05,2026-03-10
DEAL-07633,11,11,approved,2025-06-17,2025-06-18
DEAL-07634,9,9,approved,2024-10-19,2024-10-23
DEAL-07635,14,14,approved,2026-03-20,2026-03-22
DEAL-07636,20,15,flagged,2024-10-31,2024-11-09
DEAL-07637,19,7,pending,2025-09-18,2025-09-21
DEAL-07638,16,16,approved,2025-01-14,2025-01-16
DEAL-07639,18,18,approved,2025-08-12,2025-08-14
DEAL-07640,18,18,approved,2024-09-12,2024-09-15
DEAL-07641,17,17,approved,2025-04-30,2025-05-05
DEAL-07642,20,20,approved,2026-04-12,2026-04-14
DEAL-07643,18,13,flagged,2025-02-28,2025-03-09
DEAL-07644,16,16,approved,2025-09-18,2025-09-21
DEAL-07645,17,17,approved,2025-01-09,2025-01-12
DEAL-07646,16,16,approved,2025-02-03,2025-02-05
DEAL-07647,8,8,approved,2026-01-16,2026-01-18
DEAL-07648,9,9,approved,2024-04-22,2024-04-24
DEAL-07649,10,7,pending,2024-11-11,2024-11-20
DEAL-07650,9,9,approved,2024-02-19,2024-02-21
DEAL-07651,13,13,approved,2026-05-21,2026-05-24
DEAL-07652,17,17,approved,2026-01-08,2026-01-09
DEAL-07653,12,12,approved,2024-09-25,2024-09-29
DEAL-07654,16,16,approved,2025-12-06,2025-12-08
DEAL-07655,15,15,approved,2024-05-28,2024-06-02
DEAL-07656,9,9,approved,2026-04-29,2026-05-03
DEAL-07657,19,19,approved,2024-05-09,2024-05-10
DEAL-07658,18,3,pending,2026-02-27,2026-03-06
DEAL-07659,20,9,flagged,2026-03-11,2026-03-14
DEAL-07660,13,13,approved,2026-02-25,2026-02-27
DEAL-07661,19,19,approved,2025-06-17,2025-06-21
DEAL-07662,17,17,approved,2025-05-28,2025-06-02
DEAL-07663,12,12,approved,2026-04-02,2026-04-06
DEAL-07664,14,14,approved,2024-07-13,2024-07-15
DEAL-07665,12,11,flagged,2025-03-25,2025-03-30
DEAL-07666,17,17,approved,2025-05-01,2025-05-06
DEAL-07667,18,18,approved,2025-10-27,2025-10-31
DEAL-07668,12,1,approved,2024-02-07,2024-02-09
DEAL-07669,17,17,approved,2026-04-30,2026-05-01
DEAL-07670,15,14,approved,2024-07-18,2024-07-19
DEAL-07671,12,12,approved,2024-08-25,2024-08-29
DEAL-07672,15,12,flagged,,
DEAL-07673,10,10,approved,2025-05-11,2025-05-16
DEAL-07674,17,17,approved,2024-02-19,2024-02-21
DEAL-07675,19,19,approved,2025-01-06,2025-01-09
DEAL-07676,10,7,flagged,2024-12-11,2024-12-14
DEAL-07677,17,17,approved,2026-04-11,2026-04-15
DEAL-07678,17,17,approved,2024-06-16,2024-06-21
DEAL-07679,8,8,approved,2024-12-03,2024-12-08
DEAL-07680,12,12,approved,2024-02-24,2024-02-25
DEAL-07681,14,14,approved,2026-04-13,2026-04-14
DEAL-07682,10,10,approved,2024-07-30,2024-08-04
DEAL-07683,10,10,approved,2026-05-13,2026-05-14
DEAL-07684,12,4,pending,,
DEAL-07685,11,8,flagged,2024-07-25,2024-07-27
DEAL-07686,19,0,pending,2025-12-24,
DEAL-07687,10,10,approved,2026-01-11,2026-01-16
DEAL-07688,15,15,approved,2024-12-18,2024-12-22
DEAL-07689,10,10,approved,2024-12-27,2024-12-30
DEAL-07690,14,14,approved,2024-07-01,2024-07-05
DEAL-07691,13,8,pending,2026-04-04,2026-04-11
DEAL-07692,20,20,approved,2026-05-06,2026-05-11
DEAL-07693,9,9,approved,2024-05-12,2024-05-14
DEAL-07694,10,10,approved,2026-02-03,2026-02-06
DEAL-07695,16,7,pending,2025-07-24,2025-07-27
DEAL-07696,16,8,flagged,2025-08-20,2025-08-31
DEAL-07697,14,14,approved,2025-04-05,2025-04-09
DEAL-07698,18,18,approved,2025-07-14,2025-07-17
DEAL-07699,10,10,approved,2026-03-30,2026-03-31
DEAL-07700,20,20,approved,2024-06-06,2024-06-08
DEAL-07701,14,13,flagged,2025-03-25,2025-03-29
DEAL-07702,14,14,approved,2024-10-02,2024-10-05
DEAL-07703,13,10,flagged,,
DEAL-07704,8,0,pending,,
DEAL-07705,13,3,pending,2024-05-26,2024-06-07
DEAL-07706,13,13,approved,2024-12-20,2024-12-25
DEAL-07707,17,17,approved,2025-05-17,2025-05-20
DEAL-07708,12,6,approved,2024-09-06,2024-09-08
DEAL-07709,16,12,pending,2026-04-26,2026-05-03
DEAL-07710,13,13,approved,2026-04-28,2026-04-29
DEAL-07711,10,3,flagged,2026-03-18,2026-03-30
DEAL-07712,18,11,pending,,
DEAL-07713,15,15,approved,2025-05-26,2025-05-27
DEAL-07714,18,18,approved,2025-07-19,2025-07-20
DEAL-07715,8,8,approved,2024-03-03,2024-03-05
DEAL-07716,16,16,approved,2024-07-23,2024-07-27
DEAL-07717,16,16,approved,2026-04-21,2026-04-23
DEAL-07718,8,5,flagged,2024-10-26,2024-10-29
DEAL-07719,10,10,approved,2024-03-07,2024-03-08
DEAL-07720,13,13,approved,2025-12-06,2025-12-11
DEAL-07721,15,15,approved,2026-03-25,2026-03-26
DEAL-07722,19,19,approved,2024-12-15,2024-12-18
DEAL-07723,14,14,approved,2024-10-23,2024-10-26
DEAL-07724,9,9,approved,2025-01-21,2025-01-23
DEAL-07725,18,18,approved,2025-07-11,2025-07-14
DEAL-07726,17,17,approved,2024-03-13,2024-03-17
DEAL-07727,10,4,flagged,2025-09-12,2025-09-23
DEAL-07728,9,4,flagged,,
DEAL-07729,11,11,approved,2025-04-18,2025-04-22
DEAL-07730,10,10,approved,2025-12-26,2025-12-30
DEAL-07731,13,13,approved,2025-09-08,2025-09-09
DEAL-07732,16,16,approved,2026-05-21,2026-05-22
DEAL-07733,15,3,pending,2025-04-28,2025-05-11
DEAL-07734,13,13,approved,2025-03-31,2025-04-02
DEAL-07735,10,10,approved,2024-09-25,2024-09-28
DEAL-07736,14,4,pending,2025-11-30,2025-12-07
DEAL-07737,18,18,approved,2025-09-21,2025-09-26
DEAL-07738,15,15,approved,2025-01-06,2025-01-11
DEAL-07739,13,13,approved,2026-05-01,2026-05-04
DEAL-07740,15,9,pending,2026-05-09,2026-05-19
DEAL-07741,16,16,approved,2025-01-27,2025-01-28
DEAL-07742,19,19,approved,2025-12-13,2025-12-16
DEAL-07743,8,8,approved,2024-07-15,2024-07-16
DEAL-07744,14,14,approved,2024-05-29,2024-05-30
DEAL-07745,9,9,approved,2025-05-31,2025-06-02
DEAL-07746,11,11,approved,2026-03-09,2026-03-11
DEAL-07747,14,14,approved,2025-07-22,2025-07-25
DEAL-07748,14,14,approved,2025-02-14,2025-02-15
DEAL-07749,16,16,approved,2024-05-28,2024-05-30
DEAL-07750,18,18,approved,2024-05-11,2024-05-14
DEAL-07751,12,12,approved,2026-04-07,2026-04-10
DEAL-07752,8,8,approved,2025-05-21,2025-05-24
DEAL-07753,13,5,pending,2024-07-24,2024-08-03
DEAL-07754,13,1,pending,2025-05-26,2025-06-08
DEAL-07755,9,9,approved,2026-01-31,2026-02-02
DEAL-07756,20,5,pending,2026-03-11,2026-03-17
DEAL-07757,20,20,approved,2025-07-30,2025-08-03
DEAL-07758,15,15,approved,2026-02-16,2026-02-21
DEAL-07759,19,17,flagged,2024-04-16,2024-04-20
DEAL-07760,19,19,approved,2026-03-26,2026-03-31
DEAL-07761,18,18,approved,2024-10-31,2024-11-02
DEAL-07762,18,18,approved,2024-09-08,2024-09-09
DEAL-07763,11,8,approved,2024-04-15,2024-04-19
DEAL-07764,16,3,pending,2025-05-29,2025-06-04
DEAL-07765,15,15,approved,2024-11-29,2024-12-02
DEAL-07766,10,10,approved,2025-07-23,2025-07-24
DEAL-07767,8,8,approved,2025-08-03,2025-08-08
DEAL-07768,20,20,approved,2025-11-16,2025-11-20
DEAL-07769,19,19,approved,2026-04-26,2026-05-01
DEAL-07770,11,11,approved,2024-11-29,2024-11-30
DEAL-07771,8,8,approved,2025-09-04,2025-09-08
DEAL-07772,12,12,approved,2024-11-07,2024-11-12
DEAL-07773,17,0,flagged,,
DEAL-07774,12,12,approved,2024-02-14,2024-02-15
DEAL-07775,20,2,pending,2024-06-18,2024-06-22
DEAL-07776,16,16,approved,2026-01-01,2026-01-04
DEAL-07777,17,17,approved,2025-11-04,2025-11-09
DEAL-07778,19,19,approved,2024-03-22,2024-03-25
DEAL-07779,8,8,approved,2026-03-21,2026-03-23
DEAL-07780,19,19,approved,2024-04-04,2024-04-06
DEAL-07781,17,8,approved,2026-04-11,2026-04-13
DEAL-07782,20,20,approved,2024-07-01,2024-07-05
DEAL-07783,15,15,approved,2026-05-13,2026-05-16
DEAL-07784,14,14,approved,2025-09-25,2025-09-27
DEAL-07785,8,8,approved,2024-09-28,2024-10-03
DEAL-07786,9,9,approved,2024-09-29,2024-10-04
DEAL-07787,8,8,approved,,
DEAL-07788,11,11,approved,2025-03-13,2025-03-16
DEAL-07789,10,10,approved,2026-04-25,2026-04-29
DEAL-07790,8,8,approved,2024-11-02,2024-11-07
DEAL-07791,12,11,flagged,2025-03-27,2025-03-30
DEAL-07792,13,13,approved,2026-04-25,2026-04-28
DEAL-07793,16,16,approved,2024-05-23,2024-05-27
DEAL-07794,10,10,approved,2024-05-26,2024-05-31
DEAL-07795,13,13,approved,2026-04-09,2026-04-12
DEAL-07796,9,9,approved,2024-06-15,2024-06-18
DEAL-07797,14,14,approved,2026-03-30,2026-04-01
DEAL-07798,12,11,flagged,2026-02-27,2026-03-03
DEAL-07799,20,20,approved,2025-10-10,2025-10-13
DEAL-07800,20,20,approved,2025-02-28,2025-03-03
DEAL-07801,16,16,approved,2024-10-30,2024-10-31
DEAL-07802,16,16,pending,2026-04-24,2026-04-26
DEAL-07803,9,9,approved,2025-07-15,2025-07-19
DEAL-07804,19,10,approved,2024-12-20,2024-12-27
DEAL-07805,10,10,approved,2026-03-13,2026-03-17
DEAL-07806,14,0,pending,2025-07-24,
DEAL-07807,17,17,approved,2025-07-06,2025-07-11
DEAL-07808,17,17,approved,2026-04-02,2026-04-07
DEAL-07809,10,0,pending,2026-02-27,
DEAL-07810,20,20,approved,2024-10-17,2024-10-19
DEAL-07811,18,8,pending,2026-05-10,2026-05-16
DEAL-07812,18,18,approved,2024-08-12,2024-08-13
DEAL-07813,12,12,approved,2025-07-29,2025-07-31
DEAL-07814,12,12,approved,2024-11-18,2024-11-21
DEAL-07815,12,12,approved,2026-03-12,2026-03-13
DEAL-07816,8,0,pending,2024-05-01,
DEAL-07817,14,14,approved,2025-05-19,2025-05-24
DEAL-07818,16,16,approved,2024-10-23,2024-10-24
DEAL-07819,11,11,flagged,2024-05-09,2024-05-10
DEAL-07820,11,11,approved,2024-11-06,2024-11-08
DEAL-07821,17,17,approved,2024-08-23,2024-08-26
DEAL-07822,15,15,approved,2025-11-22,2025-11-26
DEAL-07823,15,15,approved,2025-04-09,2025-04-11
DEAL-07824,18,18,approved,2025-10-26,2025-10-30
DEAL-07825,16,16,approved,2026-01-11,2026-01-16
DEAL-07826,10,10,approved,2025-05-26,2025-05-31
DEAL-07827,11,11,approved,2024-03-04,2024-03-06
DEAL-07828,10,10,approved,2024-09-19,2024-09-22
DEAL-07829,18,18,approved,2024-05-29,2024-06-01
DEAL-07830,16,16,approved,2025-04-18,2025-04-23
DEAL-07831,14,14,approved,2024-07-05,2024-07-06
DEAL-07832,13,13,approved,2025-07-23,2025-07-24
DEAL-07833,10,10,approved,2024-07-08,2024-07-10
DEAL-07834,18,14,pending,2024-10-26,2024-10-31
DEAL-07835,17,10,approved,2025-11-22,2025-11-25
DEAL-07836,17,11,flagged,2025-07-14,2025-07-19
DEAL-07837,17,16,flagged,2026-02-07,2026-02-08
DEAL-07838,12,9,pending,,
DEAL-07839,11,2,flagged,2025-12-21,2025-12-31
DEAL-07840,10,10,approved,2025-03-30,2025-04-01
DEAL-07841,11,11,approved,2026-03-20,2026-03-22
DEAL-07842,18,18,approved,2024-05-09,2024-05-14
DEAL-07843,14,14,approved,2024-04-01,2024-04-05
DEAL-07844,9,9,approved,2025-09-20,2025-09-23
DEAL-07845,10,10,approved,2024-11-21,2024-11-23
DEAL-07846,18,14,pending,2026-03-27,2026-03-30
DEAL-07847,8,8,approved,2024-04-13,2024-04-15
DEAL-07848,14,14,approved,2024-07-10,2024-07-15
DEAL-07849,16,16,approved,2024-06-25,2024-06-29
DEAL-07850,11,11,approved,2026-03-28,2026-04-02
DEAL-07851,15,15,approved,2026-02-09,2026-02-10
DEAL-07852,14,14,approved,2025-09-15,2025-09-20
DEAL-07853,20,20,approved,2024-06-07,2024-06-10
DEAL-07854,14,0,approved,2025-03-08,
DEAL-07855,20,20,approved,2025-05-18,2025-05-19
DEAL-07856,16,16,approved,2025-07-01,2025-07-02
DEAL-07857,11,11,approved,2025-09-09,2025-09-12
DEAL-07858,15,15,flagged,2025-08-18,2025-08-19
DEAL-07859,17,16,flagged,2024-04-13,2024-04-15
DEAL-07860,11,2,flagged,2026-04-14,2026-04-20
DEAL-07861,15,15,approved,2025-03-15,2025-03-20
DEAL-07862,20,4,flagged,2025-07-03,2025-07-13
DEAL-07863,15,15,approved,2025-10-19,2025-10-24
DEAL-07864,20,20,approved,2025-05-12,2025-05-13
DEAL-07865,20,5,flagged,2024-06-26,2024-07-05
DEAL-07866,17,17,approved,2025-07-02,2025-07-04
DEAL-07867,16,16,approved,2024-07-20,2024-07-21
DEAL-07868,8,8,flagged,2024-10-20,2024-10-24
DEAL-07869,18,18,approved,2025-07-21,2025-07-26
DEAL-07870,13,4,pending,2024-03-23,2024-03-30
DEAL-07871,19,12,pending,2026-03-31,2026-04-04
DEAL-07872,9,9,approved,2024-11-22,2024-11-24
DEAL-07873,19,19,approved,2025-12-19,2025-12-22
DEAL-07874,18,18,approved,2025-12-12,2025-12-13
DEAL-07875,15,15,approved,2025-04-15,2025-04-19
DEAL-07876,10,10,approved,2024-08-04,2024-08-09
DEAL-07877,12,9,pending,2025-10-16,2025-10-24
DEAL-07878,12,10,flagged,2025-07-23,2025-07-24
DEAL-07879,12,12,approved,2025-01-11,2025-01-14
DEAL-07880,18,18,approved,2026-02-26,2026-02-27
DEAL-07881,14,4,flagged,2025-06-19,2025-06-21
DEAL-07882,10,10,approved,2024-11-13,2024-11-15
DEAL-07883,19,19,approved,2024-10-20,2024-10-22
DEAL-07884,18,18,approved,2024-07-16,2024-07-19
DEAL-07885,19,19,approved,2026-01-26,2026-01-31
DEAL-07886,14,14,approved,2026-01-07,2026-01-08
DEAL-07887,19,19,approved,2026-05-13,2026-05-16
DEAL-07888,19,19,approved,2024-06-20,2024-06-23
DEAL-07889,9,8,pending,2024-04-14,2024-04-19
DEAL-07890,13,13,approved,2026-03-06,2026-03-09
DEAL-07891,8,8,approved,2025-12-21,2025-12-26
DEAL-07892,14,3,flagged,2026-05-16,2026-05-25
DEAL-07893,10,10,approved,2025-01-01,2025-01-03
DEAL-07894,16,16,approved,2026-03-03,2026-03-04
DEAL-07895,8,3,pending,2024-07-22,2024-07-29
DEAL-07896,17,14,pending,2026-02-10,2026-02-11
DEAL-07897,12,12,approved,2024-09-17,2024-09-21
DEAL-07898,15,15,approved,2026-03-29,2026-03-31
DEAL-07899,16,16,approved,2024-09-25,2024-09-27
DEAL-07900,9,9,approved,2024-05-11,2024-05-13
DEAL-07901,11,11,approved,2025-07-29,2025-08-01
DEAL-07902,11,8,pending,,
DEAL-07903,20,20,approved,2024-10-28,2024-10-29
DEAL-07904,8,8,approved,2024-10-07,2024-10-09
DEAL-07905,9,5,flagged,2026-03-23,2026-04-01
DEAL-07906,11,11,approved,2024-08-16,2024-08-19
DEAL-07907,14,14,approved,2026-04-17,2026-04-18
DEAL-07908,9,8,flagged,2025-04-17,2025-04-21
DEAL-07909,12,12,approved,2026-03-21,2026-03-23
DEAL-07910,8,0,pending,2025-06-26,
DEAL-07911,17,17,approved,2024-12-20,2024-12-21
DEAL-07912,15,8,pending,2025-01-13,2025-01-20
DEAL-07913,18,18,approved,2026-05-03,2026-05-06
DEAL-07914,10,3,flagged,,
DEAL-07915,14,14,approved,2025-04-28,2025-04-29
DEAL-07916,15,15,approved,2025-05-31,2025-06-05
DEAL-07917,12,12,approved,2026-01-10,2026-01-15
DEAL-07918,15,9,flagged,2024-07-18,2024-07-25
DEAL-07919,19,19,approved,2025-12-27,2026-01-01
DEAL-07920,17,17,approved,2026-02-26,2026-03-03
DEAL-07921,20,11,approved,2026-01-10,2026-01-16
DEAL-07922,8,8,approved,2024-05-07,2024-05-12
DEAL-07923,9,9,approved,2026-05-02,2026-05-04
DEAL-07924,10,10,approved,2025-09-04,2025-09-05
DEAL-07925,13,13,approved,2025-02-12,2025-02-13
DEAL-07926,11,11,approved,2024-05-13,2024-05-15
DEAL-07927,15,15,approved,2024-05-21,2024-05-25
DEAL-07928,17,17,approved,2024-04-06,2024-04-10
DEAL-07929,14,7,approved,2024-06-21,2024-07-03
DEAL-07930,20,20,approved,2025-08-19,2025-08-24
DEAL-07931,11,11,approved,2025-06-19,2025-06-24
DEAL-07932,14,14,approved,2025-05-18,2025-05-23
DEAL-07933,8,8,approved,2026-03-26,2026-03-31
DEAL-07934,12,12,approved,2026-04-12,2026-04-17
DEAL-07935,12,12,approved,2024-12-08,2024-12-11
DEAL-07936,12,8,flagged,2024-12-05,2024-12-18
DEAL-07937,8,4,pending,2024-06-16,2024-06-23
DEAL-07938,9,2,pending,2026-03-18,2026-03-31
DEAL-07939,11,11,approved,2025-08-18,2025-08-23
DEAL-07940,18,18,approved,2025-03-18,2025-03-20
DEAL-07941,13,13,approved,2026-05-01,2026-05-06
DEAL-07942,14,14,approved,2025-10-19,2025-10-23
DEAL-07943,11,11,approved,2025-12-16,2025-12-17
DEAL-07944,16,16,approved,2026-03-29,2026-03-31
DEAL-07945,14,14,approved,2025-06-09,2025-06-11
DEAL-07946,8,3,pending,2025-03-27,2025-04-07
DEAL-07947,11,11,approved,2026-04-14,2026-04-15
DEAL-07948,19,19,approved,2025-12-30,2026-01-01
DEAL-07949,8,8,approved,2026-03-31,2026-04-04
DEAL-07950,8,8,approved,2025-12-07,2025-12-11
DEAL-07951,13,7,pending,2025-10-13,2025-10-24
DEAL-07952,9,5,flagged,2024-12-09,2024-12-22
DEAL-07953,16,16,approved,2025-02-24,2025-02-28
DEAL-07954,14,0,flagged,2025-11-12,
DEAL-07955,19,19,approved,2026-04-20,2026-04-25
DEAL-07956,20,20,approved,2025-01-22,2025-01-25
DEAL-07957,18,18,approved,2024-08-29,2024-09-01
DEAL-07958,14,3,flagged,,
DEAL-07959,16,12,approved,2024-07-11,2024-07-20
DEAL-07960,18,18,approved,2026-01-04,2026-01-06
DEAL-07961,14,1,pending,2026-05-18,2026-05-25
DEAL-07962,13,13,approved,2024-07-28,2024-07-29
DEAL-07963,13,7,flagged,2026-03-06,2026-03-19
DEAL-07964,16,16,approved,2025-05-12,2025-05-14
DEAL-07965,19,19,approved,2024-06-29,2024-07-01
DEAL-07966,8,2,pending,2026-03-22,2026-03-28
DEAL-07967,10,10,approved,2024-10-29,2024-11-01
DEAL-07968,13,13,approved,2025-04-11,2025-04-15
DEAL-07969,8,8,approved,2026-05-17,2026-05-21
DEAL-07970,12,8,pending,2024-10-30,2024-11-03
DEAL-07971,11,11,approved,2025-05-19,2025-05-21
DEAL-07972,15,15,approved,2025-01-29,2025-02-03
DEAL-07973,17,17,approved,2025-01-22,2025-01-24
DEAL-07974,14,14,approved,2026-03-07,2026-03-11
DEAL-07975,9,9,approved,2025-08-06,2025-08-09
DEAL-07976,18,18,approved,2025-06-03,2025-06-07
DEAL-07977,20,7,flagged,2025-11-05,2025-11-11
DEAL-07978,19,19,approved,2025-06-19,2025-06-20
DEAL-07979,10,10,approved,2026-03-29,2026-04-03
DEAL-07980,14,6,pending,2026-03-28,2026-04-08
DEAL-07981,13,11,flagged,2026-05-15,2026-05-16
DEAL-07982,19,12,pending,2024-10-20,2024-10-28
DEAL-07983,15,10,pending,2026-05-02,2026-05-07
DEAL-07984,8,8,approved,2024-08-21,2024-08-25
DEAL-07985,15,14,approved,,
DEAL-07986,20,20,approved,2026-04-23,2026-04-26
DEAL-07987,8,8,approved,2025-05-02,2025-05-06
DEAL-07988,12,12,approved,2025-02-12,2025-02-17
DEAL-07989,20,20,approved,,
DEAL-07990,20,10,flagged,2026-01-10,2026-01-21
DEAL-07991,13,11,approved,2026-05-19,2026-05-21
DEAL-07992,14,14,approved,2025-11-12,2025-11-14
DEAL-07993,13,13,approved,2025-08-08,2025-08-12
DEAL-07994,8,8,approved,2024-08-20,2024-08-22
DEAL-07995,18,18,approved,2024-02-11,2024-02-16
DEAL-07996,19,13,pending,2025-04-18,2025-04-22
DEAL-07997,10,10,approved,2026-05-01,2026-05-04
DEAL-07998,18,18,approved,2026-01-02,2026-01-03
DEAL-07999,14,14,approved,2024-08-25,2024-08-29
DEAL-08000,17,17,approved,2024-11-12,2024-11-15
DEAL-08001,8,8,approved,2025-07-20,2025-07-24
DEAL-08002,15,15,approved,2025-12-18,2025-12-19
DEAL-08003,17,17,approved,2024-02-13,2024-02-14
DEAL-08004,16,16,approved,2025-07-25,2025-07-28
DEAL-08005,15,15,approved,2025-04-29,2025-05-03
DEAL-08006,19,19,approved,2024-05-05,2024-05-06
DEAL-08007,18,18,approved,2025-01-09,2025-01-12
DEAL-08008,12,11,pending,2024-07-18,2024-07-22
DEAL-08009,12,12,approved,2026-01-25,2026-01-26
DEAL-08010,17,17,approved,2024-01-27,2024-02-01
DEAL-08011,11,11,approved,2025-01-22,2025-01-26
DEAL-08012,11,4,pending,2026-05-18,2026-05-23
DEAL-08013,9,9,approved,2026-02-23,2026-02-26
DEAL-08014,19,6,flagged,2024-04-05,2024-04-11
DEAL-08015,18,18,approved,2025-06-10,2025-06-11
DEAL-08016,12,12,approved,2024-11-10,2024-11-11
DEAL-08017,11,11,approved,2026-05-09,2026-05-14
DEAL-08018,20,20,approved,2024-08-21,2024-08-24
DEAL-08019,9,9,approved,2024-02-14,2024-02-19
DEAL-08020,20,20,approved,2024-08-22,2024-08-27
DEAL-08021,18,18,approved,2024-05-17,2024-05-19
DEAL-08022,18,13,flagged,2025-08-14,2025-08-21
DEAL-08023,14,14,approved,2024-02-27,2024-02-28
DEAL-08024,12,12,approved,2025-07-06,2025-07-08
DEAL-08025,15,8,flagged,2024-07-10,2024-07-13
DEAL-08026,11,11,approved,2025-11-30,2025-12-05
DEAL-08027,20,3,pending,2025-06-26,2025-07-05
DEAL-08028,18,1,flagged,2024-05-29,2024-06-09
DEAL-08029,9,5,flagged,2026-03-25,2026-03-30
DEAL-08030,9,9,approved,2025-12-03,2025-12-06
DEAL-08031,20,20,approved,2025-06-26,2025-07-01
DEAL-08032,12,12,approved,2026-05-01,2026-05-06
DEAL-08033,9,9,approved,2025-06-25,2025-06-28
DEAL-08034,12,12,approved,2025-05-13,2025-05-17
DEAL-08035,20,13,flagged,2025-04-01,2025-04-07
DEAL-08036,19,19,approved,2025-08-20,2025-08-25
DEAL-08037,19,9,pending,2024-10-22,2024-10-28
DEAL-08038,14,14,approved,2026-03-20,2026-03-25
DEAL-08039,8,2,flagged,2024-10-06,2024-10-10
DEAL-08040,14,14,approved,2026-04-09,2026-04-11
DEAL-08041,18,18,approved,2025-07-08,2025-07-10
DEAL-08042,14,14,approved,2024-08-24,2024-08-29
DEAL-08043,10,3,flagged,2024-06-18,2024-06-25
DEAL-08044,13,13,approved,2024-05-15,2024-05-17
DEAL-08045,10,10,approved,2026-04-15,2026-04-20
DEAL-08046,11,11,approved,2025-02-02,2025-02-06
DEAL-08047,10,10,approved,2026-03-09,2026-03-11
DEAL-08048,14,14,approved,2025-08-18,2025-08-23
DEAL-08049,11,11,approved,2025-06-28,2025-07-02
DEAL-08050,19,19,approved,2025-09-02,2025-09-07
DEAL-08051,19,19,approved,2024-06-11,2024-06-15
DEAL-08052,11,11,approved,2024-04-19,2024-04-20
DEAL-08053,16,10,approved,2025-11-19,2025-11-24
DEAL-08054,10,10,approved,2025-09-23,2025-09-27
DEAL-08055,18,1,approved,2025-11-06,2025-11-17
DEAL-08056,9,6,pending,2025-10-11,2025-10-23
DEAL-08057,17,17,approved,2024-09-04,2024-09-09
DEAL-08058,12,4,pending,2024-08-23,2024-08-25
DEAL-08059,10,10,approved,2024-04-25,2024-04-27
DEAL-08060,9,9,approved,2026-05-09,2026-05-12
DEAL-08061,8,8,approved,2024-05-24,2024-05-27
DEAL-08062,18,18,approved,2024-10-23,2024-10-27
DEAL-08063,19,19,approved,2024-10-14,2024-10-19
DEAL-08064,15,15,approved,2024-06-13,2024-06-17
DEAL-08065,16,16,approved,2024-05-30,2024-06-02
DEAL-08066,12,12,approved,2025-04-18,2025-04-23
DEAL-08067,20,20,approved,2025-06-24,2025-06-28
DEAL-08068,16,16,approved,2026-04-20,2026-04-22
DEAL-08069,8,8,approved,2025-05-18,2025-05-20
DEAL-08070,14,6,flagged,2024-10-18,2024-10-24
DEAL-08071,15,15,approved,2025-12-03,2025-12-07
DEAL-08072,10,10,approved,2026-02-08,2026-02-10
DEAL-08073,15,15,approved,2025-02-23,2025-02-28
DEAL-08074,10,10,approved,2026-03-28,2026-03-31
DEAL-08075,14,14,approved,2025-04-24,2025-04-26
DEAL-08076,9,9,approved,2024-05-02,2024-05-04
DEAL-08077,16,16,approved,2024-04-05,2024-04-07
DEAL-08078,18,18,approved,2024-12-01,2024-12-05
DEAL-08079,9,9,approved,2024-07-24,2024-07-25
DEAL-08080,13,10,pending,2026-01-06,2026-01-19
DEAL-08081,14,14,approved,2024-07-01,2024-07-06
DEAL-08082,17,17,approved,,
DEAL-08083,20,20,approved,2024-09-05,2024-09-07
DEAL-08084,18,18,approved,2025-01-23,2025-01-28
DEAL-08085,14,14,approved,2024-03-14,2024-03-16
DEAL-08086,10,10,approved,2025-08-11,2025-08-15
DEAL-08087,9,9,approved,2025-10-27,2025-10-31
DEAL-08088,17,17,approved,2025-02-01,2025-02-05
DEAL-08089,16,15,approved,2024-04-14,2024-04-16
DEAL-08090,20,20,approved,2025-09-13,2025-09-15
DEAL-08091,15,9,approved,2024-10-20,2024-10-28
DEAL-08092,12,5,pending,2026-03-02,2026-03-10
DEAL-08093,18,18,approved,2024-07-15,2024-07-16
DEAL-08094,12,12,approved,2026-02-23,2026-02-25
DEAL-08095,18,18,approved,2025-06-04,2025-06-06
DEAL-08096,19,3,pending,2025-10-08,2025-10-10
DEAL-08097,13,13,approved,2025-11-16,2025-11-17
DEAL-08098,19,19,approved,2025-07-11,2025-07-16
DEAL-08099,10,2,flagged,2024-07-14,2024-07-28
DEAL-08100,20,20,approved,2024-02-05,2024-02-06
DEAL-08101,14,14,approved,2024-11-14,2024-11-19
DEAL-08102,10,3,pending,2024-06-08,2024-06-12
DEAL-08103,8,3,flagged,2026-04-05,2026-04-16
DEAL-08104,13,2,approved,2026-01-31,2026-02-04
DEAL-08105,18,18,approved,2025-04-10,2025-04-12
DEAL-08106,11,11,approved,2024-07-18,2024-07-22
DEAL-08107,9,9,approved,2025-05-08,2025-05-09
DEAL-08108,14,9,flagged,2024-12-14,2024-12-23
DEAL-08109,10,10,approved,2024-03-31,2024-04-02
DEAL-08110,17,4,pending,2025-04-27,2025-05-09
DEAL-08111,18,18,approved,2025-05-20,2025-05-23
DEAL-08112,17,13,flagged,,
DEAL-08113,20,20,approved,2026-01-12,2026-01-17
DEAL-08114,14,14,approved,2025-10-21,2025-10-22
DEAL-08115,18,18,approved,2026-05-12,2026-05-16
DEAL-08116,12,12,approved,2025-05-03,2025-05-06
DEAL-08117,14,4,pending,2025-11-28,2025-11-30
DEAL-08118,16,16,approved,2026-04-12,2026-04-13
DEAL-08119,10,10,approved,2024-12-18,2024-12-20
DEAL-08120,19,6,pending,2025-01-22,2025-01-29
DEAL-08121,10,10,approved,2025-12-25,2025-12-27
DEAL-08122,16,2,pending,2024-05-08,2024-05-17
DEAL-08123,10,10,approved,2026-05-01,2026-05-03
DEAL-08124,15,15,approved,2024-03-25,2024-03-26
DEAL-08125,10,10,approved,2024-03-31,2024-04-05
DEAL-08126,18,18,approved,2025-11-08,2025-11-10
DEAL-08127,9,7,approved,2024-11-10,2024-11-15
DEAL-08128,8,8,approved,2025-11-16,2025-11-17
DEAL-08129,13,7,flagged,2026-05-15,2026-05-28
DEAL-08130,16,16,approved,2026-02-13,2026-02-17
DEAL-08131,19,19,approved,2024-02-08,2024-02-12
DEAL-08132,12,12,approved,2024-09-30,2024-10-05
DEAL-08133,11,11,approved,2024-05-16,2024-05-21
DEAL-08134,9,9,approved,2025-05-02,2025-05-07
DEAL-08135,17,17,approved,2026-04-22,2026-04-25
DEAL-08136,16,16,approved,2025-08-18,2025-08-23
DEAL-08137,13,13,approved,2025-06-18,2025-06-21
DEAL-08138,20,20,approved,2026-02-26,2026-03-01
DEAL-08139,8,8,approved,2026-05-16,2026-05-18
DEAL-08140,15,3,flagged,2024-06-29,2024-07-09
DEAL-08141,10,10,approved,2025-02-12,2025-02-14
DEAL-08142,13,4,flagged,2024-11-26,2024-12-10
DEAL-08143,9,0,flagged,,
DEAL-08144,8,8,approved,2026-03-02,2026-03-05
DEAL-08145,19,19,approved,2026-04-14,2026-04-18
DEAL-08146,12,12,approved,2026-04-03,2026-04-08
DEAL-08147,13,13,approved,2026-05-13,2026-05-16
DEAL-08148,12,0,pending,2026-01-27,
DEAL-08149,9,9,approved,2026-03-30,2026-04-03
DEAL-08150,10,1,pending,2025-11-08,2025-11-14
DEAL-08151,20,20,approved,2024-09-08,2024-09-13
DEAL-08152,15,15,approved,2026-03-30,2026-04-01
DEAL-08153,9,5,pending,2025-08-28,2025-09-05
DEAL-08154,18,18,approved,2025-10-04,2025-10-05
DEAL-08155,10,5,approved,2025-12-14,2025-12-21
DEAL-08156,15,9,pending,2025-11-27,2025-12-03
DEAL-08157,17,7,pending,2025-08-17,2025-08-29
DEAL-08158,11,11,approved,2025-01-23,2025-01-25
DEAL-08159,12,3,flagged,2026-04-08,2026-04-11
DEAL-08160,17,2,flagged,2025-07-06,2025-07-18
DEAL-08161,11,4,flagged,2025-03-27,2025-04-05
DEAL-08162,18,18,approved,2024-11-16,2024-11-21
DEAL-08163,14,14,approved,2025-07-05,2025-07-10
DEAL-08164,13,13,approved,2024-03-28,2024-04-01
DEAL-08165,9,9,approved,2026-05-02,2026-05-03
DEAL-08166,10,10,approved,2024-07-27,2024-07-30
DEAL-08167,8,8,approved,2024-08-14,2024-08-17
DEAL-08168,13,13,approved,2024-03-07,2024-03-11
DEAL-08169,14,14,approved,2024-11-11,2024-11-16
DEAL-08170,13,6,flagged,2025-05-30,2025-06-01
DEAL-08171,17,17,approved,2026-05-07,2026-05-10
DEAL-08172,18,18,approved,2025-11-16,2025-11-18
DEAL-08173,20,20,approved,2025-07-12,2025-07-14
DEAL-08174,17,17,approved,2025-10-25,2025-10-26
DEAL-08175,9,9,approved,2025-02-22,2025-02-25
DEAL-08176,18,18,approved,2026-03-12,2026-03-14
DEAL-08177,13,13,approved,2026-04-13,2026-04-15
DEAL-08178,20,7,approved,2025-11-01,2025-11-14
DEAL-08179,12,12,approved,2026-01-09,2026-01-14
DEAL-08180,10,10,approved,2026-01-25,2026-01-28
DEAL-08181,20,20,approved,2026-01-06,2026-01-09
DEAL-08182,10,10,approved,2026-04-13,2026-04-18
DEAL-08183,10,10,approved,2025-02-13,2025-02-14
DEAL-08184,8,8,approved,2025-03-23,2025-03-28
DEAL-08185,17,17,approved,2025-08-27,2025-08-29
DEAL-08186,9,9,approved,2025-01-09,2025-01-12
DEAL-08187,12,7,pending,2025-05-06,2025-05-20
DEAL-08188,10,10,approved,2026-03-13,2026-03-15
DEAL-08189,18,18,approved,2026-04-10,2026-04-14
DEAL-08190,20,20,approved,2024-04-27,2024-04-28
DEAL-08191,12,12,approved,2025-03-30,2025-04-04
DEAL-08192,20,20,approved,2024-05-13,2024-05-14
DEAL-08193,11,11,approved,2026-01-06,2026-01-07
DEAL-08194,10,5,pending,2024-08-17,2024-08-29
DEAL-08195,10,10,approved,2025-11-11,2025-11-15
DEAL-08196,17,3,flagged,2026-02-19,2026-02-28
DEAL-08197,10,0,flagged,2026-02-25,
DEAL-08198,13,7,pending,2024-05-22,2024-06-04
DEAL-08199,19,19,approved,2024-01-09,2024-01-13
DEAL-08200,15,4,flagged,2026-01-31,2026-02-04
DEAL-08201,17,17,approved,2025-10-12,2025-10-17
DEAL-08202,8,8,approved,2024-05-27,2024-05-29
DEAL-08203,9,9,approved,2026-03-22,2026-03-24
DEAL-08204,11,5,flagged,2025-02-19,2025-03-03
DEAL-08205,14,14,approved,2024-02-23,2024-02-25
DEAL-08206,8,2,flagged,2025-09-29,2025-10-11
DEAL-08207,14,1,pending,2026-04-24,2026-05-03
DEAL-08208,11,11,approved,2024-04-21,2024-04-22
DEAL-08209,9,9,approved,2024-10-27,2024-10-30
DEAL-08210,13,10,pending,2025-09-23,2025-09-26
DEAL-08211,10,2,approved,2024-07-17,2024-07-29
DEAL-08212,8,8,approved,2025-07-06,2025-07-07
DEAL-08213,10,10,approved,2026-04-28,2026-04-30
DEAL-08214,14,8,flagged,2025-06-01,2025-06-06
DEAL-08215,12,4,approved,,
DEAL-08216,15,4,pending,2026-03-16,2026-03-23
DEAL-08217,8,8,approved,2025-11-22,2025-11-26
DEAL-08218,13,13,approved,2025-05-22,2025-05-25
DEAL-08219,20,20,approved,2024-12-27,2024-12-31
DEAL-08220,15,9,pending,2024-04-24,2024-05-03
DEAL-08221,14,2,approved,2025-04-23,2025-05-06
DEAL-08222,13,13,approved,2025-09-10,2025-09-15
DEAL-08223,14,14,approved,2025-10-09,2025-10-14
DEAL-08224,20,20,approved,2025-09-15,2025-09-19
DEAL-08225,17,17,approved,2025-03-14,2025-03-19
DEAL-08226,10,3,pending,2024-06-26,2024-07-01
DEAL-08227,15,15,approved,2026-01-07,2026-01-11
DEAL-08228,14,14,approved,2024-10-15,2024-10-17
DEAL-08229,10,3,flagged,,
DEAL-08230,12,12,approved,2026-01-29,2026-01-31
DEAL-08231,18,18,approved,2026-01-16,2026-01-21
DEAL-08232,17,3,pending,2025-08-02,2025-08-16
DEAL-08233,20,17,flagged,2026-03-18,2026-03-21
DEAL-08234,20,6,pending,2026-04-07,2026-04-17
DEAL-08235,14,14,approved,2026-05-13,2026-05-17
DEAL-08236,15,15,approved,2024-08-23,2024-08-26
DEAL-08237,13,13,approved,2025-05-09,2025-05-11
DEAL-08238,13,13,approved,2025-01-31,2025-02-04
DEAL-08239,14,14,approved,2026-03-20,2026-03-23
DEAL-08240,14,14,approved,2026-03-26,2026-03-31
DEAL-08241,11,11,approved,2025-03-07,2025-03-08
DEAL-08242,17,2,pending,2024-08-27,2024-08-29
DEAL-08243,9,9,approved,2025-09-11,2025-09-14
DEAL-08244,8,7,flagged,2024-09-01,2024-09-05
DEAL-08245,9,9,approved,2025-04-03,2025-04-08
DEAL-08246,12,12,approved,2024-11-06,2024-11-08
DEAL-08247,19,9,pending,2024-05-16,2024-05-26
DEAL-08248,11,11,approved,2025-03-06,2025-03-08
DEAL-08249,17,17,approved,2024-07-16,2024-07-18
DEAL-08250,10,10,approved,2026-05-11,2026-05-15
DEAL-08251,8,8,approved,2024-09-05,2024-09-07
DEAL-08252,19,19,approved,2025-12-26,2025-12-28
DEAL-08253,16,16,approved,2026-03-05,2026-03-08
DEAL-08254,18,18,approved,2025-03-07,2025-03-12
DEAL-08255,20,20,approved,2025-02-27,2025-03-01
DEAL-08256,13,13,approved,2026-05-16,2026-05-17
DEAL-08257,10,10,approved,2024-08-20,2024-08-24
DEAL-08258,10,10,approved,2026-03-30,2026-03-31
DEAL-08259,20,20,approved,2024-12-09,2024-12-13
DEAL-08260,18,18,approved,2025-12-28,2026-01-02
DEAL-08261,13,13,approved,2025-01-19,2025-01-23
DEAL-08262,20,20,approved,2026-03-13,2026-03-17
DEAL-08263,18,18,approved,2024-08-18,2024-08-19
DEAL-08264,16,16,approved,2026-03-27,2026-03-30
DEAL-08265,17,17,approved,2026-04-14,2026-04-16
DEAL-08266,20,20,approved,2025-06-08,2025-06-10
DEAL-08267,18,14,approved,,
DEAL-08268,14,11,flagged,2024-05-25,2024-05-30
DEAL-08269,11,11,approved,2024-01-26,2024-01-28
DEAL-08270,11,1,approved,2024-11-15,2024-11-28
DEAL-08271,11,1,pending,,
DEAL-08272,14,14,approved,2024-05-24,2024-05-28
DEAL-08273,10,10,approved,2024-01-20,2024-01-24
DEAL-08274,15,15,approved,2025-03-17,2025-03-20
DEAL-08275,14,14,approved,2024-02-28,2024-02-29
DEAL-08276,15,15,approved,2024-04-17,2024-04-22
DEAL-08277,8,8,approved,2026-01-11,2026-01-14
DEAL-08278,10,10,approved,2024-12-11,2024-12-16
DEAL-08279,9,6,pending,2026-04-19,2026-04-30
DEAL-08280,13,13,approved,2026-02-08,2026-02-09
DEAL-08281,9,4,approved,2025-07-31,2025-08-04
DEAL-08282,13,13,approved,2025-03-21,2025-03-25
DEAL-08283,11,11,approved,2024-02-29,2024-03-01
DEAL-08284,13,13,approved,2024-10-26,2024-10-30
DEAL-08285,16,16,approved,2025-01-03,2025-01-04
DEAL-08286,19,6,flagged,2024-11-15,2024-11-25
DEAL-08287,18,18,approved,2024-02-05,2024-02-09
DEAL-08288,14,6,pending,2024-04-15,2024-04-24
DEAL-08289,19,9,flagged,2024-08-24,2024-09-05
DEAL-08290,14,12,flagged,2025-10-21,2025-10-26
DEAL-08291,14,14,approved,2024-04-03,2024-04-07
DEAL-08292,16,16,approved,2025-09-13,2025-09-18
DEAL-08293,15,15,approved,2024-12-03,2024-12-06
DEAL-08294,20,0,flagged,2026-05-16,
DEAL-08295,13,1,approved,2025-11-05,2025-11-12
DEAL-08296,15,15,approved,2025-04-18,2025-04-22
DEAL-08297,15,6,pending,2024-05-07,2024-05-14
DEAL-08298,12,12,approved,2024-12-22,2024-12-26
DEAL-08299,8,8,approved,2024-04-06,2024-04-08
DEAL-08300,15,15,approved,2025-01-01,2025-01-02
DEAL-08301,16,16,approved,2026-04-03,2026-04-06
DEAL-08302,14,14,approved,2024-08-26,2024-08-31
DEAL-08303,18,18,approved,2025-12-06,2025-12-08
DEAL-08304,15,15,approved,2026-03-11,2026-03-13
DEAL-08305,9,9,approved,2025-11-07,2025-11-11
DEAL-08306,17,17,approved,2024-04-04,2024-04-08
DEAL-08307,10,10,approved,2025-03-22,2025-03-26
DEAL-08308,18,18,approved,2025-01-31,2025-02-01
DEAL-08309,19,19,approved,2024-04-08,2024-04-10
DEAL-08310,14,7,pending,2024-08-23,2024-08-26
DEAL-08311,20,20,approved,2026-01-04,2026-01-07
DEAL-08312,14,14,approved,2026-04-04,2026-04-08
DEAL-08313,16,16,approved,2024-06-11,2024-06-13
DEAL-08314,13,13,approved,2025-03-12,2025-03-16
DEAL-08315,11,11,approved,2025-09-18,2025-09-22
DEAL-08316,19,19,approved,2025-11-28,2025-11-29
DEAL-08317,11,11,approved,2024-03-09,2024-03-14
DEAL-08318,9,9,approved,2024-12-01,2024-12-03
DEAL-08319,20,20,approved,2025-06-26,2025-06-29
DEAL-08320,9,9,approved,2024-09-27,2024-10-02
DEAL-08321,18,17,flagged,,
DEAL-08322,20,20,approved,2025-09-10,2025-09-11
DEAL-08323,13,13,approved,2026-03-16,2026-03-19
DEAL-08324,14,14,approved,2025-12-01,2025-12-03
DEAL-08325,18,3,flagged,2024-07-19,2024-07-21
DEAL-08326,19,19,approved,2024-11-01,2024-11-03
DEAL-08327,20,20,approved,2026-04-30,2026-05-02
DEAL-08328,17,14,pending,,
DEAL-08329,15,15,approved,2025-01-04,2025-01-08
DEAL-08330,15,15,approved,2024-09-28,2024-09-30
DEAL-08331,9,5,pending,2024-01-15,2024-01-24
DEAL-08332,18,18,pending,2025-09-27,2025-09-28
DEAL-08333,9,9,approved,2026-04-03,2026-04-08
DEAL-08334,17,17,approved,2025-08-24,2025-08-25
DEAL-08335,10,10,approved,2024-08-02,2024-08-07
DEAL-08336,12,12,approved,2025-05-14,2025-05-18
DEAL-08337,9,5,approved,2025-01-05,2025-01-15
DEAL-08338,13,7,pending,2024-07-06,2024-07-13
DEAL-08339,10,7,approved,2025-11-16,2025-11-25
DEAL-08340,19,3,pending,2025-07-03,2025-07-13
DEAL-08341,17,17,approved,2024-09-29,2024-10-04
DEAL-08342,9,9,approved,2025-03-05,2025-03-09
DEAL-08343,10,10,approved,2024-06-01,2024-06-02
DEAL-08344,9,9,approved,2025-09-06,2025-09-10
DEAL-08345,17,0,flagged,2024-06-21,
DEAL-08346,20,20,pending,2025-05-17,2025-05-20
DEAL-08347,10,10,approved,2026-05-04,2026-05-05
DEAL-08348,16,16,approved,2026-03-10,2026-03-11
DEAL-08349,15,15,approved,2024-06-02,2024-06-04
DEAL-08350,11,11,approved,2024-07-14,2024-07-18
DEAL-08351,9,9,approved,2025-03-07,2025-03-10
DEAL-08352,12,12,approved,2025-06-29,2025-07-01
DEAL-08353,8,8,approved,2025-10-21,2025-10-26
DEAL-08354,17,17,approved,2025-08-02,2025-08-03
DEAL-08355,11,7,pending,2024-05-12,2024-05-26
DEAL-08356,14,14,approved,2024-05-14,2024-05-16
DEAL-08357,15,15,approved,2025-10-13,2025-10-15
DEAL-08358,19,19,approved,2025-07-14,2025-07-15
DEAL-08359,16,1,flagged,,
DEAL-08360,19,19,approved,2026-01-06,2026-01-08
DEAL-08361,8,8,approved,2026-05-04,2026-05-08
DEAL-08362,8,8,approved,2026-03-31,2026-04-04
DEAL-08363,14,14,approved,2024-05-06,2024-05-07
DEAL-08364,16,16,approved,2026-03-25,2026-03-26
DEAL-08365,9,9,approved,2025-07-18,2025-07-19
DEAL-08366,14,14,approved,2024-06-15,2024-06-18
DEAL-08367,17,17,approved,2026-03-05,2026-03-08
DEAL-08368,12,12,approved,2025-05-12,2025-05-14
DEAL-08369,19,19,approved,2026-03-17,2026-03-19
DEAL-08370,9,9,approved,2025-08-22,2025-08-26
DEAL-08371,20,20,approved,2026-04-10,2026-04-12
DEAL-08372,11,11,approved,2025-08-09,2025-08-13
DEAL-08373,8,8,approved,2026-02-19,2026-02-21
DEAL-08374,10,10,approved,2025-01-06,2025-01-07
DEAL-08375,9,2,approved,2025-03-25,2025-04-01
DEAL-08376,11,6,pending,2024-05-12,2024-05-26
DEAL-08377,12,12,approved,2025-11-04,2025-11-06
DEAL-08378,17,17,approved,2026-04-07,2026-04-12
DEAL-08379,11,0,pending,2026-03-15,
DEAL-08380,13,9,flagged,2025-05-11,2025-05-21
DEAL-08381,16,16,approved,2025-11-02,2025-11-04
DEAL-08382,11,11,approved,2025-09-23,2025-09-28
DEAL-08383,14,14,approved,2025-05-25,2025-05-29
DEAL-08384,10,10,approved,2025-07-11,2025-07-16
DEAL-08385,19,10,pending,,
DEAL-08386,11,8,flagged,2025-11-18,2025-11-25
DEAL-08387,17,17,approved,2024-12-19,2024-12-21
DEAL-08388,14,14,approved,2024-06-12,2024-06-13
DEAL-08389,17,17,approved,2025-04-28,2025-05-03
DEAL-08390,16,11,pending,,
DEAL-08391,19,19,approved,2024-06-20,2024-06-24
DEAL-08392,10,7,flagged,2026-05-14,2026-05-17
DEAL-08393,15,15,approved,2024-11-06,2024-11-09
DEAL-08394,17,7,flagged,2026-02-03,2026-02-16
DEAL-08395,8,8,approved,2025-04-13,2025-04-14
DEAL-08396,17,3,flagged,2025-12-06,2025-12-11
DEAL-08397,8,8,approved,2024-04-18,2024-04-21
DEAL-08398,18,18,approved,2025-05-22,2025-05-23
DEAL-08399,14,14,approved,2026-05-05,2026-05-07
DEAL-08400,10,2,pending,2026-05-05,2026-05-14
DEAL-08401,12,7,flagged,2026-02-01,2026-02-13
DEAL-08402,11,11,approved,2024-07-18,2024-07-21
DEAL-08403,14,14,approved,2025-05-07,2025-05-08
DEAL-08404,8,8,approved,2026-03-19,2026-03-23
DEAL-08405,15,15,approved,2024-09-27,2024-09-29
DEAL-08406,11,11,approved,2025-11-08,2025-11-12
DEAL-08407,18,18,approved,2026-02-27,2026-03-03
DEAL-08408,19,14,approved,,
DEAL-08409,16,16,approved,2025-08-28,2025-09-01
DEAL-08410,9,9,approved,2026-01-10,2026-01-12
DEAL-08411,14,10,approved,2025-08-19,2025-08-21
DEAL-08412,13,13,approved,2024-03-22,2024-03-24
DEAL-08413,13,13,approved,2026-04-22,2026-04-27
DEAL-08414,14,14,approved,2025-05-21,2025-05-25
DEAL-08415,19,19,approved,2026-02-24,2026-02-25
DEAL-08416,12,12,approved,2024-09-29,2024-09-30
DEAL-08417,13,13,approved,2025-11-10,2025-11-15
DEAL-08418,10,10,approved,2026-03-11,2026-03-12
DEAL-08419,8,8,approved,2025-10-09,2025-10-14
DEAL-08420,20,20,approved,2024-05-11,2024-05-13
DEAL-08421,17,8,pending,2025-12-22,2025-12-26
DEAL-08422,11,11,approved,2025-06-24,2025-06-27
DEAL-08423,18,18,approved,2024-12-26,2024-12-30
DEAL-08424,14,14,approved,2026-03-02,2026-03-07
DEAL-08425,16,16,approved,2025-02-23,2025-02-27
DEAL-08426,20,16,flagged,2024-05-10,2024-05-11
DEAL-08427,18,18,approved,2025-10-31,2025-11-03
DEAL-08428,18,18,approved,2025-07-28,2025-07-30
DEAL-08429,18,18,approved,2026-05-11,2026-05-15
DEAL-08430,10,10,approved,2024-08-09,2024-08-14
DEAL-08431,20,20,approved,2024-09-20,2024-09-25
DEAL-08432,12,9,flagged,2026-04-22,2026-05-03
DEAL-08433,20,10,pending,2024-09-29,2024-10-10
DEAL-08434,8,8,approved,2024-11-19,2024-11-20
DEAL-08435,11,11,approved,2026-03-07,2026-03-10
DEAL-08436,11,11,approved,2024-06-10,2024-06-13
DEAL-08437,11,11,approved,2024-04-27,2024-05-01
DEAL-08438,17,17,approved,2024-11-21,2024-11-23
DEAL-08439,9,9,approved,2025-01-31,2025-02-04
DEAL-08440,15,15,approved,2025-06-03,2025-06-05
DEAL-08441,8,8,approved,2025-06-05,2025-06-08
DEAL-08442,17,17,approved,2026-01-27,2026-02-01
DEAL-08443,16,16,approved,2026-02-18,2026-02-19
DEAL-08444,17,17,approved,2025-12-07,2025-12-11
DEAL-08445,8,5,pending,2025-12-28,2026-01-02
DEAL-08446,13,5,flagged,2025-07-12,2025-07-25
DEAL-08447,18,18,approved,2024-07-27,2024-07-30
DEAL-08448,8,8,approved,2024-05-05,2024-05-08
DEAL-08449,19,19,approved,2024-12-15,2024-12-20
DEAL-08450,10,10,approved,2026-03-15,2026-03-19
DEAL-08451,12,7,flagged,2025-12-01,2025-12-13
DEAL-08452,14,11,approved,,
DEAL-08453,16,16,approved,2025-12-19,2025-12-21
DEAL-08454,20,20,approved,2025-05-02,2025-05-06
DEAL-08455,15,15,approved,2025-02-07,2025-02-11
DEAL-08456,20,4,flagged,2024-07-07,2024-07-13
DEAL-08457,20,5,flagged,2025-11-26,2025-12-09
DEAL-08458,9,9,approved,2026-05-15,2026-05-20
DEAL-08459,13,13,approved,2025-05-24,2025-05-27
DEAL-08460,15,10,flagged,2025-05-17,2025-05-30
DEAL-08461,19,11,pending,2026-01-22,2026-02-03
DEAL-08462,10,10,approved,2026-03-20,2026-03-24
DEAL-08463,19,19,approved,2026-04-27,2026-05-01
DEAL-08464,15,15,approved,2026-02-28,2026-03-03
DEAL-08465,15,15,approved,2025-09-27,2025-09-30
DEAL-08466,9,9,approved,2024-04-23,2024-04-28
DEAL-08467,20,20,approved,2026-03-19,2026-03-24
DEAL-08468,20,8,flagged,2024-06-03,2024-06-16
DEAL-08469,17,14,approved,2024-03-28,2024-03-31
DEAL-08470,11,11,approved,2025-05-18,2025-05-23
DEAL-08471,11,11,approved,2024-06-16,2024-06-17
DEAL-08472,13,13,approved,2024-02-09,2024-02-14
DEAL-08473,9,4,pending,2025-10-11,2025-10-22
DEAL-08474,19,19,approved,2025-07-01,2025-07-02
DEAL-08475,17,17,approved,2024-08-09,2024-08-14
DEAL-08476,12,12,approved,2024-10-31,2024-11-05
DEAL-08477,10,10,approved,2026-03-30,2026-04-03
DEAL-08478,16,16,approved,2026-05-16,2026-05-17
DEAL-08479,19,6,pending,2025-06-19,2025-06-22
DEAL-08480,19,10,pending,2024-08-23,2024-09-06
DEAL-08481,19,19,approved,2026-04-02,2026-04-04
DEAL-08482,12,12,approved,2025-08-18,2025-08-21
DEAL-08483,11,10,approved,2025-06-01,2025-06-02
DEAL-08484,14,14,approved,2024-09-14,2024-09-18
DEAL-08485,9,0,flagged,2025-07-06,
DEAL-08486,19,14,flagged,2025-05-15,2025-05-28
DEAL-08487,19,19,approved,2026-01-06,2026-01-10
DEAL-08488,11,11,approved,2025-04-16,2025-04-19
DEAL-08489,18,4,flagged,2024-06-17,2024-06-25
DEAL-08490,10,9,pending,2025-05-19,2025-05-24
DEAL-08491,20,13,approved,,
DEAL-08492,16,1,approved,2024-08-09,2024-08-20
DEAL-08493,13,1,pending,,
DEAL-08494,12,12,approved,2024-09-14,2024-09-19
DEAL-08495,11,11,approved,2025-09-19,2025-09-23
DEAL-08496,11,11,approved,2024-10-30,2024-10-31
DEAL-08497,11,11,flagged,2026-04-04,2026-04-05
DEAL-08498,8,8,approved,2025-12-03,2025-12-04
DEAL-08499,17,17,approved,2024-04-04,2024-04-05
DEAL-08500,18,18,approved,2026-03-15,2026-03-18
DEAL-08501,15,15,approved,2026-05-18,2026-05-22
DEAL-08502,18,18,approved,2025-04-01,2025-04-02
DEAL-08503,19,19,approved,2024-10-14,2024-10-17
DEAL-08504,10,10,approved,2026-03-29,2026-04-01
DEAL-08505,20,20,approved,2024-03-17,2024-03-20
DEAL-08506,13,5,flagged,2025-09-15,2025-09-18
DEAL-08507,13,13,approved,2026-03-03,2026-03-07
DEAL-08508,19,19,pending,2025-03-06,2025-03-10
DEAL-08509,18,18,approved,2025-09-29,2025-10-02
DEAL-08510,19,7,flagged,2024-09-17,2024-09-21
DEAL-08511,20,14,flagged,2025-06-13,2025-06-18
DEAL-08512,14,14,approved,2025-07-10,2025-07-14
DEAL-08513,10,7,pending,2026-02-26,2026-03-02
DEAL-08514,13,13,approved,2025-01-19,2025-01-22
DEAL-08515,20,17,pending,2024-08-12,2024-08-14
DEAL-08516,13,13,approved,2025-10-05,2025-10-07
DEAL-08517,11,6,flagged,2025-10-06,2025-10-20
DEAL-08518,8,4,approved,,
DEAL-08519,20,6,flagged,2024-07-18,2024-08-01
DEAL-08520,20,12,flagged,2025-03-08,2025-03-21
DEAL-08521,20,20,flagged,2025-01-16,2025-01-21
DEAL-08522,8,8,approved,2025-07-07,2025-07-08
DEAL-08523,8,8,approved,2025-09-18,2025-09-19
DEAL-08524,10,6,pending,2025-06-19,2025-06-30
DEAL-08525,13,0,pending,2024-10-16,
DEAL-08526,15,10,approved,2024-07-21,2024-08-04
DEAL-08527,11,3,approved,,
DEAL-08528,15,15,approved,2024-03-30,2024-04-03
DEAL-08529,17,17,approved,2025-02-06,2025-02-08
DEAL-08530,16,12,pending,2024-10-05,2024-10-12
DEAL-08531,13,13,approved,2024-10-22,2024-10-23
DEAL-08532,13,13,approved,2025-06-29,2025-06-30
DEAL-08533,10,10,approved,2024-12-13,2024-12-18
DEAL-08534,17,17,approved,2026-04-19,2026-04-21
DEAL-08535,9,9,approved,2026-04-01,2026-04-02
DEAL-08536,12,12,approved,2025-09-07,2025-09-12
DEAL-08537,14,14,approved,2025-10-30,2025-11-02
DEAL-08538,19,19,approved,2025-08-14,2025-08-17
DEAL-08539,9,3,flagged,2025-07-23,2025-07-30
DEAL-08540,19,19,approved,2026-04-09,2026-04-12
DEAL-08541,9,1,flagged,2025-07-22,2025-08-04
DEAL-08542,19,19,approved,2024-07-22,2024-07-26
DEAL-08543,14,2,flagged,2026-03-29,2026-04-01
DEAL-08544,8,3,approved,2026-03-02,2026-03-16
DEAL-08545,8,8,approved,2026-04-18,2026-04-19
DEAL-08546,17,17,approved,2024-11-04,2024-11-08
DEAL-08547,8,6,flagged,2024-04-11,2024-04-17
DEAL-08548,11,11,approved,2024-04-06,2024-04-11
DEAL-08549,14,14,approved,2025-11-15,2025-11-17
DEAL-08550,11,11,approved,2024-07-07,2024-07-12
DEAL-08551,11,11,approved,2024-08-16,2024-08-18
DEAL-08552,19,3,flagged,2025-10-01,2025-10-12
DEAL-08553,19,10,flagged,2025-04-13,2025-04-19
DEAL-08554,11,11,approved,2026-04-30,2026-05-04
DEAL-08555,12,12,approved,2025-07-20,2025-07-22
DEAL-08556,14,14,approved,2025-11-01,2025-11-06
DEAL-08557,17,9,flagged,2024-05-28,2024-06-05
DEAL-08558,11,11,approved,2024-09-07,2024-09-08
DEAL-08559,17,17,approved,2025-09-27,2025-09-28
DEAL-08560,18,18,approved,2026-04-13,2026-04-14
DEAL-08561,9,9,approved,2024-03-24,2024-03-26
DEAL-08562,14,14,approved,2024-04-21,2024-04-22
DEAL-08563,12,12,approved,2026-04-29,2026-04-30
DEAL-08564,15,1,pending,,
DEAL-08565,18,18,approved,2024-06-22,2024-06-24
DEAL-08566,10,0,flagged,2026-05-20,
DEAL-08567,13,13,approved,2024-08-12,2024-08-17
DEAL-08568,17,17,approved,2025-09-30,2025-10-01
DEAL-08569,15,12,approved,2024-08-07,2024-08-10
DEAL-08570,20,14,flagged,2026-03-11,2026-03-13
DEAL-08571,15,15,approved,2025-09-24,2025-09-25
DEAL-08572,15,15,approved,2024-07-01,2024-07-02
DEAL-08573,12,5,pending,2025-12-30,2026-01-10
DEAL-08574,20,20,approved,2024-08-22,2024-08-27
DEAL-08575,11,11,approved,2024-09-23,2024-09-25
DEAL-08576,19,19,approved,2026-02-09,2026-02-10
DEAL-08577,15,10,pending,2024-06-09,2024-06-16
DEAL-08578,18,18,approved,2024-10-09,2024-10-11
DEAL-08579,11,11,approved,2025-04-06,2025-04-07
DEAL-08580,8,2,approved,2026-03-27,2026-03-31
DEAL-08581,20,8,flagged,2025-03-16,2025-03-25
DEAL-08582,20,20,approved,2025-06-19,2025-06-23
DEAL-08583,12,12,approved,2024-02-17,2024-02-20
DEAL-08584,17,17,approved,2026-04-25,2026-04-26
DEAL-08585,18,18,approved,2025-01-11,2025-01-13
DEAL-08586,11,11,approved,2026-01-29,2026-02-03
DEAL-08587,8,8,approved,2026-04-27,2026-04-30
DEAL-08588,15,4,pending,2025-02-02,2025-02-05
DEAL-08589,20,20,approved,2026-03-15,2026-03-17
DEAL-08590,16,16,approved,2025-08-05,2025-08-07
DEAL-08591,15,15,approved,2025-07-25,2025-07-29
DEAL-08592,19,19,approved,2024-04-07,2024-04-12
DEAL-08593,17,17,approved,2025-04-03,2025-04-05
DEAL-08594,9,5,flagged,2025-12-06,2025-12-19
DEAL-08595,13,13,approved,2026-03-07,2026-03-12
DEAL-08596,12,11,flagged,2025-02-19,2025-02-24
DEAL-08597,15,15,approved,2025-02-25,2025-02-27
DEAL-08598,11,3,pending,2024-03-28,2024-04-10
DEAL-08599,14,14,approved,2025-11-22,2025-11-24
DEAL-08600,12,12,approved,2026-01-07,2026-01-08
DEAL-08601,14,14,approved,2026-05-06,2026-05-07
DEAL-08602,20,20,approved,2025-09-16,2025-09-20
DEAL-08603,13,7,approved,2024-07-06,2024-07-10
DEAL-08604,17,17,approved,2024-08-20,2024-08-23
DEAL-08605,9,9,approved,2024-05-11,2024-05-15
DEAL-08606,19,19,approved,2025-08-17,2025-08-20
DEAL-08607,19,19,approved,2024-05-02,2024-05-06
DEAL-08608,17,17,approved,2026-04-09,2026-04-11
DEAL-08609,13,13,approved,2026-03-20,2026-03-21
DEAL-08610,18,18,approved,2024-06-29,2024-06-30
DEAL-08611,17,5,approved,2025-07-21,2025-07-28
DEAL-08612,20,20,approved,2024-10-01,2024-10-04
DEAL-08613,18,18,approved,2025-12-19,2025-12-20
DEAL-08614,14,14,approved,2026-05-11,2026-05-15
DEAL-08615,15,15,approved,2025-07-17,2025-07-22
DEAL-08616,12,12,approved,2026-05-19,2026-05-21
DEAL-08617,18,18,approved,2026-04-30,2026-05-05
DEAL-08618,9,0,pending,2025-03-14,
DEAL-08619,15,15,approved,2026-03-07,2026-03-11
DEAL-08620,17,17,approved,2024-08-25,2024-08-29
DEAL-08621,15,15,approved,2025-08-29,2025-09-02
DEAL-08622,20,20,approved,2026-03-19,2026-03-20
DEAL-08623,12,7,pending,,
DEAL-08624,12,7,pending,2026-05-07,2026-05-14
DEAL-08625,20,20,approved,2024-05-15,2024-05-18
DEAL-08626,10,10,approved,2024-08-19,2024-08-22
DEAL-08627,15,15,approved,2026-03-05,2026-03-08
DEAL-08628,11,11,approved,2026-04-18,2026-04-20
DEAL-08629,19,19,approved,2025-07-31,2025-08-05
DEAL-08630,11,5,flagged,2024-12-02,2024-12-13
DEAL-08631,15,15,approved,2025-09-04,2025-09-07
DEAL-08632,14,14,approved,2026-05-10,2026-05-11
DEAL-08633,9,9,approved,2026-03-10,2026-03-12
DEAL-08634,14,14,approved,2024-11-21,2024-11-25
DEAL-08635,9,9,approved,2025-07-19,2025-07-20
DEAL-08636,8,8,approved,2025-06-22,2025-06-25
DEAL-08637,14,14,approved,2024-09-15,2024-09-19
DEAL-08638,20,20,approved,2024-04-12,2024-04-14
DEAL-08639,9,2,flagged,2024-05-24,2024-05-27
DEAL-08640,11,4,pending,2025-02-04,2025-02-18
DEAL-08641,15,15,approved,2025-05-07,2025-05-10
DEAL-08642,12,0,approved,2026-04-28,
DEAL-08643,9,9,approved,2025-05-14,2025-05-15
DEAL-08644,20,20,approved,2025-02-08,2025-02-13
DEAL-08645,10,10,approved,2026-03-02,2026-03-05
DEAL-08646,14,6,pending,2024-06-05,2024-06-17
DEAL-08647,15,15,approved,2024-07-22,2024-07-25
DEAL-08648,11,11,approved,2024-09-10,2024-09-13
DEAL-08649,17,8,pending,2024-09-01,2024-09-13
DEAL-08650,13,13,approved,2025-07-24,2025-07-25
DEAL-08651,13,13,approved,2025-08-11,2025-08-13
DEAL-08652,14,14,approved,2024-04-19,2024-04-23
DEAL-08653,13,13,approved,2026-03-04,2026-03-05
DEAL-08654,8,8,approved,2026-03-15,2026-03-18
DEAL-08655,9,0,approved,2025-06-29,
DEAL-08656,19,19,approved,2024-04-22,2024-04-23
DEAL-08657,11,2,pending,2026-03-28,2026-04-04
DEAL-08658,14,9,pending,2026-03-20,2026-04-03
DEAL-08659,8,3,flagged,2024-05-05,2024-05-10
DEAL-08660,9,3,pending,2026-04-01,2026-04-10
DEAL-08661,14,14,approved,2025-10-23,2025-10-25
DEAL-08662,18,18,approved,2025-06-18,2025-06-22
DEAL-08663,11,1,pending,2024-07-14,2024-07-19
DEAL-08664,12,12,approved,2024-05-07,2024-05-09
DEAL-08665,13,5,flagged,2025-07-18,2025-07-30
DEAL-08666,12,12,approved,2026-04-23,2026-04-24
DEAL-08667,15,15,approved,2025-06-07,2025-06-12
DEAL-08668,16,16,approved,2025-04-15,2025-04-20
DEAL-08669,8,3,pending,2025-09-21,2025-10-03
DEAL-08670,16,16,approved,2026-04-16,2026-04-20
DEAL-08671,16,16,approved,2025-11-02,2025-11-06
DEAL-08672,17,17,approved,2024-09-12,2024-09-13
DEAL-08673,19,19,approved,2026-04-21,2026-04-23
DEAL-08674,20,20,approved,2025-02-20,2025-02-24
DEAL-08675,16,16,approved,2026-01-26,2026-01-28
DEAL-08676,20,20,approved,2025-05-27,2025-05-29
DEAL-08677,15,2,flagged,2024-11-29,2024-12-13
DEAL-08678,20,20,approved,2024-10-01,2024-10-03
DEAL-08679,12,12,approved,2025-06-30,2025-07-01
DEAL-08680,9,2,pending,2025-07-22,2025-08-04
DEAL-08681,20,20,approved,2024-07-22,2024-07-27
DEAL-08682,10,10,approved,2025-09-15,2025-09-20
DEAL-08683,13,13,approved,2025-08-06,2025-08-08
DEAL-08684,9,9,approved,2024-06-11,2024-06-16
DEAL-08685,9,0,pending,2024-07-05,
DEAL-08686,8,8,approved,2024-03-04,2024-03-08
DEAL-08687,18,18,approved,2026-02-25,2026-02-27
DEAL-08688,12,12,approved,2025-07-16,2025-07-19
DEAL-08689,20,20,approved,2025-07-19,2025-07-23
DEAL-08690,8,8,approved,,
DEAL-08691,18,18,approved,2024-11-20,2024-11-22
DEAL-08692,16,14,approved,,
DEAL-08693,12,12,approved,2025-04-23,2025-04-24
DEAL-08694,12,12,approved,2024-04-11,2024-04-14
DEAL-08695,9,9,approved,2025-04-06,2025-04-10
DEAL-08696,17,17,approved,2024-03-26,2024-03-29
DEAL-08697,8,8,approved,2024-09-05,2024-09-08
DEAL-08698,19,18,flagged,2025-05-15,2025-05-16
DEAL-08699,14,5,approved,2024-06-07,2024-06-16
DEAL-08700,16,10,flagged,2025-07-11,2025-07-15
DEAL-08701,20,20,approved,2026-05-01,2026-05-02
DEAL-08702,9,9,approved,2026-04-01,2026-04-02
DEAL-08703,20,20,approved,2025-05-17,2025-05-21
DEAL-08704,12,12,approved,2025-07-12,2025-07-17
DEAL-08705,17,17,approved,2026-03-14,2026-03-17
DEAL-08706,12,12,approved,2025-08-07,2025-08-08
DEAL-08707,20,20,approved,2025-02-11,2025-02-12
DEAL-08708,13,13,approved,2024-06-09,2024-06-11
DEAL-08709,19,16,pending,2024-03-10,2024-03-12
DEAL-08710,16,16,approved,2024-08-28,2024-09-02
DEAL-08711,16,12,flagged,2025-07-06,2025-07-17
DEAL-08712,11,11,approved,2025-07-24,2025-07-27
DEAL-08713,9,9,approved,2025-01-20,2025-01-21
DEAL-08714,20,0,approved,2024-10-23,
DEAL-08715,11,2,flagged,2024-08-11,2024-08-15
DEAL-08716,10,10,approved,2025-07-01,2025-07-05
DEAL-08717,19,19,approved,2025-04-24,2025-04-27
DEAL-08718,13,13,approved,2026-01-25,2026-01-29
DEAL-08719,17,9,flagged,2024-09-13,2024-09-17
DEAL-08720,15,15,approved,2026-05-05,2026-05-06
DEAL-08721,12,12,approved,2024-11-15,2024-11-17
DEAL-08722,9,9,approved,2026-05-15,2026-05-19
DEAL-08723,13,13,approved,2024-08-01,2024-08-05
DEAL-08724,19,19,approved,2025-01-20,2025-01-22
DEAL-08725,18,10,flagged,2025-04-02,2025-04-13
DEAL-08726,11,11,approved,2024-05-05,2024-05-10
DEAL-08727,14,14,approved,2025-10-13,2025-10-15
DEAL-08728,10,3,flagged,2024-06-26,2024-07-10
DEAL-08729,13,13,approved,2026-03-01,2026-03-05
DEAL-08730,18,11,flagged,2025-10-22,2025-10-25
DEAL-08731,16,16,approved,2026-04-05,2026-04-06
DEAL-08732,19,15,approved,2026-01-27,2026-01-31
DEAL-08733,20,20,approved,2025-12-23,2025-12-28
DEAL-08734,8,2,pending,2024-05-20,2024-05-27
DEAL-08735,18,18,approved,2024-09-23,2024-09-28
DEAL-08736,11,11,approved,2025-09-04,2025-09-06
DEAL-08737,16,16,approved,2025-10-19,2025-10-23
DEAL-08738,17,4,approved,2024-08-18,2024-08-21
DEAL-08739,15,15,approved,2025-01-28,2025-01-31
DEAL-08740,8,6,pending,2026-03-10,2026-03-14
DEAL-08741,12,12,approved,2025-08-12,2025-08-16
DEAL-08742,10,10,approved,2024-11-25,2024-11-26
DEAL-08743,13,13,approved,2025-04-18,2025-04-19
DEAL-08744,19,19,approved,2025-08-23,2025-08-28
DEAL-08745,18,10,flagged,2024-03-10,2024-03-20
DEAL-08746,20,20,approved,2024-12-08,2024-12-10
DEAL-08747,15,9,approved,2024-10-18,2024-10-20
DEAL-08748,10,10,approved,2025-07-25,2025-07-26
DEAL-08749,15,15,approved,2025-08-22,2025-08-24
DEAL-08750,17,10,pending,2024-06-13,2024-06-26
DEAL-08751,17,17,approved,2026-05-02,2026-05-05
DEAL-08752,18,18,approved,2025-11-05,2025-11-06
DEAL-08753,11,11,approved,2026-04-13,2026-04-18
DEAL-08754,14,10,flagged,2026-05-11,2026-05-14
DEAL-08755,19,19,approved,2024-03-29,2024-03-31
DEAL-08756,17,8,approved,2025-03-01,2025-03-04
DEAL-08757,10,10,approved,2026-04-01,2026-04-03
DEAL-08758,11,11,approved,2024-04-24,2024-04-28
DEAL-08759,10,6,pending,2024-11-25,2024-12-02
DEAL-08760,12,3,approved,2024-07-29,2024-08-12
DEAL-08761,15,11,flagged,2024-06-06,2024-06-12
DEAL-08762,12,12,approved,2025-05-20,2025-05-21
DEAL-08763,10,10,approved,2024-08-29,2024-08-30
DEAL-08764,8,8,approved,2024-08-02,2024-08-03
DEAL-08765,8,8,flagged,2026-04-24,2026-04-29
DEAL-08766,18,18,approved,2025-02-27,2025-03-02
DEAL-08767,16,16,approved,2026-04-23,2026-04-26
DEAL-08768,13,13,approved,2026-02-23,2026-02-24
DEAL-08769,15,15,approved,2026-05-15,2026-05-18
DEAL-08770,19,19,approved,2025-11-30,2025-12-05
DEAL-08771,12,12,approved,2025-06-09,2025-06-14
DEAL-08772,20,20,approved,2026-04-09,2026-04-10
DEAL-08773,10,7,approved,2026-03-12,2026-03-20
DEAL-08774,9,9,approved,2025-03-17,2025-03-22
DEAL-08775,9,9,approved,2024-09-18,2024-09-22
DEAL-08776,10,6,approved,2026-03-11,2026-03-13
DEAL-08777,15,6,pending,2025-08-01,2025-08-12
DEAL-08778,8,7,flagged,2025-11-21,2025-11-24
DEAL-08779,16,16,approved,2024-07-12,2024-07-17
DEAL-08780,8,8,approved,2026-02-25,2026-02-26
DEAL-08781,8,8,approved,2025-04-14,2025-04-17
DEAL-08782,11,11,approved,2026-01-30,2026-02-03
DEAL-08783,20,20,approved,2026-01-23,2026-01-28
DEAL-08784,11,3,flagged,2025-06-18,2025-06-27
DEAL-08785,19,9,flagged,2025-07-18,2025-07-28
DEAL-08786,11,3,flagged,2024-05-11,2024-05-22
DEAL-08787,17,17,approved,2025-02-16,2025-02-21
DEAL-08788,11,3,pending,2026-04-28,2026-04-30
DEAL-08789,14,14,approved,2024-10-29,2024-11-03
DEAL-08790,17,17,approved,2025-09-28,2025-10-03
DEAL-08791,13,10,flagged,2025-10-11,2025-10-25
DEAL-08792,12,10,pending,,
DEAL-08793,17,17,approved,2025-03-09,2025-03-12
DEAL-08794,20,20,approved,2024-02-22,2024-02-23
DEAL-08795,15,15,approved,2026-02-09,2026-02-12
DEAL-08796,11,11,approved,2024-10-27,2024-10-28
DEAL-08797,9,9,approved,2024-05-19,2024-05-22
DEAL-08798,19,19,approved,2025-08-17,2025-08-21
DEAL-08799,16,5,pending,2024-03-25,2024-04-05
DEAL-08800,18,7,pending,2025-03-25,2025-04-08
DEAL-08801,10,10,approved,2024-08-08,2024-08-10
DEAL-08802,17,7,pending,2026-03-04,2026-03-16
DEAL-08803,17,8,flagged,2026-04-06,2026-04-13
DEAL-08804,17,11,pending,2026-04-29,2026-05-13
DEAL-08805,8,8,approved,2025-08-22,2025-08-23
DEAL-08806,18,17,approved,2025-10-21,2025-10-24
DEAL-08807,8,5,flagged,2024-09-08,2024-09-10
DEAL-08808,16,16,approved,2024-03-29,2024-04-01
DEAL-08809,10,10,approved,2024-07-21,2024-07-25
DEAL-08810,15,15,approved,2026-03-01,2026-03-05
DEAL-08811,13,13,approved,2026-05-16,2026-05-21
DEAL-08812,8,0,pending,,
DEAL-08813,18,18,approved,2024-08-11,2024-08-14
DEAL-08814,12,12,approved,2025-09-30,2025-10-03
DEAL-08815,16,0,pending,2025-08-29,
DEAL-08816,14,14,approved,2024-05-23,2024-05-27
DEAL-08817,8,8,approved,2025-12-28,2026-01-01
DEAL-08818,13,13,approved,2026-01-22,2026-01-25
DEAL-08819,15,9,approved,2025-05-30,2025-06-12
DEAL-08820,11,11,approved,2024-12-24,2024-12-25
DEAL-08821,15,15,approved,2026-03-05,2026-03-10
DEAL-08822,11,11,approved,2026-04-22,2026-04-23
DEAL-08823,15,15,approved,2025-05-18,2025-05-22
DEAL-08824,18,18,approved,2026-02-27,2026-03-04
DEAL-08825,13,13,approved,2024-07-07,2024-07-10
DEAL-08826,17,17,approved,2026-01-14,2026-01-18
DEAL-08827,16,16,approved,2024-06-30,2024-07-03
DEAL-08828,16,3,pending,2026-03-11,2026-03-17
DEAL-08829,11,3,pending,,
DEAL-08830,14,14,approved,2026-03-19,2026-03-20
DEAL-08831,16,16,approved,2024-06-17,2024-06-18
DEAL-08832,10,10,approved,2024-02-13,2024-02-16
DEAL-08833,11,11,approved,2025-09-16,2025-09-19
DEAL-08834,9,9,approved,2026-04-08,2026-04-11
DEAL-08835,13,5,pending,,
DEAL-08836,12,3,flagged,2026-01-03,2026-01-17
DEAL-08837,9,9,approved,2025-01-31,2025-02-04
DEAL-08838,20,20,approved,2025-02-20,2025-02-23
DEAL-08839,20,20,approved,2026-03-02,2026-03-03
DEAL-08840,11,3,approved,2025-09-11,2025-09-20
DEAL-08841,18,14,pending,2026-04-29,2026-05-05
DEAL-08842,16,16,approved,2024-08-24,2024-08-28
DEAL-08843,9,9,approved,2024-04-28,2024-05-02
DEAL-08844,15,4,approved,,
DEAL-08845,13,13,approved,2024-06-27,2024-06-29
DEAL-08846,14,14,approved,2025-12-25,2025-12-26
DEAL-08847,16,16,approved,2025-06-01,2025-06-06
DEAL-08848,19,5,flagged,2026-03-24,2026-04-01
DEAL-08849,18,18,approved,2025-03-05,2025-03-07
DEAL-08850,13,2,flagged,2026-05-06,2026-05-19
DEAL-08851,17,17,approved,2024-04-23,2024-04-24
DEAL-08852,12,12,approved,2025-12-13,2025-12-15
DEAL-08853,18,18,approved,2025-07-07,2025-07-10
DEAL-08854,12,12,approved,2025-04-14,2025-04-19
DEAL-08855,19,2,flagged,2024-06-27,2024-07-01
DEAL-08856,10,7,flagged,2024-06-10,2024-06-20
DEAL-08857,19,14,approved,2026-04-27,2026-05-03
DEAL-08858,12,12,approved,2024-11-22,2024-11-26
DEAL-08859,15,15,approved,2026-05-15,2026-05-20
DEAL-08860,10,10,approved,2025-09-06,2025-09-10
DEAL-08861,16,8,flagged,2025-02-27,2025-03-02
DEAL-08862,12,12,approved,2026-03-07,2026-03-09
DEAL-08863,16,16,approved,2025-12-29,2026-01-01
DEAL-08864,14,4,flagged,2026-04-22,2026-04-29
DEAL-08865,10,10,approved,2025-04-28,2025-05-02
DEAL-08866,12,12,approved,2025-03-03,2025-03-07
DEAL-08867,14,3,pending,2024-11-10,2024-11-21
DEAL-08868,12,5,flagged,2024-12-09,2024-12-18
DEAL-08869,11,11,approved,2025-10-04,2025-10-09
DEAL-08870,20,20,approved,2024-08-09,2024-08-10
DEAL-08871,9,8,approved,2024-12-19,2024-12-20
DEAL-08872,19,19,approved,2025-01-22,2025-01-25
DEAL-08873,10,7,pending,2025-04-13,2025-04-27
DEAL-08874,16,1,pending,2026-04-20,2026-04-26
DEAL-08875,15,15,approved,2025-10-04,2025-10-05
DEAL-08876,11,9,flagged,2024-04-16,2024-04-17
DEAL-08877,13,13,approved,2025-08-17,2025-08-18
DEAL-08878,17,17,approved,2025-01-05,2025-01-10
DEAL-08879,9,9,approved,2025-08-08,2025-08-10
DEAL-08880,8,5,pending,2026-05-04,2026-05-12
DEAL-08881,11,11,approved,2024-11-09,2024-11-13
DEAL-08882,20,17,pending,2024-05-19,2024-05-21
DEAL-08883,17,7,flagged,2025-09-12,2025-09-19
DEAL-08884,11,8,pending,2025-04-02,2025-04-04
DEAL-08885,8,5,flagged,,
DEAL-08886,15,3,flagged,2024-08-27,2024-09-08
DEAL-08887,10,10,approved,2024-07-13,2024-07-16
DEAL-08888,19,19,approved,2024-09-08,2024-09-11
DEAL-08889,11,10,pending,2026-03-23,2026-03-28
DEAL-08890,13,13,approved,2025-09-07,2025-09-09
DEAL-08891,15,2,flagged,2025-08-25,2025-09-02
DEAL-08892,18,18,approved,2025-04-15,2025-04-17
DEAL-08893,11,2,pending,2025-10-05,2025-10-17
DEAL-08894,12,12,approved,2025-03-15,2025-03-16
DEAL-08895,15,15,approved,2024-12-12,2024-12-13
DEAL-08896,9,6,pending,2025-08-02,2025-08-04
DEAL-08897,14,14,approved,2025-10-27,2025-11-01
DEAL-08898,14,0,flagged,2025-09-23,
DEAL-08899,20,20,approved,2025-07-14,2025-07-16
DEAL-08900,13,13,approved,2025-08-04,2025-08-05
DEAL-08901,17,5,pending,2026-02-23,2026-03-09
DEAL-08902,16,16,approved,2025-09-14,2025-09-17
DEAL-08903,10,6,pending,2024-11-04,2024-11-09
DEAL-08904,20,20,approved,2025-07-03,2025-07-06
DEAL-08905,13,13,approved,2024-04-21,2024-04-26
DEAL-08906,18,18,approved,2025-01-02,2025-01-06
DEAL-08907,18,17,flagged,2026-03-26,2026-03-31
DEAL-08908,12,7,flagged,2025-04-22,2025-05-06
DEAL-08909,19,16,approved,2024-03-03,2024-03-05
DEAL-08910,10,8,pending,2025-05-05,2025-05-10
DEAL-08911,9,9,approved,2026-01-06,2026-01-11
DEAL-08912,17,3,pending,2025-12-11,2025-12-20
DEAL-08913,12,7,pending,2025-03-07,2025-03-20
DEAL-08914,12,4,approved,2026-03-10,2026-03-19
DEAL-08915,11,11,approved,2025-01-04,2025-01-05
DEAL-08916,18,18,approved,2025-12-25,2025-12-27
DEAL-08917,12,12,approved,2024-05-05,2024-05-08
DEAL-08918,13,13,approved,2025-04-21,2025-04-25
DEAL-08919,10,2,flagged,2026-04-06,2026-04-19
DEAL-08920,18,2,flagged,,
DEAL-08921,11,11,approved,2025-05-20,2025-05-22
DEAL-08922,9,9,approved,2026-02-08,2026-02-10
DEAL-08923,19,12,pending,2025-05-12,2025-05-24
DEAL-08924,19,13,approved,2025-03-28,2025-03-30
DEAL-08925,19,19,approved,2026-04-09,2026-04-14
DEAL-08926,12,6,flagged,2025-05-07,2025-05-20
DEAL-08927,8,8,approved,2024-11-05,2024-11-08
DEAL-08928,10,7,approved,2026-03-20,2026-03-22
DEAL-08929,17,17,approved,2025-03-27,2025-03-30
DEAL-08930,19,19,approved,2024-08-11,2024-08-12
DEAL-08931,17,17,approved,2024-05-12,2024-05-13
DEAL-08932,18,9,pending,2025-10-31,2025-11-03
DEAL-08933,20,20,approved,2026-01-07,2026-01-12
DEAL-08934,16,13,approved,2024-07-23,2024-07-27
DEAL-08935,15,11,flagged,2024-12-23,2025-01-02
DEAL-08936,19,19,approved,2024-07-25,2024-07-29
DEAL-08937,11,11,approved,2024-05-09,2024-05-10
DEAL-08938,15,15,approved,2026-01-28,2026-01-31
DEAL-08939,16,16,approved,2026-02-06,2026-02-07
DEAL-08940,19,19,approved,2026-05-02,2026-05-07
DEAL-08941,14,14,approved,2025-04-11,2025-04-12
DEAL-08942,13,10,pending,2024-07-08,2024-07-17
DEAL-08943,10,10,approved,2025-04-20,2025-04-25
DEAL-08944,19,2,flagged,2024-10-15,2024-10-24
DEAL-08945,14,1,flagged,2026-03-15,2026-03-27
DEAL-08946,18,18,approved,2025-06-14,2025-06-17
DEAL-08947,14,14,approved,2024-03-14,2024-03-16
DEAL-08948,12,3,pending,2026-04-09,2026-04-18
DEAL-08949,9,9,approved,2024-03-08,2024-03-13
DEAL-08950,10,10,approved,2026-03-14,2026-03-15
DEAL-08951,8,8,approved,2024-09-24,2024-09-25
DEAL-08952,18,18,approved,2025-07-02,2025-07-03
DEAL-08953,18,18,approved,2026-03-09,2026-03-12
DEAL-08954,14,14,approved,2024-06-09,2024-06-11
DEAL-08955,15,15,approved,2026-03-03,2026-03-07
DEAL-08956,19,19,approved,2025-07-16,2025-07-20
DEAL-08957,12,12,approved,2024-08-03,2024-08-04
DEAL-08958,11,11,approved,2024-06-14,2024-06-19
DEAL-08959,8,8,approved,2025-10-12,2025-10-14
DEAL-08960,17,17,approved,2024-11-02,2024-11-05
DEAL-08961,11,8,flagged,2024-04-18,2024-04-26
DEAL-08962,11,2,approved,2026-04-09,2026-04-23
DEAL-08963,11,11,approved,2024-07-21,2024-07-23
DEAL-08964,9,7,flagged,2024-04-13,2024-04-21
DEAL-08965,8,8,approved,2025-10-13,2025-10-15
DEAL-08966,9,9,approved,2025-04-16,2025-04-20
DEAL-08967,10,10,approved,2025-09-23,2025-09-28
DEAL-08968,19,15,pending,,
DEAL-08969,11,11,pending,,
DEAL-08970,20,7,flagged,2026-04-25,2026-05-07
DEAL-08971,11,11,approved,2025-03-22,2025-03-24
DEAL-08972,14,14,approved,2025-10-03,2025-10-05
DEAL-08973,13,13,approved,2026-05-15,2026-05-17
DEAL-08974,19,19,approved,2026-04-14,2026-04-17
DEAL-08975,13,13,approved,2026-01-10,2026-01-12
DEAL-08976,18,12,pending,2026-03-01,2026-03-11
DEAL-08977,13,13,approved,2024-07-12,2024-07-16
DEAL-08978,20,20,approved,2025-05-02,2025-05-04
DEAL-08979,11,11,approved,2025-11-20,2025-11-21
DEAL-08980,18,11,pending,2025-03-23,2025-03-30
DEAL-08981,8,3,flagged,2024-06-14,2024-06-28
DEAL-08982,10,10,approved,2024-02-25,2024-02-29
DEAL-08983,11,11,approved,2025-12-29,2026-01-03
DEAL-08984,18,13,pending,2026-01-19,2026-01-26
DEAL-08985,11,5,flagged,2024-12-03,2024-12-11
DEAL-08986,18,18,approved,2025-03-29,2025-04-01
DEAL-08987,15,8,flagged,2024-11-10,2024-11-24
DEAL-08988,17,11,pending,2026-05-01,2026-05-11
DEAL-08989,11,4,approved,2025-02-08,2025-02-19
DEAL-08990,20,14,flagged,2025-07-06,2025-07-11
DEAL-08991,18,18,approved,2024-03-23,2024-03-27
DEAL-08992,16,16,approved,2024-08-24,2024-08-25
DEAL-08993,13,13,approved,2026-02-06,2026-02-08
DEAL-08994,18,18,approved,2026-05-16,2026-05-20
DEAL-08995,19,19,approved,2025-05-28,2025-06-01
DEAL-08996,19,15,pending,2026-03-06,2026-03-15
DEAL-08997,15,2,pending,2024-12-21,2024-12-24
DEAL-08998,16,16,approved,2025-08-15,2025-08-17
DEAL-08999,9,9,approved,2024-04-27,2024-05-02
DEAL-09000,8,8,approved,2024-07-14,2024-07-18
DEAL-09001,10,10,approved,2026-03-11,2026-03-12
DEAL-09002,17,17,approved,2026-03-24,2026-03-25
DEAL-09003,13,13,approved,2025-08-04,2025-08-09
DEAL-09004,16,16,approved,2025-09-23,2025-09-27
DEAL-09005,9,9,approved,2025-07-28,2025-07-29
DEAL-09006,17,17,approved,2026-02-21,2026-02-26
DEAL-09007,9,9,approved,2024-07-07,2024-07-11
DEAL-09008,12,9,flagged,2026-04-02,2026-04-12
DEAL-09009,9,9,approved,2025-12-08,2025-12-12
DEAL-09010,10,2,pending,2025-08-14,2025-08-23
DEAL-09011,20,20,approved,2024-07-05,2024-07-06
DEAL-09012,16,5,approved,,
DEAL-09013,15,8,flagged,2025-01-16,2025-01-26
DEAL-09014,12,12,approved,2025-08-29,2025-08-30
DEAL-09015,17,17,approved,2026-02-03,2026-02-04
DEAL-09016,14,11,flagged,2024-08-05,2024-08-08
DEAL-09017,14,14,approved,2024-03-14,2024-03-19
DEAL-09018,20,16,flagged,2025-07-02,2025-07-05
DEAL-09019,19,19,approved,2024-04-08,2024-04-13
DEAL-09020,9,9,approved,2024-11-15,2024-11-20
DEAL-09021,20,9,pending,2024-05-27,2024-06-02
DEAL-09022,17,17,approved,2025-09-10,2025-09-12
DEAL-09023,19,19,approved,2025-06-10,2025-06-14
DEAL-09024,14,1,flagged,2026-04-10,2026-04-18
DEAL-09025,17,17,approved,2024-12-16,2024-12-17
DEAL-09026,19,19,approved,2024-08-31,2024-09-04
DEAL-09027,18,18,approved,2026-05-12,2026-05-16
DEAL-09028,9,4,pending,2024-06-28,2024-06-30
DEAL-09029,9,3,flagged,2024-05-18,2024-06-01
DEAL-09030,14,10,approved,2025-10-09,2025-10-11
DEAL-09031,17,6,pending,2024-03-25,2024-04-05
DEAL-09032,12,6,pending,2025-01-14,2025-01-25
DEAL-09033,16,16,approved,2025-10-31,2025-11-02
DEAL-09034,12,8,flagged,2025-01-17,2025-01-21
DEAL-09035,14,14,approved,2024-05-10,2024-05-11
DEAL-09036,15,15,approved,2025-04-25,2025-04-30
DEAL-09037,15,15,approved,2024-06-28,2024-07-03
DEAL-09038,14,14,approved,2024-04-21,2024-04-24
DEAL-09039,9,9,approved,2026-02-09,2026-02-10
DEAL-09040,14,0,pending,,
DEAL-09041,20,8,flagged,2024-11-12,2024-11-19
DEAL-09042,18,18,approved,2025-11-21,2025-11-22
DEAL-09043,20,6,flagged,2024-04-14,2024-04-16
DEAL-09044,11,7,pending,2025-08-24,2025-08-30
DEAL-09045,14,14,approved,2026-03-26,2026-03-31
DEAL-09046,9,9,approved,2025-10-01,2025-10-06
DEAL-09047,12,12,approved,2025-04-23,2025-04-27
DEAL-09048,17,8,approved,2024-05-28,2024-06-01
DEAL-09049,18,2,pending,2025-12-25,2026-01-05
DEAL-09050,16,4,pending,2024-06-14,2024-06-20
DEAL-09051,20,20,approved,2026-05-15,2026-05-18
DEAL-09052,8,0,pending,2024-11-02,
DEAL-09053,10,5,flagged,2025-04-18,2025-05-01
DEAL-09054,16,2,flagged,2026-03-03,2026-03-07
DEAL-09055,20,20,approved,2025-02-28,2025-03-05
DEAL-09056,14,14,approved,2025-01-25,2025-01-30
DEAL-09057,12,12,approved,2025-06-13,2025-06-18
DEAL-09058,15,15,approved,2026-02-10,2026-02-12
DEAL-09059,19,19,approved,2025-07-22,2025-07-23
DEAL-09060,19,19,approved,2025-07-28,2025-07-30
DEAL-09061,19,19,approved,2025-09-25,2025-09-27
DEAL-09062,13,13,approved,2026-03-05,2026-03-07
DEAL-09063,17,0,approved,2026-03-22,
DEAL-09064,12,1,approved,2026-02-02,2026-02-15
DEAL-09065,9,9,approved,2025-07-09,2025-07-14
DEAL-09066,14,14,approved,2024-11-04,2024-11-05
DEAL-09067,19,19,pending,2024-10-12,2024-10-16
DEAL-09068,17,7,flagged,2025-10-07,2025-10-13
DEAL-09069,19,8,flagged,2025-05-04,2025-05-09
DEAL-09070,17,3,pending,2025-05-30,2025-06-11
DEAL-09071,20,20,approved,2025-07-01,2025-07-06
DEAL-09072,18,11,pending,2026-05-06,2026-05-19
DEAL-09073,20,20,approved,2025-11-06,2025-11-07
DEAL-09074,9,9,approved,2025-04-10,2025-04-12
DEAL-09075,8,8,approved,2024-08-26,2024-08-30
DEAL-09076,15,15,approved,2024-04-11,2024-04-12
DEAL-09077,12,2,pending,2025-07-11,2025-07-24
DEAL-09078,8,8,approved,2025-03-08,2025-03-10
DEAL-09079,19,19,approved,2025-09-12,2025-09-13
DEAL-09080,14,14,approved,2025-08-10,2025-08-13
DEAL-09081,12,8,flagged,2025-01-30,2025-02-06
DEAL-09082,14,12,flagged,2025-10-02,2025-10-03
DEAL-09083,14,14,approved,2024-10-22,2024-10-23
DEAL-09084,13,9,approved,2024-12-29,2025-01-06
DEAL-09085,11,11,approved,2025-12-25,2025-12-27
DEAL-09086,18,18,approved,2025-11-25,2025-11-26
DEAL-09087,16,16,approved,2024-08-17,2024-08-19
DEAL-09088,14,14,approved,2024-06-07,2024-06-11
DEAL-09089,18,18,approved,2025-08-02,2025-08-05
DEAL-09090,14,14,approved,2025-08-15,2025-08-18
DEAL-09091,15,15,approved,2025-03-08,2025-03-10
DEAL-09092,11,11,approved,2024-08-07,2024-08-09
DEAL-09093,12,12,approved,2024-06-13,2024-06-14
DEAL-09094,15,12,pending,2025-09-15,2025-09-18
DEAL-09095,13,13,approved,2025-11-25,2025-11-28
DEAL-09096,8,4,pending,2024-04-15,2024-04-24
DEAL-09097,15,15,approved,2025-12-07,2025-12-11
DEAL-09098,20,20,approved,2025-02-26,2025-02-27
DEAL-09099,19,19,approved,2025-04-15,2025-04-17
DEAL-09100,13,13,approved,2025-10-22,2025-10-27
DEAL-09101,17,17,approved,2026-03-29,2026-04-02
DEAL-09102,9,9,approved,2025-01-04,2025-01-05
DEAL-09103,11,11,approved,2025-07-26,2025-07-30
DEAL-09104,17,17,approved,2026-03-29,2026-03-30
DEAL-09105,15,15,approved,2025-08-22,2025-08-27
DEAL-09106,9,9,approved,2025-03-19,2025-03-20
DEAL-09107,17,17,approved,2025-01-07,2025-01-08
DEAL-09108,8,3,pending,2026-01-08,2026-01-22
DEAL-09109,10,2,pending,2026-02-05,2026-02-11
DEAL-09110,20,20,approved,2024-09-12,2024-09-16
DEAL-09111,13,8,flagged,2026-02-14,2026-02-17
DEAL-09112,9,9,approved,2026-01-01,2026-01-04
DEAL-09113,10,10,approved,2026-02-27,2026-03-03
DEAL-09114,17,15,flagged,,
DEAL-09115,14,14,approved,2025-07-04,2025-07-09
DEAL-09116,16,16,approved,2026-04-17,2026-04-18
DEAL-09117,15,9,flagged,,
DEAL-09118,8,8,approved,2024-01-25,2024-01-27
DEAL-09119,10,10,approved,2024-05-13,2024-05-15
DEAL-09120,10,10,approved,2025-08-15,2025-08-18
DEAL-09121,8,8,approved,2024-07-23,2024-07-26
DEAL-09122,13,13,approved,2025-10-07,2025-10-11
DEAL-09123,11,11,approved,2024-08-24,2024-08-29
DEAL-09124,20,15,pending,2025-08-27,2025-09-08
DEAL-09125,9,8,approved,2024-12-13,2024-12-18
DEAL-09126,18,18,approved,2025-02-10,2025-02-14
DEAL-09127,19,19,approved,2024-08-20,2024-08-21
DEAL-09128,18,6,approved,2026-04-14,2026-04-28
DEAL-09129,17,17,approved,2026-02-27,2026-03-03
DEAL-09130,8,3,flagged,2024-03-18,2024-03-23
DEAL-09131,8,8,pending,2025-08-04,2025-08-06
DEAL-09132,14,14,approved,2026-02-27,2026-03-02
DEAL-09133,17,17,approved,2024-10-09,2024-10-10
DEAL-09134,20,20,approved,2026-01-06,2026-01-08
DEAL-09135,19,14,flagged,2025-11-19,2025-11-24
DEAL-09136,8,8,approved,2026-03-30,2026-04-03
DEAL-09137,12,12,approved,2024-05-07,2024-05-10
DEAL-09138,19,19,approved,2025-10-08,2025-10-10
DEAL-09139,8,8,approved,2026-03-19,2026-03-22
DEAL-09140,18,18,approved,2024-10-08,2024-10-09
DEAL-09141,9,9,approved,2025-04-05,2025-04-10
DEAL-09142,12,12,approved,2024-02-16,2024-02-19
DEAL-09143,8,5,flagged,2026-04-19,2026-05-01
DEAL-09144,9,5,pending,2025-11-22,2025-12-05
DEAL-09145,9,9,approved,2025-12-05,2025-12-06
DEAL-09146,19,12,flagged,2025-06-02,2025-06-15
DEAL-09147,9,9,approved,2024-05-22,2024-05-26
DEAL-09148,18,18,approved,2025-12-16,2025-12-20
DEAL-09149,8,8,approved,2025-01-15,2025-01-19
DEAL-09150,12,12,approved,2024-07-29,2024-08-03
DEAL-09151,18,18,approved,2026-03-16,2026-03-18
DEAL-09152,18,18,approved,2025-04-06,2025-04-11
DEAL-09153,12,12,approved,2026-04-07,2026-04-08
DEAL-09154,13,13,approved,2025-05-21,2025-05-25
DEAL-09155,11,11,approved,2024-08-04,2024-08-06
DEAL-09156,10,8,pending,2026-04-25,2026-04-30
DEAL-09157,20,20,approved,2025-05-02,2025-05-03
DEAL-09158,11,7,approved,2026-04-23,2026-05-01
DEAL-09159,9,9,approved,2025-10-20,2025-10-25
DEAL-09160,10,10,approved,2026-02-26,2026-03-03
DEAL-09161,17,17,approved,2025-06-10,2025-06-14
DEAL-09162,9,5,pending,2025-07-03,2025-07-17
DEAL-09163,19,10,flagged,2026-03-03,2026-03-13
DEAL-09164,18,18,approved,2026-05-07,2026-05-11
DEAL-09165,10,9,pending,2025-01-07,2025-01-10
DEAL-09166,16,3,pending,2025-05-16,2025-05-23
DEAL-09167,12,10,flagged,2025-09-09,2025-09-13
DEAL-09168,17,4,approved,2026-02-26,2026-02-28
DEAL-09169,8,8,approved,2026-05-05,2026-05-09
DEAL-09170,8,8,pending,,
DEAL-09171,11,2,pending,2024-11-01,2024-11-07
DEAL-09172,12,1,pending,2026-03-27,2026-03-31
DEAL-09173,20,20,approved,2024-02-24,2024-02-28
DEAL-09174,9,9,approved,2024-08-05,2024-08-07
DEAL-09175,19,19,approved,2024-05-31,2024-06-04
DEAL-09176,17,13,flagged,2026-04-05,2026-04-10
DEAL-09177,13,13,approved,2025-12-05,2025-12-06
DEAL-09178,12,12,approved,2026-03-18,2026-03-20
DEAL-09179,12,3,approved,2026-05-21,2026-05-28
DEAL-09180,15,11,flagged,2025-06-30,2025-07-06
DEAL-09181,8,8,approved,2024-08-03,2024-08-08
DEAL-09182,15,15,approved,2024-08-28,2024-08-30
DEAL-09183,10,10,approved,2024-08-31,2024-09-01
DEAL-09184,13,13,approved,2025-08-18,2025-08-19
DEAL-09185,14,14,approved,2024-10-25,2024-10-29
DEAL-09186,10,10,flagged,2026-02-23,2026-02-27
DEAL-09187,10,10,approved,2026-03-05,2026-03-08
DEAL-09188,10,10,approved,2025-09-09,2025-09-12
DEAL-09189,19,9,pending,2025-06-28,2025-07-04
DEAL-09190,18,18,approved,2026-01-20,2026-01-23
DEAL-09191,8,8,approved,2024-11-25,2024-11-29
DEAL-09192,11,11,approved,2025-08-06,2025-08-11
DEAL-09193,14,14,approved,2026-02-28,2026-03-01
DEAL-09194,16,16,approved,2025-03-13,2025-03-17
DEAL-09195,10,6,pending,2025-09-22,2025-10-05
DEAL-09196,9,8,pending,2025-09-15,2025-09-18
DEAL-09197,19,13,pending,2024-08-31,2024-09-03
DEAL-09198,12,12,approved,2025-06-04,2025-06-05
DEAL-09199,15,15,approved,2025-06-29,2025-07-02
DEAL-09200,15,15,approved,2026-02-25,2026-02-28
DEAL-09201,10,2,flagged,2026-03-28,2026-04-08
DEAL-09202,8,8,approved,2025-08-26,2025-08-27
DEAL-09203,11,11,approved,2025-07-11,2025-07-15
DEAL-09204,8,8,approved,2025-12-09,2025-12-14
DEAL-09205,19,19,pending,,
DEAL-09206,12,12,approved,2024-08-24,2024-08-29
DEAL-09207,18,18,approved,2024-03-31,2024-04-01
DEAL-09208,18,18,approved,2024-06-07,2024-06-09
DEAL-09209,10,6,flagged,2025-06-14,2025-06-25
DEAL-09210,18,18,approved,2026-04-06,2026-04-10
DEAL-09211,13,2,flagged,,
DEAL-09212,10,10,approved,2025-11-21,2025-11-22
DEAL-09213,13,13,approved,2025-08-05,2025-08-09
DEAL-09214,12,12,approved,2026-05-07,2026-05-11
DEAL-09215,8,8,approved,2025-12-29,2026-01-03
DEAL-09216,11,11,approved,2024-04-01,2024-04-03
DEAL-09217,17,4,pending,2024-04-24,2024-05-07
DEAL-09218,9,6,approved,2025-04-10,2025-04-21
DEAL-09219,13,13,approved,2025-01-25,2025-01-27
DEAL-09220,17,17,approved,2025-07-27,2025-07-30
DEAL-09221,19,11,flagged,2025-08-04,2025-08-18
DEAL-09222,16,16,approved,2025-12-02,2025-12-07
DEAL-09223,20,20,approved,2025-08-11,2025-08-13
DEAL-09224,15,7,pending,2026-03-03,2026-03-11
DEAL-09225,19,19,approved,2026-02-14,2026-02-16
DEAL-09226,11,11,approved,2024-02-22,2024-02-24
DEAL-09227,15,15,approved,2024-10-18,2024-10-19
DEAL-09228,20,20,approved,2025-10-15,2025-10-19
DEAL-09229,14,4,approved,2026-05-14,2026-05-20
DEAL-09230,13,13,approved,2025-05-21,2025-05-24
DEAL-09231,14,14,approved,2025-05-20,2025-05-21
DEAL-09232,9,9,approved,2026-04-27,2026-04-28
DEAL-09233,15,15,approved,2025-06-17,2025-06-21
DEAL-09234,20,20,approved,2026-01-15,2026-01-20
DEAL-09235,12,1,approved,2024-12-20,2024-12-28
DEAL-09236,13,13,approved,2025-07-21,2025-07-26
DEAL-09237,14,14,approved,2025-05-12,2025-05-17
DEAL-09238,11,11,approved,2024-04-27,2024-04-29
DEAL-09239,16,16,approved,2025-10-27,2025-11-01
DEAL-09240,13,13,approved,2026-04-13,2026-04-17
DEAL-09241,18,12,flagged,2024-02-11,2024-02-24
DEAL-09242,20,20,approved,2025-07-21,2025-07-23
DEAL-09243,8,8,approved,2024-08-03,2024-08-08
DEAL-09244,9,9,approved,2026-03-11,2026-03-16
DEAL-09245,16,16,approved,2025-07-20,2025-07-23
DEAL-09246,13,13,approved,2024-05-23,2024-05-25
DEAL-09247,19,6,approved,2025-11-26,2025-12-02
DEAL-09248,14,1,approved,2025-08-08,2025-08-21
DEAL-09249,8,8,approved,2024-08-13,2024-08-16
DEAL-09250,16,16,approved,2024-02-23,2024-02-25
DEAL-09251,18,18,approved,2024-05-03,2024-05-07
DEAL-09252,9,0,pending,,
DEAL-09253,18,18,approved,2025-01-27,2025-01-31
DEAL-09254,8,2,approved,2024-03-29,2024-04-07
DEAL-09255,15,10,flagged,2024-05-11,2024-05-25
DEAL-09256,10,6,flagged,2024-04-25,2024-05-04
DEAL-09257,12,6,pending,2025-02-03,2025-02-07
DEAL-09258,17,17,approved,2025-01-11,2025-01-12
DEAL-09259,19,19,approved,2024-07-23,2024-07-24
DEAL-09260,13,13,approved,2026-03-30,2026-04-03
DEAL-09261,9,9,approved,2024-10-05,2024-10-06
DEAL-09262,18,18,approved,2025-01-14,2025-01-19
DEAL-09263,10,4,flagged,2025-09-03,2025-09-06
DEAL-09264,14,14,approved,2026-04-09,2026-04-12
DEAL-09265,10,4,flagged,2026-04-28,2026-05-09
DEAL-09266,16,8,flagged,2024-06-20,2024-06-22
DEAL-09267,9,9,approved,2025-08-07,2025-08-12
DEAL-09268,13,13,approved,2025-02-23,2025-02-24
DEAL-09269,16,16,approved,2025-06-18,2025-06-20
DEAL-09270,11,11,approved,2024-06-12,2024-06-17
DEAL-09271,12,12,approved,2024-07-23,2024-07-25
DEAL-09272,15,15,approved,2026-04-09,2026-04-12
DEAL-09273,10,10,approved,2025-05-25,2025-05-28
DEAL-09274,9,9,approved,2025-10-05,2025-10-07
DEAL-09275,11,11,approved,2024-04-25,2024-04-26
DEAL-09276,15,7,flagged,2025-03-30,2025-04-12
DEAL-09277,16,9,flagged,2024-07-23,2024-08-03
DEAL-09278,11,11,approved,2025-04-10,2025-04-11
DEAL-09279,18,18,approved,2026-03-23,2026-03-28
DEAL-09280,11,11,approved,2026-03-13,2026-03-14
DEAL-09281,19,19,approved,2024-05-14,2024-05-15
DEAL-09282,15,15,approved,2024-04-17,2024-04-21
DEAL-09283,10,10,approved,2024-03-20,2024-03-23
DEAL-09284,16,16,approved,2026-05-04,2026-05-06
DEAL-09285,17,17,approved,2025-12-31,2026-01-05
DEAL-09286,9,9,approved,2024-04-23,2024-04-26
DEAL-09287,13,13,approved,2024-11-03,2024-11-08
DEAL-09288,12,7,pending,2024-05-06,2024-05-19
DEAL-09289,12,0,pending,2026-04-30,
DEAL-09290,14,14,approved,2026-03-21,2026-03-24
DEAL-09291,18,10,pending,2025-04-22,2025-04-24
DEAL-09292,15,8,flagged,2024-12-14,2024-12-20
DEAL-09293,17,8,flagged,2025-07-14,2025-07-25
DEAL-09294,15,15,approved,2026-05-03,2026-05-05
DEAL-09295,17,17,approved,2024-10-24,2024-10-26
DEAL-09296,14,14,approved,2024-12-06,2024-12-07
DEAL-09297,12,12,approved,2025-06-24,2025-06-27
DEAL-09298,20,20,approved,2025-09-13,2025-09-17
DEAL-09299,14,6,pending,2026-04-27,2026-05-09
DEAL-09300,8,6,approved,2026-04-26,2026-05-04
DEAL-09301,9,9,approved,2024-04-20,2024-04-22
DEAL-09302,12,12,approved,2024-09-07,2024-09-10
DEAL-09303,9,9,approved,2025-06-19,2025-06-23
DEAL-09304,15,15,approved,2025-01-21,2025-01-24
DEAL-09305,13,13,approved,2024-04-13,2024-04-16
DEAL-09306,17,17,approved,2024-11-23,2024-11-27
DEAL-09307,20,20,approved,2025-06-15,2025-06-16
DEAL-09308,14,14,approved,2024-06-16,2024-06-20
DEAL-09309,10,9,approved,2025-08-13,2025-08-18
DEAL-09310,19,19,approved,2024-08-08,2024-08-11
DEAL-09311,19,8,pending,2026-04-05,2026-04-07
DEAL-09312,15,5,pending,2026-04-18,2026-04-20
DEAL-09313,15,15,approved,2025-11-26,2025-11-28
DEAL-09314,13,13,approved,2026-04-23,2026-04-25
DEAL-09315,9,9,approved,2024-05-24,2024-05-29
DEAL-09316,11,11,approved,2025-08-07,2025-08-09
DEAL-09317,14,3,flagged,2025-12-15,2025-12-24
DEAL-09318,19,19,approved,2024-04-07,2024-04-08
DEAL-09319,8,8,approved,2024-11-27,2024-12-02
DEAL-09320,19,19,approved,2025-08-23,2025-08-28
DEAL-09321,18,15,pending,,
DEAL-09322,17,17,approved,2026-02-27,2026-03-04
DEAL-09323,15,15,approved,2025-10-03,2025-10-07
DEAL-09324,12,12,approved,2024-12-12,2024-12-13
DEAL-09325,15,15,approved,2025-08-17,2025-08-21
DEAL-09326,17,17,approved,2026-03-19,2026-03-20
DEAL-09327,8,8,approved,2024-08-25,2024-08-26
DEAL-09328,18,18,approved,2025-03-12,2025-03-15
DEAL-09329,19,19,approved,2024-09-15,2024-09-19
DEAL-09330,12,9,pending,2024-07-13,2024-07-22
DEAL-09331,14,14,approved,2024-10-04,2024-10-07
DEAL-09332,20,20,approved,2025-03-20,2025-03-23
DEAL-09333,10,10,approved,2025-10-07,2025-10-10
DEAL-09334,20,20,approved,2026-05-20,2026-05-24
DEAL-09335,15,15,approved,2026-04-13,2026-04-16
DEAL-09336,16,16,approved,2026-04-07,2026-04-11
DEAL-09337,13,13,approved,2024-06-26,2024-07-01
DEAL-09338,14,3,flagged,2026-03-23,2026-04-05
DEAL-09339,11,11,approved,2024-02-05,2024-02-10
DEAL-09340,12,5,pending,2026-01-01,2026-01-15
DEAL-09341,9,0,pending,2024-09-17,
DEAL-09342,17,4,flagged,2024-05-21,2024-05-29
DEAL-09343,10,3,flagged,2024-12-28,2025-01-08
DEAL-09344,9,9,approved,2024-04-28,2024-05-03
DEAL-09345,11,6,pending,2025-10-27,2025-11-08
DEAL-09346,14,14,approved,2024-07-25,2024-07-26
DEAL-09347,15,15,approved,2026-03-17,2026-03-20
DEAL-09348,20,15,approved,2024-08-01,2024-08-03
DEAL-09349,10,10,approved,2024-05-01,2024-05-04
DEAL-09350,19,19,approved,2026-04-20,2026-04-25
DEAL-09351,15,15,approved,2025-09-19,2025-09-23
DEAL-09352,10,5,flagged,2024-11-30,2024-12-09
DEAL-09353,17,17,approved,2025-06-02,2025-06-06
DEAL-09354,17,8,approved,,
DEAL-09355,9,9,approved,2024-08-03,2024-08-06
DEAL-09356,10,3,approved,2024-07-03,2024-07-12
DEAL-09357,17,17,approved,2025-11-07,2025-11-12
DEAL-09358,16,16,approved,2026-04-07,2026-04-12
DEAL-09359,19,19,approved,2024-04-29,2024-05-01
DEAL-09360,8,8,approved,2024-07-31,2024-08-03
DEAL-09361,10,10,approved,2024-05-06,2024-05-09
DEAL-09362,16,16,approved,2025-04-07,2025-04-12
DEAL-09363,12,12,approved,2025-05-22,2025-05-26
DEAL-09364,8,6,flagged,2024-06-09,2024-06-16
DEAL-09365,18,18,approved,2024-04-25,2024-04-27
DEAL-09366,11,11,approved,2026-04-19,2026-04-20
DEAL-09367,13,13,approved,2026-04-26,2026-05-01
DEAL-09368,9,6,approved,2025-10-28,2025-11-09
DEAL-09369,20,20,approved,2025-04-23,2025-04-27
DEAL-09370,20,20,approved,2024-04-14,2024-04-18
DEAL-09371,18,18,approved,2025-10-22,2025-10-23
DEAL-09372,18,13,pending,2025-04-21,2025-04-28
DEAL-09373,14,12,approved,2024-07-21,2024-07-25
DEAL-09374,18,18,approved,2024-03-25,2024-03-28
DEAL-09375,20,20,approved,2024-03-26,2024-03-27
DEAL-09376,8,8,approved,2024-05-03,2024-05-06
DEAL-09377,8,2,pending,2025-07-25,2025-07-28
DEAL-09378,17,17,approved,2024-02-15,2024-02-19
DEAL-09379,16,16,approved,2026-03-07,2026-03-09
DEAL-09380,15,15,approved,2025-07-16,2025-07-20
DEAL-09381,19,19,approved,2026-02-27,2026-03-03
DEAL-09382,16,16,approved,2025-04-06,2025-04-08
DEAL-09383,18,18,approved,2024-01-27,2024-02-01
DEAL-09384,13,13,approved,2026-04-17,2026-04-19
DEAL-09385,17,17,approved,2025-07-14,2025-07-16
DEAL-09386,18,18,approved,2024-11-25,2024-11-26
DEAL-09387,19,19,approved,2025-12-28,2026-01-02
DEAL-09388,8,8,approved,2025-05-20,2025-05-22
DEAL-09389,19,19,pending,2026-01-18,2026-01-19
DEAL-09390,19,19,approved,2026-01-14,2026-01-18
DEAL-09391,19,8,pending,2026-05-14,2026-05-19
DEAL-09392,20,12,flagged,2026-03-21,2026-03-24
DEAL-09393,17,17,approved,2025-11-17,2025-11-18
DEAL-09394,9,0,approved,2026-04-26,
DEAL-09395,10,10,approved,2024-08-30,2024-09-03
DEAL-09396,12,2,flagged,2024-05-31,2024-06-13
DEAL-09397,15,15,approved,2026-04-16,2026-04-19
DEAL-09398,19,19,approved,2026-03-11,2026-03-12
DEAL-09399,16,16,approved,2025-01-30,2025-02-02
DEAL-09400,20,20,approved,2026-01-22,2026-01-27
DEAL-09401,11,11,approved,2024-06-16,2024-06-20
DEAL-09402,14,14,approved,2026-05-16,2026-05-17
DEAL-09403,18,13,pending,2024-05-25,2024-05-31
DEAL-09404,17,17,approved,2024-08-23,2024-08-24
DEAL-09405,14,14,approved,2024-06-05,2024-06-08
DEAL-09406,8,5,pending,2025-05-15,2025-05-20
DEAL-09407,8,8,approved,2024-11-20,2024-11-24
DEAL-09408,8,3,pending,2026-03-27,2026-04-05
DEAL-09409,13,13,approved,2026-03-18,2026-03-22
DEAL-09410,18,18,approved,2026-05-16,2026-05-20
DEAL-09411,18,9,approved,2026-04-08,2026-04-17
DEAL-09412,15,15,flagged,2026-03-15,2026-03-20
DEAL-09413,19,9,flagged,2024-05-24,2024-06-06
DEAL-09414,14,3,flagged,,
DEAL-09415,20,20,approved,2025-06-21,2025-06-24
DEAL-09416,10,10,approved,2025-04-26,2025-04-28
DEAL-09417,20,3,flagged,2024-11-12,2024-11-23
DEAL-09418,16,16,approved,2024-05-27,2024-05-29
DEAL-09419,11,11,approved,2024-03-25,2024-03-29
DEAL-09420,16,5,approved,2026-04-08,2026-04-19
DEAL-09421,9,9,approved,2024-05-02,2024-05-03
DEAL-09422,16,6,pending,2025-06-19,2025-07-02
DEAL-09423,11,11,approved,2024-07-29,2024-08-01
DEAL-09424,18,9,approved,2025-01-30,2025-02-02
DEAL-09425,13,5,flagged,,
DEAL-09426,13,13,approved,2025-02-04,2025-02-05
DEAL-09427,14,14,approved,2024-08-11,2024-08-13
DEAL-09428,10,7,approved,2026-02-01,2026-02-03
DEAL-09429,19,10,approved,2025-04-27,2025-04-29
DEAL-09430,20,20,approved,2025-09-27,2025-09-28
DEAL-09431,11,11,approved,2026-04-23,2026-04-28
DEAL-09432,12,12,approved,2025-11-16,2025-11-21
DEAL-09433,18,18,approved,2024-12-13,2024-12-17
DEAL-09434,9,3,approved,2025-11-19,2025-11-25
DEAL-09435,19,19,approved,2024-04-04,2024-04-07
DEAL-09436,8,0,flagged,2025-09-30,
DEAL-09437,8,8,approved,2025-07-27,2025-07-29
DEAL-09438,8,8,approved,2025-05-06,2025-05-10
DEAL-09439,8,8,approved,2025-05-28,2025-06-02
DEAL-09440,8,8,approved,2026-02-14,2026-02-19
DEAL-09441,10,3,flagged,,
DEAL-09442,9,4,pending,2025-11-21,2025-11-29
DEAL-09443,12,12,approved,2026-01-01,2026-01-02
DEAL-09444,20,2,pending,2025-05-12,2025-05-19
DEAL-09445,10,7,pending,2025-05-18,2025-05-28
DEAL-09446,17,17,approved,2024-09-23,2024-09-27
DEAL-09447,8,3,pending,2024-07-23,2024-07-27
DEAL-09448,16,16,approved,2025-12-07,2025-12-11
DEAL-09449,8,5,flagged,2026-03-26,2026-04-05
DEAL-09450,15,15,approved,2025-11-17,2025-11-22
DEAL-09451,9,9,approved,2026-04-07,2026-04-09
DEAL-09452,19,1,flagged,2026-02-17,2026-03-01
DEAL-09453,8,6,flagged,2025-10-02,2025-10-04
DEAL-09454,10,10,approved,2025-07-08,2025-07-13
DEAL-09455,11,0,pending,2024-10-18,
DEAL-09456,14,4,flagged,2025-05-25,2025-06-06
DEAL-09457,14,14,approved,2025-11-01,2025-11-05
DEAL-09458,13,13,approved,2024-04-09,2024-04-11
DEAL-09459,9,7,flagged,2024-08-05,2024-08-14
DEAL-09460,17,12,approved,2025-06-09,2025-06-21
DEAL-09461,13,6,approved,2024-05-17,2024-05-21
DEAL-09462,14,14,approved,2024-06-19,2024-06-22
DEAL-09463,14,14,approved,2024-09-30,2024-10-05
DEAL-09464,16,4,pending,2026-05-21,2026-05-31
DEAL-09465,19,19,approved,2024-11-07,2024-11-12
DEAL-09466,20,20,approved,2024-07-05,2024-07-10
DEAL-09467,18,18,approved,2026-03-17,2026-03-21
DEAL-09468,15,15,approved,2025-07-28,2025-08-01
DEAL-09469,15,15,approved,2025-04-26,2025-05-01
DEAL-09470,15,15,approved,2024-11-05,2024-11-10
DEAL-09471,16,6,pending,2025-05-20,2025-05-31
DEAL-09472,11,11,approved,2025-07-21,2025-07-22
DEAL-09473,20,20,approved,2025-10-17,2025-10-21
DEAL-09474,19,19,approved,2026-05-08,2026-05-09
DEAL-09475,19,19,approved,2026-02-26,2026-03-03
DEAL-09476,20,20,approved,2025-05-31,2025-06-04
DEAL-09477,9,9,approved,2026-03-26,2026-03-31
DEAL-09478,13,9,flagged,2024-01-25,2024-02-04
DEAL-09479,19,19,approved,2024-02-16,2024-02-21
DEAL-09480,13,10,pending,2026-04-05,2026-04-17
DEAL-09481,12,4,pending,2025-02-02,2025-02-16
DEAL-09482,20,20,approved,2025-07-09,2025-07-11
DEAL-09483,11,11,approved,2026-03-26,2026-03-27
DEAL-09484,16,16,approved,2024-06-01,2024-06-06
DEAL-09485,14,7,flagged,,
DEAL-09486,11,5,approved,2024-07-17,2024-07-27
DEAL-09487,17,14,flagged,,
DEAL-09488,15,9,pending,2026-02-02,2026-02-10
DEAL-09489,14,14,approved,2024-07-09,2024-07-11
DEAL-09490,8,8,approved,2025-04-10,2025-04-15
DEAL-09491,17,17,approved,2026-04-13,2026-04-14
DEAL-09492,20,8,flagged,2025-08-30,2025-09-07
DEAL-09493,11,11,approved,2025-01-17,2025-01-21
DEAL-09494,9,9,approved,2024-12-18,2024-12-20
DEAL-09495,10,10,approved,2025-08-07,2025-08-12
DEAL-09496,20,2,pending,2024-09-04,2024-09-11
DEAL-09497,12,6,flagged,2025-02-07,2025-02-21
DEAL-09498,17,17,approved,2024-06-21,2024-06-22
DEAL-09499,11,8,flagged,2025-07-06,2025-07-16
DEAL-09500,20,20,approved,2025-07-04,2025-07-09
DEAL-09501,19,19,approved,2024-06-17,2024-06-21
DEAL-09502,12,12,approved,2025-07-29,2025-08-01
DEAL-09503,12,12,approved,2024-09-20,2024-09-21
DEAL-09504,13,8,pending,2024-03-13,2024-03-20
DEAL-09505,10,10,approved,2025-03-05,2025-03-06
DEAL-09506,18,4,approved,2026-03-03,2026-03-11
DEAL-09507,17,2,pending,2024-07-20,2024-07-27
DEAL-09508,14,8,approved,2025-09-14,2025-09-23
DEAL-09509,15,5,pending,2025-11-11,2025-11-21
DEAL-09510,10,6,flagged,2025-03-06,2025-03-12
DEAL-09511,14,14,approved,2025-02-25,2025-02-26
DEAL-09512,19,19,approved,2024-06-03,2024-06-08
DEAL-09513,19,19,approved,2025-12-14,2025-12-17
DEAL-09514,8,8,approved,2026-04-13,2026-04-14
DEAL-09515,9,9,approved,2024-06-18,2024-06-20
DEAL-09516,18,18,approved,2026-03-29,2026-04-01
DEAL-09517,20,10,flagged,2024-03-30,2024-04-03
DEAL-09518,8,8,approved,2024-11-01,2024-11-06
DEAL-09519,17,17,approved,2025-12-13,2025-12-18
DEAL-09520,15,15,approved,2024-11-10,2024-11-13
DEAL-09521,18,18,approved,2025-01-29,2025-02-02
DEAL-09522,15,15,approved,2025-01-08,2025-01-13
DEAL-09523,17,12,flagged,2026-04-25,2026-04-27
DEAL-09524,19,14,pending,2024-11-23,2024-12-05
DEAL-09525,13,13,approved,2025-02-03,2025-02-07
DEAL-09526,16,16,approved,2024-11-25,2024-11-28
DEAL-09527,17,17,approved,2026-01-01,2026-01-02
DEAL-09528,14,8,pending,2026-04-30,2026-05-14
DEAL-09529,19,19,approved,2025-11-01,2025-11-05
DEAL-09530,10,10,approved,2024-09-10,2024-09-11
DEAL-09531,11,11,approved,2024-04-24,2024-04-25
DEAL-09532,12,5,approved,2024-03-19,2024-04-01
DEAL-09533,14,14,approved,2024-10-05,2024-10-07
DEAL-09534,18,2,pending,2025-08-05,2025-08-08
DEAL-09535,14,14,approved,2024-03-30,2024-04-02
DEAL-09536,13,13,approved,2026-04-05,2026-04-09
DEAL-09537,10,6,flagged,2026-04-07,2026-04-19
DEAL-09538,8,8,approved,2026-04-14,2026-04-16
DEAL-09539,20,20,approved,2026-03-20,2026-03-24
DEAL-09540,18,18,approved,2024-03-01,2024-03-04
DEAL-09541,13,13,approved,2025-07-04,2025-07-06
DEAL-09542,14,14,approved,2025-09-03,2025-09-07
DEAL-09543,13,13,approved,2025-02-05,2025-02-06
DEAL-09544,18,18,approved,2024-05-02,2024-05-07
DEAL-09545,9,9,approved,2025-01-17,2025-01-20
DEAL-09546,14,14,approved,2024-04-24,2024-04-25
DEAL-09547,17,17,approved,2025-08-20,2025-08-25
DEAL-09548,15,15,approved,2024-06-19,2024-06-22
DEAL-09549,10,6,flagged,2026-05-07,2026-05-10
DEAL-09550,13,8,approved,2025-06-30,2025-07-05
DEAL-09551,12,8,approved,2024-04-05,2024-04-18
DEAL-09552,20,20,approved,2024-10-07,2024-10-11
DEAL-09553,15,15,approved,2024-10-09,2024-10-14
DEAL-09554,16,16,approved,2025-01-01,2025-01-02
DEAL-09555,12,12,approved,2024-08-27,2024-08-28
DEAL-09556,19,8,pending,2025-07-06,2025-07-08
DEAL-09557,12,12,approved,2026-04-29,2026-05-01
DEAL-09558,10,10,approved,2025-09-29,2025-09-30
DEAL-09559,14,9,pending,2026-04-11,2026-04-14
DEAL-09560,20,20,approved,2025-04-09,2025-04-11
DEAL-09561,20,20,approved,2025-04-04,2025-04-09
DEAL-09562,13,10,pending,2026-04-18,2026-05-02
DEAL-09563,20,20,approved,2026-05-18,2026-05-20
DEAL-09564,12,12,approved,2024-08-31,2024-09-02
DEAL-09565,13,13,approved,2025-12-30,2026-01-03
DEAL-09566,19,19,approved,2025-11-01,2025-11-06
DEAL-09567,16,13,pending,2024-08-25,2024-08-27
DEAL-09568,12,9,pending,2024-07-27,2024-07-29
DEAL-09569,10,10,approved,2024-06-22,2024-06-25
DEAL-09570,20,20,approved,2026-03-14,2026-03-15
DEAL-09571,8,8,approved,2025-01-19,2025-01-20
DEAL-09572,10,10,approved,2024-08-08,2024-08-10
DEAL-09573,8,8,approved,2025-10-13,2025-10-16
DEAL-09574,18,18,approved,2025-11-09,2025-11-11
DEAL-09575,10,10,approved,2024-06-19,2024-06-23
DEAL-09576,20,20,approved,2026-04-02,2026-04-03
DEAL-09577,11,11,approved,2024-08-02,2024-08-06
DEAL-09578,16,16,approved,2025-07-23,2025-07-25
DEAL-09579,16,5,pending,,
DEAL-09580,19,19,approved,2025-04-09,2025-04-11
DEAL-09581,9,4,flagged,2024-05-30,2024-06-09
DEAL-09582,20,20,approved,2024-11-27,2024-11-28
DEAL-09583,12,12,approved,2025-08-28,2025-08-31
DEAL-09584,12,12,approved,2024-05-20,2024-05-22
DEAL-09585,9,9,approved,2025-05-23,2025-05-26
DEAL-09586,17,2,pending,2024-07-09,2024-07-15
DEAL-09587,16,16,approved,2025-05-28,2025-05-30
DEAL-09588,19,4,pending,2024-07-21,2024-07-23
DEAL-09589,8,8,approved,2025-06-04,2025-06-07
DEAL-09590,9,9,approved,2024-08-28,2024-09-02
DEAL-09591,14,2,flagged,2026-03-15,2026-03-22
DEAL-09592,9,9,approved,2025-04-05,2025-04-09
DEAL-09593,14,1,approved,2024-09-23,2024-10-07
DEAL-09594,9,9,approved,2026-03-03,2026-03-04
DEAL-09595,20,20,approved,2024-06-22,2024-06-26
DEAL-09596,9,9,approved,2024-09-30,2024-10-01
DEAL-09597,12,12,approved,2024-11-13,2024-11-14
DEAL-09598,16,10,pending,,
DEAL-09599,11,11,approved,2025-05-03,2025-05-07
DEAL-09600,13,13,approved,2025-08-11,2025-08-12
DEAL-09601,18,18,approved,2025-12-07,2025-12-09
DEAL-09602,19,19,approved,2026-03-15,2026-03-17
DEAL-09603,18,15,flagged,2026-05-14,2026-05-16
DEAL-09604,13,7,flagged,2024-09-25,2024-10-03
DEAL-09605,12,12,approved,2026-03-10,2026-03-14
DEAL-09606,10,4,flagged,2025-02-06,2025-02-19
DEAL-09607,20,17,approved,2024-07-12,2024-07-17
DEAL-09608,8,2,approved,2025-02-27,2025-03-02
DEAL-09609,18,13,pending,2025-09-04,2025-09-06
DEAL-09610,13,13,approved,2025-07-31,2025-08-01
DEAL-09611,15,15,approved,2026-03-22,2026-03-24
DEAL-09612,14,14,approved,2025-09-24,2025-09-26
DEAL-09613,19,19,approved,2024-05-13,2024-05-14
DEAL-09614,20,20,approved,2024-05-18,2024-05-20
DEAL-09615,19,19,approved,2025-09-22,2025-09-26
DEAL-09616,20,11,pending,2024-12-25,2025-01-03
DEAL-09617,17,17,approved,2026-03-30,2026-03-31
DEAL-09618,11,11,approved,2026-04-25,2026-04-28
DEAL-09619,8,8,approved,2024-08-09,2024-08-14
DEAL-09620,9,9,approved,2025-04-23,2025-04-24
DEAL-09621,12,12,approved,2025-09-16,2025-09-17
DEAL-09622,13,13,approved,2026-03-31,2026-04-01
DEAL-09623,13,13,approved,2025-10-02,2025-10-07
DEAL-09624,14,8,pending,2024-12-17,2024-12-29
DEAL-09625,15,15,approved,2025-03-21,2025-03-22
DEAL-09626,17,17,approved,2024-09-05,2024-09-07
DEAL-09627,19,19,approved,2025-09-22,2025-09-27
DEAL-09628,16,16,approved,2025-09-03,2025-09-07
DEAL-09629,18,18,approved,2024-12-13,2024-12-15
DEAL-09630,16,7,pending,2025-10-30,2025-11-02
DEAL-09631,10,4,flagged,2024-04-14,2024-04-25
DEAL-09632,8,8,approved,2026-04-06,2026-04-10
DEAL-09633,18,18,approved,2025-08-15,2025-08-17
DEAL-09634,10,2,flagged,2025-02-15,2025-02-25
DEAL-09635,19,9,approved,2024-11-17,2024-12-01
DEAL-09636,16,16,approved,2024-04-12,2024-04-15
DEAL-09637,13,13,approved,2026-05-13,2026-05-16
DEAL-09638,8,5,approved,2025-06-14,2025-06-17
DEAL-09639,17,17,approved,2024-09-30,2024-10-03
DEAL-09640,9,9,approved,2025-06-29,2025-06-30
DEAL-09641,8,8,approved,2026-03-20,2026-03-23
DEAL-09642,12,12,approved,2024-10-23,2024-10-28
DEAL-09643,17,7,approved,2024-08-11,2024-08-15
DEAL-09644,8,8,approved,2024-09-17,2024-09-21
DEAL-09645,8,6,approved,2025-01-30,2025-02-10
DEAL-09646,13,5,pending,2025-10-05,2025-10-13
DEAL-09647,9,9,approved,2024-05-31,2024-06-01
DEAL-09648,12,12,approved,2025-02-04,2025-02-09
DEAL-09649,19,19,approved,2026-03-21,2026-03-23
DEAL-09650,16,16,approved,2025-06-06,2025-06-07
DEAL-09651,9,9,approved,2025-03-14,2025-03-17
DEAL-09652,8,8,approved,2025-10-20,2025-10-25
DEAL-09653,8,8,approved,2025-08-14,2025-08-15
DEAL-09654,9,1,pending,2024-07-08,2024-07-19
DEAL-09655,17,17,approved,2025-05-14,2025-05-18
DEAL-09656,13,13,approved,2024-11-18,2024-11-22
DEAL-09657,16,16,approved,2024-10-16,2024-10-20
DEAL-09658,14,14,pending,2024-10-01,2024-10-03
DEAL-09659,18,18,approved,2024-09-03,2024-09-08
DEAL-09660,20,20,approved,2024-07-25,2024-07-27
DEAL-09661,11,11,approved,2025-08-06,2025-08-08
DEAL-09662,10,10,approved,2026-01-23,2026-01-26
DEAL-09663,10,10,approved,2024-06-28,2024-07-03
DEAL-09664,18,15,approved,2025-05-15,2025-05-20
DEAL-09665,18,18,approved,2024-03-06,2024-03-11
DEAL-09666,13,3,flagged,2024-07-13,2024-07-17
DEAL-09667,20,20,approved,2025-05-07,2025-05-08
DEAL-09668,19,19,approved,2025-08-03,2025-08-07
DEAL-09669,14,8,pending,2024-03-20,2024-03-31
DEAL-09670,15,15,approved,2024-09-14,2024-09-19
DEAL-09671,20,20,approved,2024-12-28,2025-01-02
DEAL-09672,14,14,approved,2024-05-19,2024-05-24
DEAL-09673,11,0,pending,2025-07-23,
DEAL-09674,10,10,approved,2026-01-05,2026-01-07
DEAL-09675,9,5,pending,2025-11-20,2025-11-29
DEAL-09676,20,1,approved,2026-04-17,2026-04-29
DEAL-09677,15,15,approved,2025-10-01,2025-10-03
DEAL-09678,11,11,approved,2024-10-08,2024-10-13
DEAL-09679,13,13,approved,2025-05-19,2025-05-23
DEAL-09680,13,13,approved,2024-07-31,2024-08-03
DEAL-09681,17,3,flagged,2026-02-28,2026-03-12
DEAL-09682,8,8,approved,2024-05-16,2024-05-17
DEAL-09683,10,6,flagged,2024-07-07,2024-07-14
DEAL-09684,19,19,approved,2026-04-17,2026-04-21
DEAL-09685,11,11,approved,2024-10-07,2024-10-10
DEAL-09686,11,4,pending,2024-02-21,2024-02-24
DEAL-09687,8,2,flagged,2025-02-16,2025-02-28
DEAL-09688,8,8,approved,2026-02-18,2026-02-20
DEAL-09689,16,16,approved,2026-02-11,2026-02-16
DEAL-09690,19,19,approved,2024-08-14,2024-08-15
DEAL-09691,10,10,approved,2026-03-04,2026-03-06
DEAL-09692,13,13,approved,2025-05-30,2025-06-04
DEAL-09693,18,18,approved,2025-09-20,2025-09-22
DEAL-09694,17,17,approved,2024-11-24,2024-11-26
DEAL-09695,17,17,approved,2025-09-13,2025-09-16
DEAL-09696,19,19,approved,2025-07-16,2025-07-19
DEAL-09697,15,15,approved,2026-04-22,2026-04-27
DEAL-09698,8,8,approved,2025-05-27,2025-05-31
DEAL-09699,10,4,pending,2025-08-25,2025-08-27
DEAL-09700,11,11,approved,2026-02-11,2026-02-16
DEAL-09701,9,9,approved,2025-08-31,2025-09-05
DEAL-09702,13,13,approved,2025-07-26,2025-07-27
DEAL-09703,17,17,approved,2026-03-22,2026-03-27
DEAL-09704,12,12,approved,2026-03-26,2026-03-29
DEAL-09705,8,4,flagged,2024-06-09,2024-06-11
DEAL-09706,10,10,approved,2026-04-09,2026-04-11
DEAL-09707,14,11,approved,2024-12-20,2024-12-24
DEAL-09708,15,15,approved,2025-06-06,2025-06-07
DEAL-09709,19,19,approved,2024-02-26,2024-02-29
DEAL-09710,11,11,approved,2025-05-24,2025-05-27
DEAL-09711,11,8,flagged,2026-03-23,2026-04-02
DEAL-09712,15,3,pending,,
DEAL-09713,18,18,approved,2025-06-29,2025-07-03
DEAL-09714,9,9,approved,2024-04-19,2024-04-21
DEAL-09715,10,10,approved,2024-04-03,2024-04-05
DEAL-09716,8,8,approved,2024-09-25,2024-09-26
DEAL-09717,12,12,approved,2026-02-15,2026-02-20
DEAL-09718,12,8,approved,2024-12-05,2024-12-17
DEAL-09719,14,14,approved,2026-03-19,2026-03-20
DEAL-09720,20,20,approved,2025-06-10,2025-06-14
DEAL-09721,10,10,approved,2025-02-09,2025-02-11
DEAL-09722,15,15,approved,2025-04-19,2025-04-22
DEAL-09723,8,3,flagged,2026-01-12,2026-01-21
DEAL-09724,16,16,approved,2025-11-03,2025-11-06
DEAL-09725,15,8,flagged,2025-05-31,2025-06-03
DEAL-09726,12,12,approved,2026-02-25,2026-02-27
DEAL-09727,11,11,pending,2024-12-09,2024-12-13
DEAL-09728,15,15,approved,2026-05-17,2026-05-22
DEAL-09729,13,13,approved,2026-03-03,2026-03-07
DEAL-09730,10,10,approved,2025-08-15,2025-08-16
DEAL-09731,12,12,approved,2024-06-05,2024-06-06
DEAL-09732,15,15,approved,2025-02-06,2025-02-09
DEAL-09733,17,17,approved,2024-10-16,2024-10-18
DEAL-09734,15,15,approved,2026-04-24,2026-04-26
DEAL-09735,20,20,approved,2025-07-13,2025-07-14
DEAL-09736,19,19,approved,2025-02-13,2025-02-17
DEAL-09737,12,12,approved,2024-11-08,2024-11-10
DEAL-09738,20,16,approved,2026-05-09,2026-05-12
DEAL-09739,13,13,approved,2024-07-10,2024-07-15
DEAL-09740,8,8,flagged,,
DEAL-09741,9,5,flagged,2024-04-14,2024-04-24
DEAL-09742,16,16,approved,2024-04-16,2024-04-21
DEAL-09743,16,16,approved,2026-03-22,2026-03-26
DEAL-09744,10,10,approved,2025-11-06,2025-11-07
DEAL-09745,16,16,approved,2026-04-27,2026-05-01
DEAL-09746,16,0,flagged,2025-12-26,
DEAL-09747,9,9,approved,2024-10-30,2024-11-02
DEAL-09748,9,9,approved,2024-03-28,2024-03-30
DEAL-09749,17,17,approved,2025-06-29,2025-07-04
DEAL-09750,13,13,approved,2025-02-23,2025-02-26
DEAL-09751,9,9,approved,2024-03-01,2024-03-04
DEAL-09752,16,16,approved,2025-11-23,2025-11-27
DEAL-09753,18,18,approved,2026-03-08,2026-03-10
DEAL-09754,14,4,flagged,,
DEAL-09755,15,15,approved,2024-09-21,2024-09-24
DEAL-09756,15,13,approved,2025-08-01,2025-08-05
DEAL-09757,17,17,approved,2026-04-29,2026-05-03
DEAL-09758,12,3,flagged,2025-01-29,2025-02-11
DEAL-09759,19,6,flagged,2025-11-20,2025-11-23
DEAL-09760,16,16,approved,2024-12-20,2024-12-24
DEAL-09761,13,7,flagged,2026-02-25,2026-03-04
DEAL-09762,16,16,approved,2025-01-04,2025-01-08
DEAL-09763,13,13,approved,2024-03-30,2024-04-02
DEAL-09764,10,10,approved,2025-10-01,2025-10-02
DEAL-09765,10,10,approved,2025-08-14,2025-08-17
DEAL-09766,19,19,approved,2026-03-20,2026-03-23
DEAL-09767,11,11,approved,2024-09-08,2024-09-12
DEAL-09768,17,9,pending,2024-03-01,2024-03-05
DEAL-09769,15,8,flagged,2025-10-21,2025-10-24
DEAL-09770,14,5,approved,2025-10-16,2025-10-19
DEAL-09771,15,15,approved,2024-06-16,2024-06-19
DEAL-09772,20,20,approved,2025-04-28,2025-05-03
DEAL-09773,16,15,flagged,2024-03-16,2024-03-20
DEAL-09774,14,14,approved,2026-04-03,2026-04-07
DEAL-09775,17,17,approved,2025-05-14,2025-05-17
DEAL-09776,10,10,approved,2024-05-03,2024-05-05
DEAL-09777,10,4,flagged,2024-08-22,2024-09-05
DEAL-09778,8,8,approved,2025-07-15,2025-07-16
DEAL-09779,16,16,approved,2024-12-30,2025-01-04
DEAL-09780,12,6,pending,2026-04-19,2026-04-27
DEAL-09781,18,18,approved,2025-11-26,2025-12-01
DEAL-09782,12,12,approved,2025-11-16,2025-11-18
DEAL-09783,17,17,approved,2026-04-19,2026-04-23
DEAL-09784,16,16,approved,2024-02-07,2024-02-10
DEAL-09785,12,12,approved,2024-08-17,2024-08-22
DEAL-09786,18,18,approved,2025-06-06,2025-06-10
DEAL-09787,8,8,approved,2025-02-08,2025-02-11
DEAL-09788,11,11,approved,2025-10-11,2025-10-13
DEAL-09789,17,11,flagged,2024-04-09,2024-04-11
DEAL-09790,16,5,approved,2024-02-28,2024-03-07
DEAL-09791,9,9,approved,2024-06-14,2024-06-16
DEAL-09792,19,19,approved,2025-06-03,2025-06-07
DEAL-09793,12,1,approved,,
DEAL-09794,11,11,approved,2025-03-23,2025-03-28
DEAL-09795,12,12,approved,2026-05-17,2026-05-22
DEAL-09796,9,1,pending,2024-04-02,2024-04-11
DEAL-09797,13,13,approved,2024-03-14,2024-03-16
DEAL-09798,13,13,approved,2024-09-10,2024-09-11
DEAL-09799,19,19,approved,2025-10-04,2025-10-07
DEAL-09800,20,20,approved,2026-01-12,2026-01-15
DEAL-09801,14,14,approved,2026-02-27,2026-02-28
DEAL-09802,9,1,flagged,2024-11-13,2024-11-18
DEAL-09803,9,4,pending,2025-07-17,2025-07-24
DEAL-09804,16,15,approved,2025-12-20,2025-12-23
DEAL-09805,11,11,approved,2025-06-26,2025-06-30
DEAL-09806,14,2,flagged,2026-04-22,2026-04-25
DEAL-09807,16,16,approved,2024-08-09,2024-08-14
DEAL-09808,18,18,approved,2026-03-06,2026-03-10
DEAL-09809,20,20,approved,2025-09-17,2025-09-22
DEAL-09810,9,9,approved,2025-06-05,2025-06-06
DEAL-09811,19,19,approved,2026-05-17,2026-05-20
DEAL-09812,12,12,approved,2026-01-31,2026-02-03
DEAL-09813,18,18,approved,2024-06-20,2024-06-24
DEAL-09814,12,12,approved,2025-03-15,2025-03-19
DEAL-09815,17,6,flagged,2026-04-16,2026-04-28
DEAL-09816,15,0,pending,,
DEAL-09817,19,14,approved,2026-04-25,2026-05-08
DEAL-09818,13,13,approved,2025-04-10,2025-04-11
DEAL-09819,15,15,approved,2025-01-02,2025-01-07
DEAL-09820,20,20,approved,2024-11-12,2024-11-15
DEAL-09821,20,20,approved,2024-03-29,2024-04-03
DEAL-09822,13,13,approved,2025-12-15,2025-12-20
DEAL-09823,16,16,approved,2024-12-27,2024-12-29
DEAL-09824,15,15,approved,2025-09-24,2025-09-25
DEAL-09825,10,10,approved,2025-01-28,2025-01-31
DEAL-09826,12,12,approved,2025-12-31,2026-01-03
DEAL-09827,8,8,flagged,2025-07-13,2025-07-17
DEAL-09828,10,2,approved,,
DEAL-09829,8,3,approved,2026-03-14,2026-03-18
DEAL-09830,11,11,approved,2026-05-15,2026-05-19
DEAL-09831,19,19,approved,2026-04-11,2026-04-14
DEAL-09832,17,17,approved,2025-08-02,2025-08-07
DEAL-09833,9,9,pending,2025-06-17,2025-06-22
DEAL-09834,16,10,pending,2025-05-04,2025-05-08
DEAL-09835,11,11,approved,2024-11-28,2024-11-29
DEAL-09836,18,15,pending,2026-03-26,2026-03-29
DEAL-09837,20,20,approved,2024-07-04,2024-07-07
DEAL-09838,8,2,flagged,2025-03-04,2025-03-13
DEAL-09839,10,10,approved,2024-05-21,2024-05-25
DEAL-09840,16,16,approved,2024-12-22,2024-12-24
DEAL-09841,8,2,pending,2026-03-02,2026-03-07
DEAL-09842,15,15,approved,2025-05-08,2025-05-12
DEAL-09843,18,18,approved,2026-05-02,2026-05-04
DEAL-09844,14,9,pending,2025-02-22,2025-02-24
DEAL-09845,15,0,pending,2024-12-16,
DEAL-09846,20,20,approved,2024-06-27,2024-06-28
DEAL-09847,17,17,approved,2026-05-21,2026-05-24
DEAL-09848,12,12,approved,2024-11-02,2024-11-05
DEAL-09849,11,1,flagged,,
DEAL-09850,8,8,approved,2024-04-03,2024-04-07
DEAL-09851,15,15,approved,2025-01-17,2025-01-18
DEAL-09852,12,12,approved,2026-02-03,2026-02-07
DEAL-09853,18,18,approved,2026-04-28,2026-05-03
DEAL-09854,14,5,pending,2025-06-27,2025-07-06
DEAL-09855,11,11,approved,2024-06-14,2024-06-19
DEAL-09856,11,11,approved,2026-01-21,2026-01-22
DEAL-09857,19,10,approved,2025-01-11,2025-01-15
DEAL-09858,18,18,flagged,2024-09-14,2024-09-18
DEAL-09859,8,8,approved,2025-08-30,2025-09-03
DEAL-09860,17,14,flagged,2025-03-24,2025-03-25
DEAL-09861,20,11,approved,2026-02-25,2026-03-04
DEAL-09862,18,18,approved,2024-09-22,2024-09-23
DEAL-09863,17,16,approved,2025-10-29,2025-10-31
DEAL-09864,17,17,approved,2025-05-27,2025-05-28
DEAL-09865,8,8,approved,2024-04-03,2024-04-06
DEAL-09866,14,14,approved,2026-03-07,2026-03-08
DEAL-09867,14,14,approved,2026-04-14,2026-04-17
DEAL-09868,10,10,approved,2025-07-12,2025-07-16
DEAL-09869,16,16,approved,2025-07-01,2025-07-04
DEAL-09870,17,17,approved,2024-12-29,2025-01-01
DEAL-09871,19,19,approved,2024-04-20,2024-04-24
DEAL-09872,9,3,pending,2024-07-23,2024-07-30
DEAL-09873,11,2,flagged,2026-03-30,2026-04-02
DEAL-09874,12,12,approved,2026-01-14,2026-01-17
DEAL-09875,14,10,approved,2026-02-04,2026-02-14
DEAL-09876,14,14,approved,2025-10-13,2025-10-17
DEAL-09877,20,8,approved,,
DEAL-09878,14,3,pending,2025-04-10,2025-04-19
DEAL-09879,12,12,approved,2024-12-31,2025-01-01
DEAL-09880,15,15,approved,2026-03-05,2026-03-06
DEAL-09881,20,20,approved,2025-11-08,2025-11-13
DEAL-09882,17,17,approved,2025-12-10,2025-12-13
DEAL-09883,10,10,approved,2026-02-16,2026-02-21
DEAL-09884,10,10,approved,2024-10-23,2024-10-24
DEAL-09885,9,9,approved,2025-05-18,2025-05-21
DEAL-09886,16,16,approved,2024-04-07,2024-04-12
DEAL-09887,18,18,approved,2025-11-30,2025-12-03
DEAL-09888,19,19,approved,2024-08-08,2024-08-11
DEAL-09889,9,9,approved,2026-04-17,2026-04-22
DEAL-09890,12,8,flagged,2026-03-04,2026-03-12
DEAL-09891,15,14,pending,2025-05-21,2025-05-25
DEAL-09892,20,20,approved,2024-07-20,2024-07-25
DEAL-09893,12,12,approved,2025-09-21,2025-09-24
DEAL-09894,13,10,approved,2024-12-10,2024-12-19
DEAL-09895,20,20,approved,2026-04-16,2026-04-19
DEAL-09896,12,12,approved,2025-10-16,2025-10-21
DEAL-09897,13,13,approved,2024-07-03,2024-07-06
DEAL-09898,19,19,approved,2026-04-24,2026-04-26
DEAL-09899,13,13,approved,2024-10-24,2024-10-29
DEAL-09900,9,9,approved,2026-04-03,2026-04-05
DEAL-09901,10,10,approved,2026-03-25,2026-03-26
DEAL-09902,15,15,approved,2024-03-21,2024-03-22
DEAL-09903,17,0,pending,2025-06-21,
DEAL-09904,20,20,approved,2024-09-25,2024-09-30
DEAL-09905,10,10,approved,2024-04-07,2024-04-11
DEAL-09906,14,14,approved,2024-08-15,2024-08-20
DEAL-09907,11,11,approved,2025-01-31,2025-02-04
DEAL-09908,19,19,approved,2025-04-02,2025-04-04
DEAL-09909,19,19,approved,2025-07-19,2025-07-21
DEAL-09910,10,10,approved,2026-04-27,2026-05-01
DEAL-09911,11,11,approved,2025-11-02,2025-11-05
DEAL-09912,9,3,pending,2024-08-25,2024-08-30
DEAL-09913,13,10,flagged,2025-01-18,2025-01-30
DEAL-09914,9,9,approved,2024-12-19,2024-12-20
DEAL-09915,15,15,approved,2024-04-28,2024-05-03
DEAL-09916,14,14,approved,2024-02-26,2024-03-01
DEAL-09917,11,2,flagged,2025-06-18,2025-06-21
DEAL-09918,13,13,approved,2025-09-13,2025-09-18
DEAL-09919,9,9,approved,2024-08-18,2024-08-19
DEAL-09920,10,3,approved,2024-12-25,2024-12-27
DEAL-09921,17,17,approved,2026-04-28,2026-05-03
DEAL-09922,16,16,approved,2025-12-12,2025-12-13
DEAL-09923,16,16,approved,2024-11-13,2024-11-14
DEAL-09924,10,10,approved,2026-04-30,2026-05-01
DEAL-09925,18,18,approved,2024-11-01,2024-11-05
DEAL-09926,10,10,approved,2024-06-29,2024-07-03
DEAL-09927,8,3,flagged,2024-04-23,2024-05-05
DEAL-09928,20,20,approved,2024-05-17,2024-05-20
DEAL-09929,16,15,flagged,,
DEAL-09930,9,3,flagged,2026-04-10,2026-04-14
DEAL-09931,14,14,approved,2025-10-04,2025-10-05
DEAL-09932,13,13,approved,2026-05-07,2026-05-11
DEAL-09933,16,16,approved,2024-07-13,2024-07-14
DEAL-09934,15,15,approved,2025-11-14,2025-11-18
DEAL-09935,13,13,approved,2025-01-04,2025-01-06
DEAL-09936,9,9,approved,2024-06-09,2024-06-11
DEAL-09937,15,15,approved,2026-02-17,2026-02-18
DEAL-09938,8,8,approved,2025-01-02,2025-01-06
DEAL-09939,20,20,approved,2026-05-20,2026-05-25
DEAL-09940,11,8,flagged,2025-06-28,2025-07-12
DEAL-09941,14,9,flagged,2024-05-10,2024-05-15
DEAL-09942,13,10,pending,2026-01-08,2026-01-20
DEAL-09943,13,13,approved,2024-08-24,2024-08-28
DEAL-09944,20,17,flagged,2025-06-30,2025-07-02
DEAL-09945,15,15,approved,2025-04-13,2025-04-16
DEAL-09946,9,9,approved,2026-02-28,2026-03-03
DEAL-09947,19,19,approved,2026-05-02,2026-05-06
DEAL-09948,15,15,approved,2026-05-07,2026-05-09
DEAL-09949,16,10,flagged,2025-11-26,2025-12-03
DEAL-09950,9,9,approved,2026-03-20,2026-03-22
DEAL-09951,20,11,flagged,2024-02-26,2024-03-06
DEAL-09952,14,14,approved,2026-02-27,2026-03-02
DEAL-09953,9,4,flagged,2026-04-19,2026-04-27
DEAL-09954,9,8,approved,2024-09-14,2024-09-15
DEAL-09955,11,11,approved,2024-09-03,2024-09-08
DEAL-09956,9,8,approved,2025-10-19,2025-10-22
DEAL-09957,9,9,approved,2024-04-24,2024-04-27
DEAL-09958,15,15,approved,2024-11-21,2024-11-26
DEAL-09959,12,12,approved,2024-09-16,2024-09-20
DEAL-09960,17,17,approved,2026-04-18,2026-04-20
DEAL-09961,15,10,approved,,
DEAL-09962,19,19,approved,2024-09-24,2024-09-26
DEAL-09963,12,12,approved,2025-06-01,2025-06-03
DEAL-09964,14,8,pending,2025-10-12,2025-10-17
DEAL-09965,9,9,approved,2025-07-18,2025-07-20
DEAL-09966,13,4,approved,2024-02-04,2024-02-08
DEAL-09967,13,13,approved,2026-04-14,2026-04-16
DEAL-09968,18,18,approved,2026-03-26,2026-03-27
DEAL-09969,17,17,approved,2024-10-09,2024-10-13
DEAL-09970,9,2,pending,2024-04-13,2024-04-19
DEAL-09971,15,15,approved,2024-05-29,2024-06-01
DEAL-09972,11,11,approved,2026-02-14,2026-02-16
DEAL-09973,9,9,approved,2025-07-13,2025-07-18
DEAL-09974,8,5,pending,2025-03-01,2025-03-11
DEAL-09975,19,19,approved,2025-07-05,2025-07-06
DEAL-09976,15,15,approved,2024-10-01,2024-10-05
DEAL-09977,9,2,flagged,2024-05-06,2024-05-15
DEAL-09978,10,10,approved,2025-09-04,2025-09-08
DEAL-09979,18,13,pending,,
DEAL-09980,15,6,flagged,2025-07-10,2025-07-24
DEAL-09981,13,13,approved,2025-08-18,2025-08-22
DEAL-09982,17,5,pending,,
DEAL-09983,16,16,approved,2026-03-19,2026-03-21
DEAL-09984,20,20,approved,2026-03-01,2026-03-05
DEAL-09985,15,15,approved,2026-01-12,2026-01-14
DEAL-09986,10,10,approved,2025-04-30,2025-05-02
DEAL-09987,17,12,flagged,2024-05-01,2024-05-13
DEAL-09988,16,9,flagged,2025-11-26,2025-11-30
DEAL-09989,18,18,approved,2026-01-18,2026-01-22
DEAL-09990,8,1,approved,,
DEAL-09991,18,4,approved,2025-06-28,2025-06-30
DEAL-09992,17,3,flagged,2025-07-20,2025-07-25
DEAL-09993,12,5,pending,2026-03-23,2026-04-04
DEAL-09994,16,16,approved,2024-10-30,2024-10-31
DEAL-09995,10,10,approved,2024-06-01,2024-06-06
DEAL-09996,8,8,approved,2026-04-04,2026-04-09
DEAL-09997,18,18,approved,2026-03-10,2026-03-14
DEAL-09998,11,11,approved,2025-08-14,2025-08-16
DEAL-09999,20,16,flagged,2025-09-05,2025-09-09
DEAL-10000,20,20,approved,2025-04-05,2025-04-08
DEAL-10001,11,5,flagged,2024-05-28,2024-06-10
DEAL-10002,18,18,approved,2024-05-19,2024-05-20
DEAL-10003,13,13,approved,2026-02-21,2026-02-22
DEAL-10004,16,16,approved,2026-04-10,2026-04-11
DEAL-10005,12,12,approved,2026-03-02,2026-03-05
DEAL-10006,11,2,flagged,2024-05-18,2024-05-27
DEAL-10007,10,10,approved,2024-05-13,2024-05-15
DEAL-10008,18,18,approved,2025-08-25,2025-08-27
DEAL-10009,12,12,approved,2026-02-28,2026-03-02
DEAL-10010,20,16,flagged,2024-12-17,2024-12-21
DEAL-10011,20,20,approved,2025-07-31,2025-08-02
DEAL-10012,13,7,flagged,2026-02-08,2026-02-18
DEAL-10013,10,10,approved,2026-03-17,2026-03-19
DEAL-10014,17,11,approved,2024-11-08,2024-11-20
DEAL-10015,8,3,approved,2026-03-11,2026-03-23
DEAL-10016,12,12,approved,2024-03-31,2024-04-01
DEAL-10017,15,12,approved,2025-08-13,2025-08-14
DEAL-10018,9,1,flagged,2025-12-06,2025-12-20
DEAL-10019,17,13,flagged,2025-05-31,2025-06-03
DEAL-10020,16,16,approved,2024-06-02,2024-06-04
DEAL-10021,12,7,flagged,2025-08-16,2025-08-25
DEAL-10022,13,13,approved,2026-02-03,2026-02-08
DEAL-10023,18,0,pending,2025-01-14,
DEAL-10024,20,4,flagged,2025-10-28,2025-11-05
DEAL-10025,12,12,approved,2025-12-21,2025-12-22
DEAL-10026,9,9,approved,2025-02-06,2025-02-08
DEAL-10027,9,9,approved,2025-11-10,2025-11-11
DEAL-10028,9,9,approved,2025-10-23,2025-10-24
DEAL-10029,17,17,approved,2026-03-10,2026-03-13
DEAL-10030,12,9,approved,2025-11-18,2025-11-22
DEAL-10031,17,3,pending,2026-04-02,2026-04-13
DEAL-10032,13,11,flagged,2025-02-01,2025-02-06
DEAL-10033,16,16,approved,2024-08-12,2024-08-16
DEAL-10034,13,13,approved,2025-03-01,2025-03-02
DEAL-10035,12,12,approved,2025-12-16,2025-12-20
DEAL-10036,18,6,flagged,2024-11-19,2024-11-28
DEAL-10037,14,14,approved,2025-07-09,2025-07-13
DEAL-10038,10,10,approved,2026-04-24,2026-04-27
DEAL-10039,10,10,approved,2025-10-27,2025-10-28
DEAL-10040,10,10,approved,2024-07-04,2024-07-08
DEAL-10041,14,14,approved,2025-02-18,2025-02-19
DEAL-10042,9,5,flagged,2024-08-14,2024-08-27
DEAL-10043,12,12,approved,2026-05-05,2026-05-06
DEAL-10044,14,14,approved,2025-09-16,2025-09-17
DEAL-10045,9,9,approved,2025-02-22,2025-02-27
DEAL-10046,10,10,approved,2024-04-17,2024-04-18
DEAL-10047,16,13,pending,2025-04-03,2025-04-06
DEAL-10048,17,13,approved,2026-04-22,2026-04-29
DEAL-10049,12,12,approved,2025-07-19,2025-07-22
DEAL-10050,12,12,approved,2024-04-23,2024-04-24
DEAL-10051,11,11,approved,2025-06-10,2025-06-11
DEAL-10052,16,16,approved,2025-11-30,2025-12-03
DEAL-10053,20,20,approved,2025-03-10,2025-03-14
DEAL-10054,17,10,pending,2026-02-28,2026-03-07
DEAL-10055,17,17,approved,2025-10-10,2025-10-15
DEAL-10056,8,8,approved,2024-12-28,2024-12-31
DEAL-10057,19,19,approved,2024-03-20,2024-03-22
DEAL-10058,17,17,approved,2024-07-22,2024-07-23
DEAL-10059,11,11,approved,2025-07-29,2025-08-02
DEAL-10060,16,5,flagged,2024-10-26,2024-11-01
DEAL-10061,16,5,pending,2025-04-06,2025-04-10
DEAL-10062,9,9,approved,2024-03-06,2024-03-09
DEAL-10063,17,17,approved,2026-05-09,2026-05-13
DEAL-10064,14,3,pending,2024-08-22,2024-09-01
DEAL-10065,19,5,pending,2024-06-20,2024-06-27
DEAL-10066,15,15,approved,2026-05-06,2026-05-07
DEAL-10067,9,9,approved,2025-08-23,2025-08-27
DEAL-10068,9,9,approved,2025-05-29,2025-06-02
DEAL-10069,12,12,approved,2024-09-26,2024-09-27
DEAL-10070,9,2,pending,2026-02-28,2026-03-13
DEAL-10071,16,15,approved,2025-01-24,2025-01-29
DEAL-10072,18,18,approved,2026-04-25,2026-04-26
DEAL-10073,8,8,approved,2024-05-23,2024-05-28
DEAL-10074,18,0,flagged,,
DEAL-10075,15,15,approved,2024-03-01,2024-03-02
DEAL-10076,13,13,approved,2024-05-07,2024-05-10
DEAL-10077,12,2,pending,2025-03-22,2025-03-25
DEAL-10078,13,13,approved,2026-03-22,2026-03-24
DEAL-10079,19,19,approved,2025-12-08,2025-12-09
DEAL-10080,8,8,approved,2026-01-31,2026-02-03
DEAL-10081,20,20,approved,2026-05-14,2026-05-15
DEAL-10082,14,3,flagged,2024-05-15,2024-05-26
DEAL-10083,20,20,approved,2026-03-27,2026-03-29
DEAL-10084,19,12,pending,2024-07-05,2024-07-13
DEAL-10085,10,10,approved,2025-06-22,2025-06-25
DEAL-10086,19,13,flagged,2025-06-16,2025-06-29
DEAL-10087,12,12,approved,2024-11-22,2024-11-25
DEAL-10088,12,12,approved,2026-02-27,2026-03-03
DEAL-10089,11,11,approved,2025-06-01,2025-06-03
DEAL-10090,10,7,pending,2026-04-01,2026-04-08
DEAL-10091,18,18,approved,2026-05-11,2026-05-14
DEAL-10092,20,20,approved,2024-08-05,2024-08-06
DEAL-10093,12,12,approved,2026-04-14,2026-04-19
DEAL-10094,17,17,approved,2026-01-28,2026-01-30
DEAL-10095,13,1,pending,2025-09-14,2025-09-26
DEAL-10096,19,14,flagged,2026-01-13,2026-01-27
DEAL-10097,11,5,pending,2026-04-16,2026-04-18
DEAL-10098,13,13,approved,2026-01-01,2026-01-02
DEAL-10099,8,4,flagged,2026-03-27,2026-04-07
DEAL-10100,17,17,approved,2025-10-31,2025-11-05
DEAL-10101,18,18,approved,2024-08-21,2024-08-25
DEAL-10102,15,15,approved,2024-06-13,2024-06-16
DEAL-10103,20,20,approved,2024-05-27,2024-05-31
DEAL-10104,14,14,approved,2025-01-29,2025-02-03
DEAL-10105,14,14,approved,2025-03-13,2025-03-14
DEAL-10106,12,12,approved,2025-06-22,2025-06-24
DEAL-10107,8,8,approved,2024-04-20,2024-04-24
DEAL-10108,13,1,flagged,,
DEAL-10109,10,10,approved,2025-07-22,2025-07-23
DEAL-10110,12,12,approved,2024-07-14,2024-07-15
DEAL-10111,15,3,pending,2025-10-10,2025-10-12
DEAL-10112,12,12,approved,2025-07-17,2025-07-22
DEAL-10113,19,16,flagged,2026-01-24,2026-01-29
DEAL-10114,8,8,approved,2026-03-29,2026-03-31
DEAL-10115,20,8,approved,2026-04-21,2026-05-05
DEAL-10116,19,2,flagged,2024-06-23,2024-07-01
DEAL-10117,10,10,approved,2025-07-09,2025-07-10
DEAL-10118,19,19,approved,2024-08-25,2024-08-29
DEAL-10119,10,1,flagged,2025-11-26,2025-12-09
DEAL-10120,19,11,approved,2025-07-20,2025-07-22
DEAL-10121,16,16,approved,2025-02-19,2025-02-24
DEAL-10122,17,17,approved,2025-11-25,2025-11-30
DEAL-10123,12,12,approved,2025-06-20,2025-06-23
DEAL-10124,8,8,approved,2026-04-10,2026-04-14
DEAL-10125,15,15,approved,2024-04-17,2024-04-19
DEAL-10126,16,6,pending,2025-03-16,2025-03-22
DEAL-10127,20,20,approved,2024-12-19,2024-12-22
DEAL-10128,17,17,approved,2026-02-17,2026-02-19
DEAL-10129,11,5,pending,2024-12-26,2024-12-29
DEAL-10130,12,8,pending,2026-04-01,2026-04-10
DEAL-10131,13,13,approved,2024-06-15,2024-06-19
DEAL-10132,16,16,approved,2025-03-01,2025-03-06
DEAL-10133,20,20,approved,2025-08-04,2025-08-08
DEAL-10134,9,9,approved,2025-07-30,2025-08-02
DEAL-10135,14,14,approved,2025-10-16,2025-10-19
DEAL-10136,11,11,approved,2025-09-20,2025-09-25
DEAL-10137,10,6,pending,2024-06-29,2024-07-09
DEAL-10138,18,18,approved,2026-04-18,2026-04-21
DEAL-10139,17,17,approved,2026-04-17,2026-04-20
DEAL-10140,14,14,approved,2024-04-21,2024-04-22
DEAL-10141,15,15,approved,2025-06-11,2025-06-16
DEAL-10142,17,17,approved,2026-02-16,2026-02-18
DEAL-10143,11,11,approved,2026-04-28,2026-04-29
DEAL-10144,11,11,approved,2024-04-18,2024-04-22
DEAL-10145,13,13,approved,2026-01-06,2026-01-08
DEAL-10146,11,11,approved,2025-10-25,2025-10-26
DEAL-10147,20,20,approved,2025-11-05,2025-11-08
DEAL-10148,15,4,flagged,2026-03-09,2026-03-13
DEAL-10149,11,11,approved,2026-04-15,2026-04-20
DEAL-10150,19,16,pending,2025-03-15,2025-03-16
DEAL-10151,13,13,approved,2025-01-16,2025-01-19
DEAL-10152,17,17,approved,2024-05-19,2024-05-23
DEAL-10153,11,7,flagged,2026-03-04,2026-03-11
DEAL-10154,20,9,flagged,2024-12-27,2025-01-02
DEAL-10155,8,8,approved,2024-06-20,2024-06-24
DEAL-10156,20,20,approved,2026-03-18,2026-03-21
DEAL-10157,15,15,approved,2026-04-15,2026-04-20
DEAL-10158,14,6,flagged,2025-10-19,2025-10-24
DEAL-10159,15,7,pending,2024-04-15,2024-04-27
DEAL-10160,15,15,approved,2025-09-10,2025-09-14
DEAL-10161,11,9,pending,,
DEAL-10162,12,6,pending,2024-05-16,2024-05-28
DEAL-10163,10,10,approved,2025-12-20,2025-12-22
DEAL-10164,12,12,approved,2025-03-19,2025-03-21
DEAL-10165,16,16,approved,2025-08-16,2025-08-20
DEAL-10166,12,2,flagged,2026-05-07,2026-05-11
DEAL-10167,15,15,approved,2026-02-14,2026-02-16
DEAL-10168,18,18,approved,2026-03-27,2026-03-29
DEAL-10169,17,4,pending,2024-08-02,2024-08-04
DEAL-10170,13,6,pending,2024-12-12,2024-12-21
DEAL-10171,15,15,approved,2024-03-25,2024-03-26
DEAL-10172,14,14,approved,2024-09-25,2024-09-26
DEAL-10173,14,14,approved,2025-04-04,2025-04-05
DEAL-10174,10,10,approved,2025-08-06,2025-08-10
DEAL-10175,13,3,flagged,2024-12-16,2024-12-29
DEAL-10176,13,13,approved,2025-08-10,2025-08-11
DEAL-10177,13,13,approved,2026-03-30,2026-04-04
DEAL-10178,10,10,approved,2025-05-31,2025-06-05
DEAL-10179,12,12,approved,2026-04-05,2026-04-06
DEAL-10180,16,16,approved,2026-04-28,2026-05-02
DEAL-10181,17,17,approved,2026-05-05,2026-05-08
DEAL-10182,9,2,flagged,2026-01-08,2026-01-22
DEAL-10183,16,16,approved,2025-06-04,2025-06-07
DEAL-10184,17,17,approved,2025-06-30,2025-07-02
DEAL-10185,8,8,approved,2026-01-20,2026-01-23
DEAL-10186,11,11,approved,2025-12-31,2026-01-02
DEAL-10187,14,14,approved,2024-05-21,2024-05-24
DEAL-10188,18,18,approved,2024-06-04,2024-06-08
DEAL-10189,14,6,flagged,2026-03-18,2026-03-29
DEAL-10190,13,13,approved,2024-04-28,2024-04-30
DEAL-10191,18,6,flagged,2025-03-28,2025-04-05
DEAL-10192,8,8,approved,2024-08-24,2024-08-29
DEAL-10193,18,18,approved,2026-03-09,2026-03-14
DEAL-10194,12,3,pending,2026-01-05,2026-01-08
DEAL-10195,9,9,approved,2024-03-25,2024-03-26
DEAL-10196,13,13,approved,2025-06-06,2025-06-08
DEAL-10197,8,7,pending,2024-11-19,2024-11-21
DEAL-10198,12,12,approved,2025-05-21,2025-05-24
DEAL-10199,11,11,flagged,2024-09-07,2024-09-11
DEAL-10200,13,13,approved,2024-04-03,2024-04-06
DEAL-10201,14,11,flagged,2024-07-21,2024-08-04
DEAL-10202,12,6,approved,2026-04-15,2026-04-25
DEAL-10203,12,12,approved,2024-10-01,2024-10-06
DEAL-10204,15,15,approved,2024-05-20,2024-05-21
DEAL-10205,18,18,approved,2024-05-18,2024-05-19
DEAL-10206,16,16,approved,2025-04-17,2025-04-21
DEAL-10207,13,13,approved,2026-03-27,2026-03-29
DEAL-10208,20,20,approved,2025-01-06,2025-01-08
DEAL-10209,8,8,approved,2026-04-29,2026-05-01
DEAL-10210,11,11,approved,2025-06-20,2025-06-21
DEAL-10211,11,11,approved,2026-01-12,2026-01-14
DEAL-10212,9,9,approved,2024-01-22,2024-01-23
DEAL-10213,20,20,approved,2024-12-18,2024-12-19
DEAL-10214,13,13,approved,2026-03-29,2026-04-02
DEAL-10215,11,11,approved,2026-04-16,2026-04-18
DEAL-10216,12,12,approved,2024-07-26,2024-07-28
DEAL-10217,11,8,pending,2024-07-04,2024-07-08
DEAL-10218,8,8,approved,2025-09-03,2025-09-05
DEAL-10219,18,18,approved,2025-03-22,2025-03-26
DEAL-10220,8,0,pending,,
DEAL-10221,20,20,approved,2025-01-09,2025-01-10
DEAL-10222,9,9,approved,2024-06-15,2024-06-16
DEAL-10223,20,7,flagged,,
DEAL-10224,16,1,flagged,2026-03-30,2026-04-11
DEAL-10225,13,13,approved,2025-01-04,2025-01-08
DEAL-10226,10,9,pending,2024-04-28,2024-05-02
DEAL-10227,10,10,approved,2025-05-27,2025-06-01
DEAL-10228,15,9,pending,2025-07-20,2025-07-23
DEAL-10229,15,15,approved,2025-03-23,2025-03-26
DEAL-10230,15,15,approved,2025-02-03,2025-02-06
DEAL-10231,9,0,approved,2025-03-07,
DEAL-10232,12,7,pending,,
DEAL-10233,12,10,flagged,2026-01-21,2026-01-22
DEAL-10234,13,13,approved,2025-06-01,2025-06-03
DEAL-10235,13,13,approved,2025-05-11,2025-05-12
DEAL-10236,13,13,approved,2025-09-08,2025-09-13
DEAL-10237,11,4,flagged,2024-08-25,2024-09-07
DEAL-10238,19,19,approved,2024-06-18,2024-06-19
DEAL-10239,15,15,approved,2025-11-02,2025-11-03
DEAL-10240,10,10,approved,2025-02-11,2025-02-15
DEAL-10241,9,9,pending,2025-11-07,2025-11-11
DEAL-10242,19,19,approved,2024-11-21,2024-11-26
DEAL-10243,19,19,approved,2025-10-01,2025-10-02
DEAL-10244,13,13,approved,2024-02-16,2024-02-18
DEAL-10245,19,14,pending,2024-07-23,2024-08-02
DEAL-10246,15,15,approved,2026-04-11,2026-04-12
DEAL-10247,15,15,approved,2025-05-28,2025-06-01
DEAL-10248,13,8,approved,2024-08-16,2024-08-18
DEAL-10249,16,16,approved,2025-04-02,2025-04-07
DEAL-10250,9,9,approved,2025-12-14,2025-12-18
DEAL-10251,16,10,flagged,2026-05-12,2026-05-14
DEAL-10252,11,11,approved,2024-04-30,2024-05-03
DEAL-10253,17,6,approved,2025-01-19,2025-01-28
DEAL-10254,18,18,approved,2025-08-07,2025-08-12
DEAL-10255,18,7,pending,2024-07-18,2024-07-24
DEAL-10256,13,13,approved,2026-03-21,2026-03-26
DEAL-10257,17,8,approved,2024-05-10,2024-05-19
DEAL-10258,9,9,approved,2026-05-17,2026-05-19
DEAL-10259,13,0,flagged,2025-12-06,
DEAL-10260,16,16,approved,2025-12-10,2025-12-11
DEAL-10261,19,13,pending,2024-09-13,2024-09-26
DEAL-10262,12,12,approved,2024-06-11,2024-06-15
DEAL-10263,15,15,approved,2024-07-01,2024-07-06
DEAL-10264,15,15,approved,2026-02-14,2026-02-19
DEAL-10265,16,15,flagged,2026-04-12,2026-04-14
DEAL-10266,11,11,approved,2024-08-05,2024-08-09
DEAL-10267,12,12,approved,2026-05-13,2026-05-17
DEAL-10268,13,13,approved,2026-04-08,2026-04-09
DEAL-10269,18,18,approved,2026-03-20,2026-03-25
DEAL-10270,9,9,approved,2024-04-19,2024-04-21
DEAL-10271,10,10,approved,2026-03-22,2026-03-26
DEAL-10272,11,11,approved,2024-08-13,2024-08-17
DEAL-10273,15,15,approved,2025-05-06,2025-05-08
DEAL-10274,19,19,approved,2026-03-11,2026-03-15
DEAL-10275,13,13,approved,2026-05-07,2026-05-12
DEAL-10276,11,2,approved,2025-06-08,2025-06-22
DEAL-10277,12,12,approved,2024-09-03,2024-09-05
DEAL-10278,12,12,approved,2025-10-23,2025-10-24
DEAL-10279,17,0,approved,2024-12-20,
DEAL-10280,10,7,pending,2024-09-09,2024-09-19
DEAL-10281,16,9,flagged,2024-09-29,2024-10-13
DEAL-10282,16,16,approved,2025-07-07,2025-07-10
DEAL-10283,18,18,approved,2024-08-20,2024-08-23
DEAL-10284,15,15,approved,2025-09-13,2025-09-16
DEAL-10285,19,19,approved,2024-05-25,2024-05-26
DEAL-10286,12,12,approved,2025-03-30,2025-04-03
DEAL-10287,9,5,flagged,2024-10-24,2024-11-02
DEAL-10288,16,12,pending,2026-03-07,2026-03-13
DEAL-10289,10,10,approved,2024-12-23,2024-12-24
DEAL-10290,20,20,approved,2025-06-04,2025-06-05
DEAL-10291,13,13,approved,2025-07-03,2025-07-06
DEAL-10292,17,11,flagged,2024-10-30,2024-11-08
DEAL-10293,19,19,approved,2024-05-18,2024-05-20
DEAL-10294,19,19,approved,2024-09-18,2024-09-20
DEAL-10295,16,14,approved,2026-04-30,2026-05-04
DEAL-10296,20,7,flagged,2026-04-04,2026-04-13
DEAL-10297,19,19,approved,2024-05-04,2024-05-07
DEAL-10298,11,11,approved,2025-11-24,2025-11-26
DEAL-10299,16,16,approved,2024-04-02,2024-04-05
DEAL-10300,20,20,approved,2025-06-30,2025-07-04
DEAL-10301,18,6,approved,2026-03-08,2026-03-17
DEAL-10302,8,8,approved,2026-02-27,2026-03-03
DEAL-10303,15,15,approved,2025-04-21,2025-04-25
DEAL-10304,10,10,approved,2024-08-17,2024-08-21
DEAL-10305,9,9,approved,2025-04-21,2025-04-22
DEAL-10306,9,9,approved,2024-04-20,2024-04-21
DEAL-10307,15,7,pending,2025-02-05,2025-02-10
DEAL-10308,15,15,approved,2025-08-24,2025-08-29
DEAL-10309,18,18,approved,2025-06-10,2025-06-15
DEAL-10310,19,15,approved,2024-02-25,2024-03-03
DEAL-10311,12,12,approved,2026-03-27,2026-03-30
DEAL-10312,10,9,pending,2025-07-21,2025-07-26
DEAL-10313,19,19,approved,2025-07-31,2025-08-03
DEAL-10314,12,4,flagged,2026-02-22,2026-03-07
DEAL-10315,10,10,approved,2025-07-24,2025-07-27
DEAL-10316,15,1,approved,2025-07-10,2025-07-21
DEAL-10317,13,13,approved,2024-12-16,2024-12-19
DEAL-10318,14,14,approved,2024-03-13,2024-03-14
DEAL-10319,16,16,approved,2026-04-30,2026-05-01
DEAL-10320,12,12,approved,2025-08-21,2025-08-23
DEAL-10321,13,13,approved,2024-03-24,2024-03-27
DEAL-10322,14,14,approved,2024-11-23,2024-11-28
DEAL-10323,19,19,approved,2025-07-15,2025-07-17
DEAL-10324,10,10,approved,2024-07-31,2024-08-04
DEAL-10325,9,9,approved,2024-06-14,2024-06-17
DEAL-10326,13,13,approved,2026-04-25,2026-04-29
DEAL-10327,16,16,approved,2024-08-06,2024-08-08
DEAL-10328,12,12,approved,2024-02-25,2024-02-27
DEAL-10329,18,18,approved,2026-03-04,2026-03-08
DEAL-10330,13,13,approved,2024-09-18,2024-09-20
DEAL-10331,19,19,approved,2024-02-21,2024-02-22
DEAL-10332,9,3,pending,2025-03-27,2025-03-31
DEAL-10333,9,9,approved,2025-06-19,2025-06-24
DEAL-10334,12,12,approved,2024-06-02,2024-06-04
DEAL-10335,8,3,flagged,2026-01-13,2026-01-15
DEAL-10336,17,17,approved,2024-02-21,2024-02-24
DEAL-10337,15,15,approved,2024-12-05,2024-12-06
DEAL-10338,12,12,approved,2025-04-22,2025-04-27
DEAL-10339,8,6,flagged,,
DEAL-10340,10,10,approved,2024-03-28,2024-04-01
DEAL-10341,10,10,approved,2024-06-03,2024-06-05
DEAL-10342,19,19,approved,2025-06-21,2025-06-25
DEAL-10343,17,17,approved,2025-03-08,2025-03-10
DEAL-10344,18,18,approved,2026-03-16,2026-03-17
DEAL-10345,18,7,pending,2025-12-14,2025-12-25
DEAL-10346,20,20,approved,2026-04-26,2026-04-28
DEAL-10347,9,2,flagged,2025-06-16,2025-06-22
DEAL-10348,10,10,approved,2024-02-08,2024-02-10
DEAL-10349,18,13,flagged,2024-07-22,2024-08-01
DEAL-10350,16,16,approved,2025-07-19,2025-07-21
DEAL-10351,9,1,pending,2024-10-14,2024-10-28
DEAL-10352,16,16,approved,2025-06-21,2025-06-25
DEAL-10353,13,13,approved,2024-05-06,2024-05-08
DEAL-10354,12,12,approved,2024-07-29,2024-08-02
DEAL-10355,19,16,flagged,2024-11-18,2024-11-21
DEAL-10356,13,13,approved,2024-07-20,2024-07-23
DEAL-10357,16,12,approved,2025-02-02,2025-02-14
DEAL-10358,16,16,approved,2025-04-05,2025-04-08
DEAL-10359,14,14,approved,2024-12-15,2024-12-19
DEAL-10360,8,8,approved,2024-05-08,2024-05-10
DEAL-10361,11,11,approved,2026-02-04,2026-02-07
DEAL-10362,16,16,approved,2025-12-13,2025-12-17
DEAL-10363,19,19,approved,2025-02-14,2025-02-18
DEAL-10364,18,18,approved,2026-04-12,2026-04-13
DEAL-10365,14,14,approved,2024-09-05,2024-09-06
DEAL-10366,17,17,approved,2026-03-18,2026-03-23
DEAL-10367,18,18,approved,2024-09-21,2024-09-23
DEAL-10368,19,19,approved,2024-08-19,2024-08-24
DEAL-10369,19,19,approved,2026-04-29,2026-05-03
DEAL-10370,11,11,approved,2024-07-13,2024-07-17
DEAL-10371,10,4,approved,,
DEAL-10372,11,2,flagged,2024-08-20,2024-09-03
DEAL-10373,18,18,approved,2026-03-19,2026-03-22
DEAL-10374,8,8,approved,2025-10-09,2025-10-10
DEAL-10375,9,9,approved,2024-07-26,2024-07-27
DEAL-10376,20,20,approved,2024-10-31,2024-11-02
DEAL-10377,9,9,approved,2024-05-17,2024-05-19
DEAL-10378,10,0,flagged,2025-08-06,
DEAL-10379,14,14,approved,2026-02-12,2026-02-16
DEAL-10380,15,3,flagged,2025-12-29,2026-01-12
DEAL-10381,13,7,flagged,,
DEAL-10382,12,12,approved,2024-10-29,2024-10-30
DEAL-10383,10,10,approved,2024-03-06,2024-03-10
DEAL-10384,19,19,approved,2024-10-03,2024-10-04
DEAL-10385,11,11,approved,2026-05-03,2026-05-08
DEAL-10386,9,9,approved,2024-10-17,2024-10-18
DEAL-10387,8,0,approved,2025-11-13,
DEAL-10388,17,17,approved,2025-05-22,2025-05-26
DEAL-10389,9,0,pending,2025-12-27,
DEAL-10390,19,12,flagged,2024-03-10,2024-03-16
DEAL-10391,13,13,approved,2025-08-25,2025-08-27
DEAL-10392,13,13,approved,2025-08-15,2025-08-16
DEAL-10393,20,20,approved,2026-03-09,2026-03-12
DEAL-10394,10,9,approved,2024-09-20,2024-09-25
DEAL-10395,12,4,pending,2026-04-13,2026-04-21
DEAL-10396,18,14,flagged,2025-12-09,2025-12-11
DEAL-10397,18,4,pending,2025-01-21,2025-02-01
DEAL-10398,19,9,pending,2026-03-20,2026-04-02
DEAL-10399,15,3,flagged,2025-04-01,2025-04-05
DEAL-10400,14,7,pending,2025-03-07,2025-03-20
DEAL-10401,14,14,approved,2025-05-06,2025-05-07
DEAL-10402,16,16,approved,2025-09-27,2025-10-01
DEAL-10403,12,12,approved,2024-12-21,2024-12-24
DEAL-10404,20,14,pending,2026-01-22,2026-01-24
DEAL-10405,17,6,flagged,2024-07-02,2024-07-13
DEAL-10406,18,18,approved,2025-07-06,2025-07-09
DEAL-10407,18,15,pending,2026-01-23,2026-01-26
DEAL-10408,17,17,approved,2025-09-12,2025-09-15
DEAL-10409,13,13,approved,2025-08-14,2025-08-19
DEAL-10410,8,8,approved,2025-12-21,2025-12-24
DEAL-10411,15,15,approved,2024-09-17,2024-09-22
DEAL-10412,18,18,approved,2025-05-22,2025-05-27
DEAL-10413,19,19,approved,2024-01-22,2024-01-26
DEAL-10414,17,17,approved,2025-01-03,2025-01-05
DEAL-10415,9,5,flagged,2025-06-11,2025-06-23
DEAL-10416,17,17,approved,2026-04-09,2026-04-12
DEAL-10417,12,12,approved,2024-10-17,2024-10-18
DEAL-10418,8,8,approved,2024-11-08,2024-11-09
DEAL-10419,17,17,approved,2025-07-31,2025-08-04
DEAL-10420,11,11,approved,2024-07-17,2024-07-19
DEAL-10421,16,16,approved,2026-03-13,2026-03-14
DEAL-10422,15,15,approved,2024-02-12,2024-02-17
DEAL-10423,17,17,approved,2026-04-19,2026-04-24
DEAL-10424,10,1,flagged,2024-05-16,2024-05-22
DEAL-10425,10,7,flagged,2024-07-18,2024-07-28
DEAL-10426,18,18,approved,2024-05-04,2024-05-07
DEAL-10427,18,5,flagged,2024-05-09,2024-05-13
DEAL-10428,17,17,approved,2024-11-06,2024-11-07
DEAL-10429,19,19,approved,2024-05-23,2024-05-28
DEAL-10430,9,9,approved,2024-05-26,2024-05-27
DEAL-10431,19,19,approved,2025-09-27,2025-10-01
DEAL-10432,8,2,pending,2024-08-25,2024-08-28
DEAL-10433,11,11,approved,2024-11-25,2024-11-28
DEAL-10434,16,16,approved,2025-05-30,2025-06-01
DEAL-10435,9,2,flagged,2025-01-18,2025-02-01
DEAL-10436,11,11,approved,2025-02-14,2025-02-17
DEAL-10437,12,12,approved,2025-08-23,2025-08-28
DEAL-10438,17,6,pending,2024-10-23,2024-11-05
DEAL-10439,16,3,approved,2024-12-08,2024-12-13
DEAL-10440,15,0,flagged,2025-09-09,
DEAL-10441,20,15,flagged,,
DEAL-10442,16,16,approved,2025-07-17,2025-07-22
DEAL-10443,14,14,approved,2024-04-30,2024-05-03
DEAL-10444,8,5,approved,2026-05-13,2026-05-16
DEAL-10445,13,3,approved,2024-03-29,2024-04-08
DEAL-10446,8,8,approved,2025-12-03,2025-12-06
DEAL-10447,15,15,approved,2026-02-27,2026-03-03
DEAL-10448,18,12,pending,2024-09-28,2024-10-01
DEAL-10449,18,18,approved,2024-05-04,2024-05-07
DEAL-10450,18,4,flagged,2026-02-01,2026-02-12
DEAL-10451,13,13,approved,2024-08-18,2024-08-20
DEAL-10452,17,2,pending,2026-02-25,2026-02-28
DEAL-10453,14,14,approved,2026-05-18,2026-05-20
DEAL-10454,16,16,approved,2024-08-07,2024-08-11
DEAL-10455,15,15,approved,2025-01-16,2025-01-18
DEAL-10456,16,16,approved,2026-03-07,2026-03-11
DEAL-10457,10,7,flagged,2024-09-21,2024-10-01
DEAL-10458,11,11,approved,2025-01-19,2025-01-20
DEAL-10459,12,5,flagged,2025-12-31,2026-01-11
DEAL-10460,17,17,approved,2024-10-06,2024-10-07
DEAL-10461,13,9,pending,2024-12-06,2024-12-19
DEAL-10462,16,16,approved,2025-05-04,2025-05-07
DEAL-10463,13,13,approved,2024-12-07,2024-12-12
DEAL-10464,20,20,approved,2025-10-16,2025-10-18
DEAL-10465,16,16,approved,2026-03-21,2026-03-22
DEAL-10466,20,4,flagged,2025-07-20,2025-07-31
DEAL-10467,8,8,approved,2026-01-14,2026-01-18
DEAL-10468,13,13,approved,2024-10-06,2024-10-09
DEAL-10469,19,19,approved,2025-11-01,2025-11-04
DEAL-10470,11,11,approved,2025-09-01,2025-09-06
DEAL-10471,16,16,approved,2024-04-21,2024-04-22
DEAL-10472,14,14,approved,2025-12-20,2025-12-21
DEAL-10473,11,11,approved,2025-10-10,2025-10-12
DEAL-10474,15,15,approved,2026-04-29,2026-05-03
DEAL-10475,12,12,approved,2025-08-27,2025-08-31
DEAL-10476,10,0,pending,,
DEAL-10477,15,15,approved,2025-10-07,2025-10-09
DEAL-10478,20,5,pending,2025-03-25,2025-03-30
DEAL-10479,12,12,approved,2024-07-11,2024-07-13
DEAL-10480,20,20,approved,2025-04-12,2025-04-17
DEAL-10481,18,14,approved,2025-11-22,2025-12-03
DEAL-10482,17,11,pending,2026-03-28,2026-04-03
DEAL-10483,16,16,approved,2024-08-27,2024-09-01
DEAL-10484,16,16,approved,2025-12-17,2025-12-22
DEAL-10485,20,13,flagged,2025-06-05,2025-06-07
DEAL-10486,14,7,flagged,2026-04-28,2026-05-06
DEAL-10487,10,0,flagged,2025-09-28,
DEAL-10488,15,15,approved,2024-10-24,2024-10-29
DEAL-10489,11,11,approved,2026-04-15,2026-04-20
DEAL-10490,12,12,approved,2025-11-30,2025-12-05
DEAL-10491,11,11,approved,2026-03-03,2026-03-05
DEAL-10492,20,20,approved,2024-12-22,2024-12-25
DEAL-10493,10,10,approved,2025-08-05,2025-08-09
DEAL-10494,16,16,approved,2024-07-26,2024-07-31
DEAL-10495,9,7,pending,2026-05-13,2026-05-17
DEAL-10496,9,3,approved,2025-09-22,2025-10-02
DEAL-10497,19,19,approved,2025-05-24,2025-05-26
DEAL-10498,20,20,approved,2025-04-10,2025-04-15
DEAL-10499,8,1,flagged,2026-03-16,2026-03-20
DEAL-10500,9,9,approved,2026-05-10,2026-05-14
DEAL-10501,15,15,approved,2025-08-13,2025-08-16
DEAL-10502,20,13,approved,2024-06-25,2024-07-04
DEAL-10503,17,17,approved,2024-10-30,2024-10-31
DEAL-10504,12,12,approved,2026-01-15,2026-01-18
DEAL-10505,20,20,approved,2024-04-19,2024-04-24
DEAL-10506,17,17,approved,2024-04-15,2024-04-16
DEAL-10507,9,0,flagged,2025-08-20,
DEAL-10508,8,4,flagged,2025-10-11,2025-10-18
DEAL-10509,19,19,approved,2024-06-04,2024-06-07
DEAL-10510,10,10,approved,2025-07-03,2025-07-04
DEAL-10511,10,10,approved,2026-04-03,2026-04-05
DEAL-10512,18,18,approved,2025-10-12,2025-10-13
DEAL-10513,8,5,approved,,
DEAL-10514,16,16,approved,2025-04-29,2025-05-02
DEAL-10515,8,8,approved,2025-06-18,2025-06-19
DEAL-10516,16,16,approved,2025-05-07,2025-05-11
DEAL-10517,10,10,approved,2025-09-27,2025-09-28
DEAL-10518,9,9,approved,2026-01-22,2026-01-25
DEAL-10519,9,9,approved,2026-03-29,2026-04-03
DEAL-10520,17,17,approved,2024-04-05,2024-04-06
DEAL-10521,9,9,approved,2024-09-22,2024-09-25
DEAL-10522,11,11,approved,2026-04-26,2026-05-01
DEAL-10523,13,13,approved,2024-11-10,2024-11-13
DEAL-10524,19,19,approved,2024-05-03,2024-05-07
DEAL-10525,13,13,approved,2025-03-18,2025-03-20
DEAL-10526,10,10,approved,2024-09-22,2024-09-24
DEAL-10527,15,14,approved,2024-11-03,2024-11-06
DEAL-10528,14,7,pending,2025-06-16,2025-06-18
DEAL-10529,13,13,approved,2024-10-12,2024-10-16
DEAL-10530,18,18,approved,2025-02-04,2025-02-06
DEAL-10531,15,15,approved,2025-06-10,2025-06-11
DEAL-10532,8,8,approved,2026-03-03,2026-03-04
DEAL-10533,20,20,approved,2025-05-17,2025-05-20
DEAL-10534,18,18,approved,2024-09-29,2024-10-02
DEAL-10535,20,11,pending,2024-09-05,2024-09-14
DEAL-10536,11,11,approved,2025-06-20,2025-06-23
DEAL-10537,18,18,approved,2025-07-20,2025-07-23
DEAL-10538,15,15,approved,2024-07-31,2024-08-04
DEAL-10539,14,14,approved,2026-03-20,2026-03-22
DEAL-10540,14,14,approved,2025-04-20,2025-04-25
DEAL-10541,18,18,approved,2026-01-14,2026-01-17
DEAL-10542,19,15,flagged,2024-07-31,2024-08-04
DEAL-10543,12,12,approved,2025-10-01,2025-10-04
DEAL-10544,8,8,approved,2024-01-30,2024-01-31
DEAL-10545,10,10,approved,2026-03-13,2026-03-18
DEAL-10546,17,0,pending,2024-08-06,
DEAL-10547,9,9,approved,2025-08-09,2025-08-10
DEAL-10548,15,15,approved,2025-09-30,2025-10-04
DEAL-10549,11,10,approved,,
DEAL-10550,13,13,approved,2026-03-30,2026-04-01
DEAL-10551,17,17,approved,2025-06-24,2025-06-28
DEAL-10552,8,8,approved,2024-09-04,2024-09-06
DEAL-10553,15,12,flagged,2024-06-30,2024-07-03
DEAL-10554,13,13,approved,2024-07-19,2024-07-24
DEAL-10555,13,7,pending,2026-04-10,2026-04-18
DEAL-10556,9,1,pending,2025-02-18,2025-03-02
DEAL-10557,17,17,approved,2026-01-11,2026-01-16
DEAL-10558,19,19,approved,2025-07-28,2025-07-30
DEAL-10559,14,6,pending,2024-05-24,2024-05-26
DEAL-10560,12,10,approved,2025-01-16,2025-01-20
DEAL-10561,11,11,approved,2024-09-05,2024-09-10
DEAL-10562,8,5,flagged,2025-06-18,2025-07-02
DEAL-10563,16,16,approved,2024-12-22,2024-12-25
DEAL-10564,18,18,approved,2024-05-24,2024-05-27
DEAL-10565,9,9,approved,2025-05-05,2025-05-07
DEAL-10566,10,10,approved,2026-03-13,2026-03-16
DEAL-10567,18,3,pending,2025-04-21,2025-05-01
DEAL-10568,16,7,flagged,2025-11-22,2025-11-24
DEAL-10569,18,18,approved,2024-10-19,2024-10-22
DEAL-10570,15,15,approved,2025-10-12,2025-10-15
DEAL-10571,18,17,flagged,2026-03-13,2026-03-18
DEAL-10572,11,11,approved,2024-06-17,2024-06-21
DEAL-10573,14,14,approved,2024-09-09,2024-09-11
DEAL-10574,9,3,flagged,2025-08-08,2025-08-21
DEAL-10575,11,11,approved,2024-07-24,2024-07-27
DEAL-10576,17,17,approved,2024-07-10,2024-07-14
DEAL-10577,11,11,approved,2025-08-05,2025-08-08
DEAL-10578,18,18,approved,2025-08-05,2025-08-09
DEAL-10579,13,13,approved,2026-02-27,2026-03-01
DEAL-10580,10,2,pending,2025-11-25,2025-11-27
DEAL-10581,20,20,approved,2025-12-19,2025-12-23
DEAL-10582,10,10,approved,2026-03-03,2026-03-06
DEAL-10583,18,13,flagged,2024-07-17,2024-07-23
DEAL-10584,16,16,approved,2024-03-10,2024-03-12
DEAL-10585,10,10,approved,2026-04-08,2026-04-13
DEAL-10586,20,20,approved,2025-06-05,2025-06-06
DEAL-10587,19,10,flagged,2024-11-24,2024-12-01
DEAL-10588,11,11,approved,2024-06-25,2024-06-28
DEAL-10589,20,7,pending,2024-03-30,2024-04-05
DEAL-10590,18,18,approved,2025-11-23,2025-11-26
DEAL-10591,17,16,pending,2026-05-14,2026-05-18
DEAL-10592,9,9,approved,2026-03-17,2026-03-21
DEAL-10593,17,17,approved,2024-09-17,2024-09-20
DEAL-10594,17,17,approved,2025-04-25,2025-04-29
DEAL-10595,8,4,flagged,2024-09-07,2024-09-16
DEAL-10596,14,14,approved,2024-06-25,2024-06-29
DEAL-10597,9,0,pending,2024-12-03,
DEAL-10598,15,15,approved,2026-05-09,2026-05-10
DEAL-10599,18,15,flagged,2026-03-21,2026-03-26
DEAL-10600,19,6,flagged,2026-02-13,2026-02-26
DEAL-10601,10,10,approved,2024-10-09,2024-10-11
DEAL-10602,18,18,approved,2024-08-22,2024-08-27
DEAL-10603,9,9,approved,2026-02-05,2026-02-06
DEAL-10604,14,14,approved,2025-06-22,2025-06-25
DEAL-10605,13,13,approved,2026-03-22,2026-03-27
DEAL-10606,10,9,pending,2026-04-17,2026-04-22
DEAL-10607,14,14,approved,2025-07-20,2025-07-24
DEAL-10608,20,20,approved,2025-05-04,2025-05-09
DEAL-10609,11,6,pending,2024-12-07,2024-12-16
DEAL-10610,15,15,approved,2025-02-25,2025-02-27
DEAL-10611,8,8,approved,2024-07-28,2024-08-02
DEAL-10612,12,12,approved,2026-02-12,2026-02-13
DEAL-10613,19,4,approved,2024-06-16,2024-06-25
DEAL-10614,17,6,approved,2024-05-22,2024-05-29
DEAL-10615,19,14,approved,2026-04-23,2026-05-06
DEAL-10616,13,11,flagged,2024-11-19,2024-11-21
DEAL-10617,20,20,approved,2024-11-03,2024-11-08
DEAL-10618,11,6,flagged,,
DEAL-10619,8,2,pending,2024-03-15,2024-03-23
DEAL-10620,17,4,flagged,2026-03-08,2026-03-13
DEAL-10621,14,14,approved,2025-03-03,2025-03-08
DEAL-10622,9,9,approved,2024-11-30,2024-12-03
DEAL-10623,17,17,approved,2024-07-04,2024-07-05
DEAL-10624,15,15,approved,2024-03-22,2024-03-26
DEAL-10625,17,17,approved,2026-05-09,2026-05-12
DEAL-10626,9,1,approved,2025-01-16,2025-01-22
DEAL-10627,17,17,approved,2025-10-13,2025-10-17
DEAL-10628,16,16,approved,2025-12-02,2025-12-07
DEAL-10629,18,18,approved,2024-05-18,2024-05-22
DEAL-10630,13,4,flagged,2024-12-08,2024-12-13
DEAL-10631,14,5,pending,2024-09-27,2024-10-07
DEAL-10632,13,6,pending,2025-04-20,2025-04-23
DEAL-10633,20,20,approved,2026-03-01,2026-03-04
DEAL-10634,13,12,approved,2025-09-29,2025-09-30
DEAL-10635,11,11,approved,2024-05-25,2024-05-30
DEAL-10636,10,10,approved,2024-05-03,2024-05-04
DEAL-10637,10,10,approved,2026-04-15,2026-04-16
DEAL-10638,9,9,approved,2026-01-13,2026-01-17
DEAL-10639,10,10,approved,2024-04-13,2024-04-15
DEAL-10640,12,12,approved,2025-06-11,2025-06-16
DEAL-10641,12,12,approved,2025-06-18,2025-06-19
DEAL-10642,8,8,approved,2025-08-25,2025-08-27
DEAL-10643,12,10,pending,2025-01-15,2025-01-19
DEAL-10644,8,8,approved,2025-06-08,2025-06-10
DEAL-10645,15,15,approved,2024-11-28,2024-11-29
DEAL-10646,20,8,pending,,
DEAL-10647,9,9,approved,2025-07-03,2025-07-08
DEAL-10648,8,8,approved,2024-09-19,2024-09-22
DEAL-10649,16,4,flagged,2026-03-20,2026-03-23
DEAL-10650,9,2,pending,2025-03-29,2025-04-06
DEAL-10651,11,11,approved,2026-05-11,2026-05-16
DEAL-10652,15,15,approved,2025-05-09,2025-05-10
DEAL-10653,20,9,flagged,2024-06-10,2024-06-17
DEAL-10654,20,20,approved,2025-09-20,2025-09-22
DEAL-10655,12,12,approved,2025-11-24,2025-11-27
DEAL-10656,20,20,approved,2026-01-06,2026-01-10
DEAL-10657,11,11,approved,2025-04-27,2025-05-02
DEAL-10658,11,11,pending,2024-07-11,2024-07-14
DEAL-10659,17,17,approved,2024-12-31,2025-01-01
DEAL-10660,13,2,flagged,2026-03-17,2026-03-21
DEAL-10661,8,8,approved,2024-05-31,2024-06-05
DEAL-10662,17,17,approved,2026-03-05,2026-03-08
DEAL-10663,10,10,approved,2024-04-25,2024-04-28
DEAL-10664,13,13,approved,2024-09-29,2024-10-02
DEAL-10665,8,8,approved,2026-02-24,2026-02-25
DEAL-10666,17,5,flagged,2024-07-26,2024-08-05
DEAL-10667,16,16,approved,2026-03-11,2026-03-12
DEAL-10668,19,19,approved,2024-10-21,2024-10-23
DEAL-10669,16,16,approved,2025-11-22,2025-11-27
DEAL-10670,9,9,approved,2025-11-11,2025-11-13
DEAL-10671,15,15,approved,2024-07-10,2024-07-12
DEAL-10672,10,4,pending,2024-12-01,2024-12-15
DEAL-10673,13,13,approved,2024-10-22,2024-10-26
DEAL-10674,18,8,flagged,2026-02-02,2026-02-12
DEAL-10675,19,19,approved,2024-03-02,2024-03-05
DEAL-10676,10,10,approved,2024-07-24,2024-07-28
DEAL-10677,16,16,approved,2025-09-06,2025-09-10
DEAL-10678,13,13,approved,2024-08-25,2024-08-29
DEAL-10679,11,11,approved,2026-01-20,2026-01-22
DEAL-10680,20,16,pending,2025-04-03,2025-04-06
DEAL-10681,12,12,approved,2026-03-30,2026-04-03
DEAL-10682,16,13,approved,2024-02-18,2024-02-21
DEAL-10683,8,3,pending,2025-08-27,2025-09-09
DEAL-10684,12,12,approved,2024-05-12,2024-05-15
DEAL-10685,15,15,approved,2026-05-01,2026-05-04
DEAL-10686,14,6,flagged,2024-07-08,2024-07-21
DEAL-10687,18,12,flagged,2026-04-27,2026-05-02
DEAL-10688,13,13,approved,2025-09-02,2025-09-06
DEAL-10689,16,16,approved,2024-02-17,2024-02-21
DEAL-10690,16,16,approved,2025-10-15,2025-10-19
DEAL-10691,18,18,approved,2026-01-16,2026-01-20
DEAL-10692,11,2,approved,2024-04-07,2024-04-14
DEAL-10693,13,13,approved,2026-01-13,2026-01-18
DEAL-10694,8,8,approved,2024-05-28,2024-06-01
DEAL-10695,17,17,approved,2026-02-13,2026-02-17
DEAL-10696,13,8,pending,2026-03-31,2026-04-10
DEAL-10697,11,11,approved,2024-11-25,2024-11-28
DEAL-10698,19,19,approved,2025-04-25,2025-04-27
DEAL-10699,11,8,flagged,2025-03-21,2025-04-03
DEAL-10700,13,13,approved,2024-03-13,2024-03-18
DEAL-10701,12,12,approved,2024-03-24,2024-03-29
DEAL-10702,13,13,approved,2026-04-14,2026-04-17
DEAL-10703,10,10,approved,2025-04-05,2025-04-06
DEAL-10704,16,12,pending,2024-06-09,2024-06-13
DEAL-10705,18,18,approved,2024-05-09,2024-05-10
DEAL-10706,10,10,approved,2025-08-28,2025-09-01
DEAL-10707,15,15,approved,2025-02-28,2025-03-03
DEAL-10708,8,8,approved,2026-01-13,2026-01-17
DEAL-10709,18,18,approved,2025-05-20,2025-05-21
DEAL-10710,11,6,pending,2024-12-23,2024-12-28
DEAL-10711,10,10,approved,2025-12-25,2025-12-29
DEAL-10712,12,12,approved,2024-02-19,2024-02-21
DEAL-10713,19,19,pending,2025-09-21,2025-09-22
DEAL-10714,17,17,approved,2025-06-04,2025-06-08
DEAL-10715,15,15,approved,2024-06-21,2024-06-22
DEAL-10716,17,17,approved,2024-11-30,2024-12-02
DEAL-10717,18,15,flagged,2025-06-16,2025-06-17
DEAL-10718,10,10,approved,2025-05-13,2025-05-15
DEAL-10719,12,12,approved,2024-09-21,2024-09-23
DEAL-10720,10,10,approved,2025-07-11,2025-07-14
DEAL-10721,13,13,approved,2024-09-30,2024-10-04
DEAL-10722,9,9,approved,2024-04-11,2024-04-16
DEAL-10723,17,17,approved,2026-02-22,2026-02-24
DEAL-10724,15,13,flagged,2025-06-14,2025-06-18
DEAL-10725,16,2,pending,2026-03-24,2026-04-07
DEAL-10726,14,14,approved,2026-04-10,2026-04-13
DEAL-10727,10,10,approved,2024-05-30,2024-06-03
DEAL-10728,13,7,pending,2024-02-25,2024-02-29
DEAL-10729,13,13,approved,2025-07-26,2025-07-28
DEAL-10730,10,10,approved,2024-11-29,2024-12-02
DEAL-10731,17,13,pending,2024-01-16,2024-01-21
DEAL-10732,20,20,approved,2024-02-13,2024-02-15
DEAL-10733,13,13,approved,2024-07-23,2024-07-26
DEAL-10734,13,13,approved,2026-02-20,2026-02-24
DEAL-10735,18,18,approved,2025-06-28,2025-07-02
DEAL-10736,12,2,flagged,2026-03-27,2026-04-06
DEAL-10737,17,17,approved,2026-04-16,2026-04-18
DEAL-10738,19,19,approved,2025-03-16,2025-03-20
DEAL-10739,12,12,approved,2025-01-29,2025-02-02
DEAL-10740,18,18,approved,2025-10-22,2025-10-27
DEAL-10741,14,14,approved,2025-10-19,2025-10-20
DEAL-10742,16,16,approved,2026-04-23,2026-04-24
DEAL-10743,17,17,approved,2025-03-31,2025-04-02
DEAL-10744,10,6,pending,2025-12-09,2025-12-12
DEAL-10745,20,20,approved,2025-09-26,2025-10-01
DEAL-10746,20,20,approved,2025-12-19,2025-12-24
DEAL-10747,14,14,approved,2025-04-28,2025-05-02
DEAL-10748,19,19,approved,2026-05-10,2026-05-15
DEAL-10749,13,5,approved,,
DEAL-10750,11,11,approved,2025-07-29,2025-08-01
DEAL-10751,9,6,approved,2026-04-23,2026-04-27
DEAL-10752,8,8,approved,2024-09-25,2024-09-26
DEAL-10753,8,8,approved,2024-10-30,2024-11-03
DEAL-10754,10,10,approved,2024-03-01,2024-03-05
DEAL-10755,9,6,pending,2025-11-17,2025-11-30
DEAL-10756,20,20,approved,2025-07-26,2025-07-30
DEAL-10757,19,9,pending,2025-04-21,2025-04-27
DEAL-10758,14,9,pending,2024-04-06,2024-04-08
DEAL-10759,20,20,approved,2024-05-13,2024-05-14
DEAL-10760,20,16,flagged,2025-10-31,2025-11-05
DEAL-10761,10,10,approved,2026-03-14,2026-03-17
DEAL-10762,12,2,flagged,2025-03-04,2025-03-15
DEAL-10763,15,14,approved,2026-02-28,2026-03-02
DEAL-10764,10,10,approved,2024-08-01,2024-08-03
DEAL-10765,10,6,approved,,
DEAL-10766,18,18,approved,2024-03-19,2024-03-20
DEAL-10767,8,7,approved,2025-07-13,2025-07-17
DEAL-10768,9,9,approved,2025-07-28,2025-07-31
DEAL-10769,8,3,flagged,2025-03-29,2025-04-11
DEAL-10770,18,14,flagged,2025-09-04,2025-09-13
DEAL-10771,12,12,approved,2024-05-18,2024-05-19
DEAL-10772,13,13,approved,2026-05-03,2026-05-07
DEAL-10773,18,18,approved,2026-05-07,2026-05-08
DEAL-10774,16,16,approved,2026-04-21,2026-04-24
DEAL-10775,12,12,approved,2024-06-03,2024-06-04
DEAL-10776,8,8,approved,2024-12-04,2024-12-08
DEAL-10777,18,18,approved,2026-04-24,2026-04-29
DEAL-10778,14,11,flagged,2026-02-07,2026-02-14
DEAL-10779,15,15,approved,2026-05-07,2026-05-12
DEAL-10780,15,15,approved,2024-09-28,2024-09-29
DEAL-10781,15,15,approved,2024-04-02,2024-04-04
DEAL-10782,17,17,approved,2026-03-25,2026-03-29
DEAL-10783,9,3,pending,2024-05-30,2024-06-09
DEAL-10784,12,12,approved,2024-02-10,2024-02-12
DEAL-10785,19,19,approved,2024-05-07,2024-05-11
DEAL-10786,20,9,flagged,2026-01-22,2026-02-02
DEAL-10787,20,20,approved,2024-08-10,2024-08-12
DEAL-10788,8,8,approved,2025-08-28,2025-08-31
DEAL-10789,20,20,approved,2025-11-01,2025-11-05
DEAL-10790,16,16,approved,2026-03-17,2026-03-21
DEAL-10791,20,20,approved,2025-07-23,2025-07-26
DEAL-10792,20,2,flagged,2024-09-21,2024-10-02
DEAL-10793,14,7,flagged,2026-01-06,2026-01-18
DEAL-10794,14,14,approved,2025-10-10,2025-10-11
DEAL-10795,18,18,approved,2024-12-31,2025-01-04
DEAL-10796,19,13,approved,,
DEAL-10797,17,10,flagged,2026-04-28,2026-05-09
DEAL-10798,13,13,approved,2026-04-15,2026-04-20
DEAL-10799,11,11,approved,2026-04-09,2026-04-12
DEAL-10800,20,20,approved,2025-02-13,2025-02-14
DEAL-10801,14,12,flagged,2026-04-01,2026-04-05
DEAL-10802,9,9,approved,2024-05-05,2024-05-06
DEAL-10803,15,3,approved,2026-02-19,2026-03-01
DEAL-10804,10,10,approved,2024-10-14,2024-10-16
DEAL-10805,14,14,approved,2024-07-25,2024-07-27
DEAL-10806,19,19,approved,2025-06-24,2025-06-28
DEAL-10807,9,6,flagged,2025-04-30,2025-05-06
DEAL-10808,16,16,approved,2025-03-23,2025-03-27
DEAL-10809,15,15,approved,2025-11-11,2025-11-14
DEAL-10810,8,8,approved,2026-01-14,2026-01-15
DEAL-10811,12,12,approved,2025-08-31,2025-09-03
DEAL-10812,17,17,approved,2025-04-18,2025-04-23
DEAL-10813,10,10,approved,2025-05-20,2025-05-21
DEAL-10814,12,4,pending,2025-11-27,2025-12-11
DEAL-10815,12,9,flagged,2024-12-15,2024-12-25
DEAL-10816,19,19,approved,2025-01-14,2025-01-15
DEAL-10817,15,15,approved,2026-04-01,2026-04-05
DEAL-10818,13,13,approved,2025-03-03,2025-03-06
DEAL-10819,10,10,approved,2026-03-24,2026-03-28
DEAL-10820,8,8,approved,2024-03-31,2024-04-02
DEAL-10821,14,12,flagged,2026-01-21,2026-01-23
DEAL-10822,20,20,approved,2024-11-02,2024-11-03
DEAL-10823,15,6,approved,2026-04-29,2026-05-10
DEAL-10824,20,8,flagged,2024-07-31,2024-08-10
DEAL-10825,10,10,approved,2026-04-28,2026-04-30
DEAL-10826,15,15,approved,2024-05-04,2024-05-06
DEAL-10827,12,4,flagged,2025-03-05,2025-03-07
DEAL-10828,15,15,approved,2024-06-10,2024-06-15
DEAL-10829,20,20,approved,2025-04-22,2025-04-26
DEAL-10830,20,2,approved,2026-02-15,2026-02-27
DEAL-10831,19,19,approved,2026-02-20,2026-02-24
DEAL-10832,19,0,approved,,
DEAL-10833,13,13,approved,2024-06-07,2024-06-08
DEAL-10834,18,5,approved,,
DEAL-10835,20,10,pending,2025-06-03,2025-06-09
DEAL-10836,11,11,approved,2024-08-06,2024-08-07
DEAL-10837,17,17,approved,2026-03-27,2026-03-30
DEAL-10838,9,9,approved,2025-12-16,2025-12-21
DEAL-10839,20,16,pending,2026-04-05,2026-04-10
DEAL-10840,11,11,approved,2024-07-06,2024-07-09
DEAL-10841,13,13,approved,2026-03-10,2026-03-11
DEAL-10842,14,14,approved,2025-04-26,2025-04-28
DEAL-10843,16,6,flagged,2024-07-18,2024-07-21
DEAL-10844,15,15,approved,2025-11-21,2025-11-24
DEAL-10845,9,9,approved,2025-01-11,2025-01-15
DEAL-10846,9,9,approved,2025-06-20,2025-06-22
DEAL-10847,19,19,approved,2026-01-06,2026-01-10
DEAL-10848,13,13,approved,2025-06-21,2025-06-24
DEAL-10849,18,18,approved,2024-07-24,2024-07-27
DEAL-10850,17,17,approved,2025-07-05,2025-07-06
DEAL-10851,20,20,approved,2024-07-20,2024-07-25
DEAL-10852,16,9,pending,2026-01-02,2026-01-13
DEAL-10853,10,10,approved,2024-06-01,2024-06-06
DEAL-10854,13,13,approved,2026-04-14,2026-04-15
DEAL-10855,12,12,pending,2025-12-23,2025-12-27
DEAL-10856,14,14,approved,2025-11-05,2025-11-07
DEAL-10857,16,12,flagged,2025-08-09,2025-08-20
DEAL-10858,15,15,approved,2025-01-23,2025-01-24
DEAL-10859,15,15,approved,2025-08-31,2025-09-03
DEAL-10860,17,17,approved,2025-11-08,2025-11-11
DEAL-10861,18,18,approved,2026-01-12,2026-01-16
DEAL-10862,10,1,approved,2025-07-18,2025-07-22
DEAL-10863,8,8,approved,2025-08-05,2025-08-06
DEAL-10864,20,20,approved,2025-05-11,2025-05-14
DEAL-10865,12,12,approved,2025-07-04,2025-07-06
DEAL-10866,17,17,approved,2026-03-01,2026-03-03
DEAL-10867,11,11,approved,2025-05-14,2025-05-17
DEAL-10868,10,10,approved,2026-02-17,2026-02-19
DEAL-10869,12,12,approved,2026-04-07,2026-04-08
DEAL-10870,14,10,pending,2025-03-12,2025-03-21
DEAL-10871,18,7,approved,2024-04-08,2024-04-12
DEAL-10872,14,14,approved,2025-03-16,2025-03-21
DEAL-10873,15,11,flagged,2024-10-15,2024-10-27
DEAL-10874,15,10,pending,2025-07-26,2025-07-31
DEAL-10875,13,10,flagged,,
DEAL-10876,17,17,approved,2025-05-15,2025-05-17
DEAL-10877,18,7,approved,2024-09-19,2024-09-23
DEAL-10878,20,20,approved,2026-02-25,2026-02-27
DEAL-10879,15,15,approved,2024-09-07,2024-09-08
DEAL-10880,11,2,flagged,2025-03-07,2025-03-15
DEAL-10881,14,14,approved,2025-01-15,2025-01-16
DEAL-10882,10,1,approved,2025-07-23,2025-08-06
DEAL-10883,8,8,approved,2024-06-15,2024-06-16
DEAL-10884,9,9,approved,2026-05-02,2026-05-07
DEAL-10885,9,9,approved,2024-09-07,2024-09-09
DEAL-10886,17,17,approved,2025-01-24,2025-01-29
DEAL-10887,17,17,approved,2026-04-07,2026-04-09
DEAL-10888,17,2,pending,2025-07-15,2025-07-23
DEAL-10889,10,10,approved,2024-08-08,2024-08-12
DEAL-10890,9,9,approved,2026-03-02,2026-03-03
DEAL-10891,20,20,approved,2025-07-11,2025-07-14
DEAL-10892,10,10,approved,2025-12-26,2025-12-28
DEAL-10893,20,20,approved,2026-03-02,2026-03-03
DEAL-10894,13,2,approved,,
DEAL-10895,17,15,flagged,2024-04-30,2024-05-03
DEAL-10896,20,4,flagged,2025-03-12,2025-03-14
DEAL-10897,20,20,approved,2025-11-05,2025-11-07
DEAL-10898,19,11,flagged,2026-03-03,2026-03-13
DEAL-10899,8,8,approved,2024-10-11,2024-10-15
DEAL-10900,15,15,approved,2025-03-28,2025-04-02
DEAL-10901,10,10,approved,2024-05-27,2024-05-31
DEAL-10902,11,11,approved,2026-03-21,2026-03-26
DEAL-10903,16,16,approved,2024-04-27,2024-05-02
DEAL-10904,17,10,approved,,
DEAL-10905,10,10,approved,2025-07-10,2025-07-12
DEAL-10906,8,1,approved,2026-03-24,2026-04-03
DEAL-10907,18,10,flagged,2024-12-26,2025-01-09
DEAL-10908,14,14,approved,2024-04-19,2024-04-22
DEAL-10909,18,18,approved,2025-07-07,2025-07-11
DEAL-10910,18,18,approved,2026-01-16,2026-01-20
DEAL-10911,19,17,approved,2026-03-31,2026-04-05
DEAL-10912,12,5,flagged,,
DEAL-10913,9,9,approved,2026-03-03,2026-03-06
DEAL-10914,10,6,flagged,2025-04-06,2025-04-13
DEAL-10915,9,9,approved,2025-05-28,2025-05-29
DEAL-10916,10,10,approved,2025-06-19,2025-06-23
DEAL-10917,20,20,approved,2025-07-10,2025-07-11
DEAL-10918,12,0,pending,2026-05-15,
DEAL-10919,16,13,pending,2024-09-25,2024-09-28
DEAL-10920,11,11,approved,2026-03-17,2026-03-19
DEAL-10921,8,7,flagged,2026-01-11,2026-01-14
DEAL-10922,10,10,approved,2024-12-20,2024-12-25
DEAL-10923,17,17,approved,2025-08-08,2025-08-13
DEAL-10924,17,17,approved,2025-01-30,2025-01-31
DEAL-10925,14,14,approved,2024-07-27,2024-07-30
DEAL-10926,16,8,pending,2025-03-22,2025-03-26
DEAL-10927,19,16,pending,2024-11-02,2024-11-03
DEAL-10928,10,10,approved,2025-09-16,2025-09-19
DEAL-10929,9,9,approved,2026-03-31,2026-04-05
DEAL-10930,13,13,approved,2024-11-13,2024-11-15
DEAL-10931,14,14,approved,2024-11-21,2024-11-22
DEAL-10932,15,15,approved,2026-05-01,2026-05-04
DEAL-10933,8,4,pending,,
DEAL-10934,16,7,pending,2026-04-13,2026-04-22
DEAL-10935,20,20,approved,2024-07-23,2024-07-27
DEAL-10936,14,14,approved,2024-05-19,2024-05-22
DEAL-10937,12,12,approved,2026-04-13,2026-04-18
DEAL-10938,13,13,approved,2026-03-15,2026-03-20
DEAL-10939,17,17,approved,2026-04-08,2026-04-10
DEAL-10940,10,10,approved,2025-09-28,2025-09-30
DEAL-10941,11,3,pending,2025-09-29,2025-10-04
DEAL-10942,17,17,approved,2025-10-23,2025-10-27
DEAL-10943,18,18,approved,2025-08-21,2025-08-26
DEAL-10944,17,10,flagged,2025-02-05,2025-02-19
DEAL-10945,12,9,flagged,2024-10-25,2024-11-06
DEAL-10946,8,8,approved,2025-06-18,2025-06-22
DEAL-10947,16,16,approved,2026-03-28,2026-04-02
DEAL-10948,11,11,approved,2025-07-17,2025-07-19
DEAL-10949,18,10,approved,,
DEAL-10950,12,2,pending,2025-07-04,2025-07-07
DEAL-10951,14,9,flagged,,
DEAL-10952,15,15,approved,2024-04-22,2024-04-25
DEAL-10953,13,13,approved,2025-11-09,2025-11-14
DEAL-10954,10,10,approved,2025-06-26,2025-06-29
DEAL-10955,18,18,approved,2025-08-18,2025-08-23
DEAL-10956,18,18,approved,2024-05-10,2024-05-14
DEAL-10957,15,6,flagged,2025-06-25,2025-07-01
DEAL-10958,8,8,approved,2024-11-22,2024-11-24
DEAL-10959,17,17,approved,2026-02-14,2026-02-15
DEAL-10960,11,8,pending,2024-07-06,2024-07-20
DEAL-10961,15,15,approved,2026-03-21,2026-03-25
DEAL-10962,15,15,approved,2025-07-29,2025-07-31
DEAL-10963,18,2,pending,2026-03-23,2026-04-04
DEAL-10964,14,14,approved,2026-03-09,2026-03-11
DEAL-10965,17,17,approved,2026-05-02,2026-05-05
DEAL-10966,8,8,approved,2024-09-15,2024-09-20
DEAL-10967,19,19,approved,2024-02-26,2024-03-01
DEAL-10968,10,10,approved,2025-09-18,2025-09-20
DEAL-10969,16,16,approved,2024-07-03,2024-07-04
DEAL-10970,17,1,approved,2024-11-20,2024-12-03
DEAL-10971,20,1,pending,2025-12-08,2025-12-20
DEAL-10972,17,17,approved,2024-10-23,2024-10-24
DEAL-10973,13,13,approved,2025-02-12,2025-02-17
DEAL-10974,12,11,flagged,2026-03-13,2026-03-16
DEAL-10975,17,17,approved,2024-04-27,2024-04-29
DEAL-10976,20,20,approved,2025-01-31,2025-02-03
DEAL-10977,12,12,approved,2024-06-15,2024-06-18
DEAL-10978,15,15,approved,2025-01-06,2025-01-08
DEAL-10979,16,2,approved,,
DEAL-10980,10,7,flagged,2026-03-23,2026-04-04
DEAL-10981,9,9,approved,2025-08-07,2025-08-09
DEAL-10982,14,14,pending,2025-09-22,2025-09-27
DEAL-10983,11,11,pending,2026-05-21,2026-05-24
DEAL-10984,18,11,flagged,2025-04-07,2025-04-10
DEAL-10985,16,12,pending,2024-12-07,2024-12-17
DEAL-10986,15,15,approved,2024-08-26,2024-08-28
DEAL-10987,16,16,approved,2024-06-17,2024-06-19
DEAL-10988,10,8,pending,2026-02-05,2026-02-07
DEAL-10989,13,13,approved,2026-04-30,2026-05-05
DEAL-10990,19,19,approved,2025-05-05,2025-05-06
DEAL-10991,8,8,approved,2026-01-20,2026-01-21
DEAL-10992,9,6,pending,2025-05-18,2025-05-24
DEAL-10993,11,8,pending,2024-06-25,2024-06-29
DEAL-10994,9,9,approved,2025-09-06,2025-09-08
DEAL-10995,14,14,approved,2025-01-23,2025-01-25
DEAL-10996,12,4,pending,2025-09-29,2025-10-02
DEAL-10997,17,14,pending,2024-02-14,2024-02-19
DEAL-10998,17,17,approved,2025-07-16,2025-07-21
DEAL-10999,19,19,approved,2025-07-29,2025-07-30
DEAL-11000,12,12,approved,2024-03-26,2024-03-31
DEAL-11001,12,12,approved,2026-05-03,2026-05-04
DEAL-11002,8,0,flagged,2024-09-09,
DEAL-11003,10,1,pending,2026-04-02,2026-04-14
DEAL-11004,18,18,approved,2024-09-08,2024-09-09
DEAL-11005,16,16,approved,2025-12-17,2025-12-22
DEAL-11006,20,20,approved,2025-09-06,2025-09-10
DEAL-11007,18,2,flagged,2024-08-02,2024-08-13
DEAL-11008,11,11,approved,2024-03-29,2024-03-30
DEAL-11009,19,19,approved,2025-07-12,2025-07-17
DEAL-11010,12,4,pending,2024-02-24,2024-03-04
DEAL-11011,16,12,pending,2024-08-05,2024-08-12
DEAL-11012,11,11,approved,2025-08-20,2025-08-24
DEAL-11013,10,10,approved,2025-08-26,2025-08-30
DEAL-11014,19,1,pending,2025-07-01,2025-07-15
DEAL-11015,10,10,approved,2025-08-10,2025-08-12
DEAL-11016,17,17,approved,2026-04-05,2026-04-08
DEAL-11017,8,3,approved,2025-09-15,2025-09-18
DEAL-11018,14,14,approved,2025-07-29,2025-08-03
DEAL-11019,18,18,approved,2025-05-31,2025-06-03
DEAL-11020,10,10,approved,2025-06-08,2025-06-13
DEAL-11021,15,15,approved,2024-12-11,2024-12-13
DEAL-11022,13,8,pending,2025-08-14,2025-08-26
DEAL-11023,14,14,approved,2025-08-31,2025-09-01
DEAL-11024,10,10,approved,2024-04-28,2024-05-03
DEAL-11025,12,12,approved,2026-03-04,2026-03-06
DEAL-11026,17,17,approved,2026-04-17,2026-04-20
DEAL-11027,14,14,approved,2025-06-05,2025-06-08
DEAL-11028,17,17,approved,2024-07-31,2024-08-02
DEAL-11029,11,5,pending,2025-10-14,2025-10-25
DEAL-11030,8,8,approved,2024-05-31,2024-06-03
DEAL-11031,20,20,approved,2025-04-13,2025-04-17
DEAL-11032,16,12,flagged,2024-05-13,2024-05-27
DEAL-11033,19,17,flagged,2024-10-13,2024-10-14
DEAL-11034,10,10,approved,2026-02-26,2026-02-28
DEAL-11035,20,14,pending,2026-04-14,2026-04-17
DEAL-11036,15,15,approved,2024-11-26,2024-12-01
DEAL-11037,16,12,flagged,2026-03-09,2026-03-12
DEAL-11038,8,0,pending,2026-03-11,
DEAL-11039,17,17,approved,2026-02-11,2026-02-15
DEAL-11040,17,17,approved,2026-04-16,2026-04-21
DEAL-11041,9,7,flagged,2025-08-31,2025-09-12
DEAL-11042,11,11,approved,2025-04-26,2025-04-30
DEAL-11043,15,15,approved,2026-03-08,2026-03-09
DEAL-11044,14,14,approved,2024-08-31,2024-09-01
DEAL-11045,19,2,flagged,2026-02-27,2026-03-07
DEAL-11046,12,12,approved,2026-02-23,2026-02-25
DEAL-11047,8,8,approved,2024-04-12,2024-04-17
DEAL-11048,12,12,approved,2026-02-25,2026-02-26
DEAL-11049,18,18,approved,2024-04-02,2024-04-07
DEAL-11050,20,20,approved,2025-01-31,2025-02-01
DEAL-11051,15,15,approved,2024-08-12,2024-08-16
DEAL-11052,19,15,pending,2025-08-30,2025-09-09
DEAL-11053,20,16,flagged,2024-11-18,2024-11-23
DEAL-11054,14,14,approved,2024-06-12,2024-06-14
DEAL-11055,15,15,approved,2024-03-20,2024-03-22
DEAL-11056,8,8,approved,2024-04-21,2024-04-26
DEAL-11057,18,18,approved,2026-01-31,2026-02-04
DEAL-11058,17,17,approved,2026-02-16,2026-02-19
DEAL-11059,14,14,approved,2025-09-07,2025-09-12
DEAL-11060,20,20,approved,2025-09-03,2025-09-04
DEAL-11061,18,13,pending,2025-12-11,2025-12-13
DEAL-11062,10,10,approved,2024-04-24,2024-04-28
DEAL-11063,11,11,approved,2024-08-21,2024-08-22
DEAL-11064,13,13,approved,2024-06-20,2024-06-22
DEAL-11065,17,7,pending,2025-05-10,2025-05-23
DEAL-11066,16,9,pending,2024-08-23,2024-08-30
DEAL-11067,14,6,pending,2026-02-26,2026-03-10
DEAL-11068,13,13,approved,2025-08-31,2025-09-04
DEAL-11069,17,9,pending,,
DEAL-11070,16,16,approved,2024-03-12,2024-03-17
DEAL-11071,9,0,pending,2025-04-04,
DEAL-11072,15,12,approved,2025-11-28,2025-12-03
DEAL-11073,17,17,approved,2026-03-28,2026-03-29
DEAL-11074,8,8,approved,2025-03-07,2025-03-10
DEAL-11075,13,13,approved,2024-11-13,2024-11-18
DEAL-11076,13,11,flagged,2024-01-16,2024-01-18
DEAL-11077,16,16,approved,2024-06-04,2024-06-09
DEAL-11078,20,10,pending,,
DEAL-11079,9,6,approved,2024-06-21,2024-07-01
DEAL-11080,13,13,approved,2025-01-21,2025-01-23
DEAL-11081,16,8,approved,2024-07-09,2024-07-22
DEAL-11082,18,18,approved,2026-03-28,2026-04-01
DEAL-11083,8,4,flagged,2025-08-26,2025-09-05
DEAL-11084,11,7,pending,2025-04-04,2025-04-16
DEAL-11085,8,8,approved,2024-06-13,2024-06-17
DEAL-11086,13,13,approved,2024-11-21,2024-11-26
DEAL-11087,18,18,approved,2024-11-14,2024-11-19
DEAL-11088,13,13,approved,2025-06-28,2025-07-02
DEAL-11089,16,16,approved,2026-01-03,2026-01-05
DEAL-11090,14,14,pending,2026-04-02,2026-04-05
DEAL-11091,13,4,pending,2024-04-20,2024-05-01
DEAL-11092,20,20,approved,2024-07-31,2024-08-01
DEAL-11093,10,5,approved,2025-08-12,2025-08-25
DEAL-11094,8,8,approved,2025-05-11,2025-05-15
DEAL-11095,14,14,approved,2026-04-03,2026-04-04
DEAL-11096,13,13,approved,2026-03-13,2026-03-16
DEAL-11097,19,2,approved,2024-07-23,2024-08-03
DEAL-11098,16,16,approved,2024-09-29,2024-10-01
DEAL-11099,8,8,approved,2025-06-27,2025-06-28
DEAL-11100,13,9,pending,2025-07-31,2025-08-12
DEAL-11101,10,5,approved,2024-04-11,2024-04-25
DEAL-11102,15,15,approved,2026-04-18,2026-04-20
DEAL-11103,20,20,approved,2026-02-06,2026-02-10
DEAL-11104,14,14,approved,2026-03-12,2026-03-15
DEAL-11105,14,7,pending,2025-11-01,2025-11-11
DEAL-11106,16,12,pending,2025-11-11,2025-11-24
DEAL-11107,17,17,approved,2025-04-05,2025-04-10
DEAL-11108,19,19,approved,2025-10-08,2025-10-11
DEAL-11109,18,18,approved,2025-12-17,2025-12-22
DEAL-11110,15,15,approved,2025-10-15,2025-10-19
DEAL-11111,13,13,approved,2026-03-03,2026-03-07
DEAL-11112,8,8,approved,2024-05-24,2024-05-29
DEAL-11113,15,8,approved,2026-04-15,2026-04-19
DEAL-11114,14,10,pending,2025-11-27,2025-11-30
DEAL-11115,12,12,approved,2024-05-02,2024-05-06
DEAL-11116,11,11,approved,2025-06-18,2025-06-23
DEAL-11117,9,3,flagged,2025-01-26,2025-02-06
DEAL-11118,14,14,approved,2026-02-05,2026-02-07
DEAL-11119,11,11,approved,2026-04-28,2026-04-30
DEAL-11120,13,13,approved,2025-01-29,2025-01-30
DEAL-11121,12,7,flagged,2025-08-07,2025-08-13
DEAL-11122,12,12,approved,2024-11-21,2024-11-22
DEAL-11123,12,12,approved,2026-04-05,2026-04-08
DEAL-11124,15,15,approved,2024-06-15,2024-06-17
DEAL-11125,12,12,approved,2024-12-08,2024-12-10
DEAL-11126,17,17,flagged,2026-03-06,2026-03-07
DEAL-11127,11,6,flagged,2025-01-15,2025-01-29
DEAL-11128,16,16,approved,2025-04-20,2025-04-24
DEAL-11129,20,17,approved,2024-11-02,2024-11-04
DEAL-11130,8,8,approved,2026-04-15,2026-04-18
DEAL-11131,17,17,approved,2025-11-10,2025-11-14
DEAL-11132,13,13,approved,2025-03-10,2025-03-13
DEAL-11133,16,16,approved,2024-04-13,2024-04-14
DEAL-11134,9,9,approved,2025-07-04,2025-07-08
DEAL-11135,18,10,pending,2024-04-06,2024-04-10
DEAL-11136,17,17,approved,2025-10-21,2025-10-22
DEAL-11137,12,9,flagged,2025-11-16,2025-11-23
DEAL-11138,12,7,approved,2025-11-10,2025-11-23
DEAL-11139,20,8,pending,2024-08-21,2024-09-03
DEAL-11140,11,4,approved,2025-10-05,2025-10-18
DEAL-11141,17,17,approved,2025-11-03,2025-11-05
DEAL-11142,11,11,approved,2024-09-03,2024-09-08
DEAL-11143,14,14,approved,2024-04-24,2024-04-28
DEAL-11144,12,12,approved,2024-10-06,2024-10-07
DEAL-11145,8,8,approved,2024-11-26,2024-12-01
DEAL-11146,14,14,approved,2026-05-18,2026-05-19
DEAL-11147,13,13,approved,2025-05-16,2025-05-18
DEAL-11148,8,8,approved,2024-02-19,2024-02-22
DEAL-11149,16,16,approved,2026-03-30,2026-04-02
DEAL-11150,10,3,flagged,2024-09-03,2024-09-11
DEAL-11151,15,15,approved,2025-07-15,2025-07-18
DEAL-11152,11,11,approved,2024-08-01,2024-08-04
DEAL-11153,15,15,approved,2026-04-07,2026-04-10
DEAL-11154,13,3,flagged,2024-04-15,2024-04-18
DEAL-11155,19,4,flagged,2026-03-05,2026-03-13
DEAL-11156,20,4,approved,2024-11-28,2024-12-08
DEAL-11157,18,18,approved,2026-02-14,2026-02-18
DEAL-11158,14,14,approved,2026-03-28,2026-04-01
DEAL-11159,13,13,approved,2024-12-02,2024-12-07
DEAL-11160,9,9,approved,2025-07-18,2025-07-22
DEAL-11161,10,3,flagged,2026-05-07,2026-05-19
DEAL-11162,17,17,approved,2025-12-22,2025-12-25
DEAL-11163,20,20,approved,2025-04-16,2025-04-18
DEAL-11164,10,6,pending,2025-09-10,2025-09-17
DEAL-11165,9,0,pending,,
DEAL-11166,19,2,pending,2025-12-05,2025-12-19
DEAL-11167,11,2,pending,2025-03-29,2025-04-01
DEAL-11168,18,9,pending,2024-07-11,2024-07-17
DEAL-11169,15,10,pending,2025-05-07,2025-05-09
DEAL-11170,19,19,approved,2025-10-06,2025-10-08
DEAL-11171,11,9,pending,2024-05-27,2024-06-01
DEAL-11172,18,18,approved,2026-05-13,2026-05-18
DEAL-11173,13,10,flagged,2024-10-13,2024-10-22
DEAL-11174,20,20,approved,2026-05-12,2026-05-14
DEAL-11175,13,13,approved,2026-03-11,2026-03-13
DEAL-11176,9,9,approved,2025-11-16,2025-11-18
DEAL-11177,15,15,approved,2025-07-09,2025-07-12
DEAL-11178,9,9,approved,2024-11-28,2024-12-02
DEAL-11179,13,13,approved,2026-05-06,2026-05-11
DEAL-11180,15,15,approved,2026-05-09,2026-05-14
DEAL-11181,17,17,approved,2024-10-26,2024-10-27
DEAL-11182,12,12,approved,2025-05-13,2025-05-17
DEAL-11183,17,17,approved,2025-12-19,2025-12-22
DEAL-11184,13,13,approved,2024-08-25,2024-08-28
DEAL-11185,10,4,flagged,2024-12-01,2024-12-06
DEAL-11186,10,10,approved,2025-09-22,2025-09-23
DEAL-11187,11,11,approved,2025-04-03,2025-04-07
DEAL-11188,14,14,approved,2025-06-08,2025-06-09
DEAL-11189,12,12,approved,2025-04-08,2025-04-12
DEAL-11190,19,19,approved,2024-11-29,2024-12-03
DEAL-11191,9,9,approved,2025-12-22,2025-12-24
DEAL-11192,17,17,approved,2024-09-21,2024-09-26
DEAL-11193,8,4,approved,2024-09-14,2024-09-28
DEAL-11194,14,14,approved,2024-11-16,2024-11-19
DEAL-11195,14,14,approved,2025-11-30,2025-12-02
DEAL-11196,11,11,approved,2025-11-24,2025-11-25
DEAL-11197,20,20,approved,2026-03-14,2026-03-15
DEAL-11198,10,10,approved,2024-07-09,2024-07-12
DEAL-11199,19,19,approved,2026-02-08,2026-02-13
DEAL-11200,13,13,approved,2026-03-13,2026-03-14
DEAL-11201,12,9,flagged,2024-08-31,2024-09-08
DEAL-11202,18,18,approved,2026-02-23,2026-02-26
DEAL-11203,13,10,pending,2024-06-15,2024-06-28
DEAL-11204,17,17,approved,2024-10-04,2024-10-06
DEAL-11205,17,2,flagged,2025-05-18,2025-05-24
DEAL-11206,10,10,approved,2024-07-06,2024-07-08
DEAL-11207,17,17,approved,2024-12-26,2024-12-30
DEAL-11208,8,4,pending,2026-05-13,2026-05-18
DEAL-11209,19,19,approved,2024-10-05,2024-10-07
DEAL-11210,11,11,approved,2026-04-15,2026-04-18
DEAL-11211,16,16,approved,2024-05-12,2024-05-13
DEAL-11212,17,17,approved,2025-09-18,2025-09-22
DEAL-11213,11,11,approved,2025-05-18,2025-05-19
DEAL-11214,10,10,approved,2025-01-18,2025-01-23
DEAL-11215,17,9,approved,2024-10-28,2024-11-08
DEAL-11216,19,4,flagged,2025-06-30,2025-07-09
DEAL-11217,17,17,approved,2026-05-03,2026-05-08
DEAL-11218,17,17,approved,2025-01-21,2025-01-25
DEAL-11219,13,13,approved,2026-05-04,2026-05-06
DEAL-11220,14,1,pending,2025-09-03,2025-09-07
DEAL-11221,17,10,flagged,2026-02-15,2026-02-28
DEAL-11222,18,18,approved,2025-05-18,2025-05-23
DEAL-11223,20,20,approved,2024-04-28,2024-04-30
DEAL-11224,14,14,approved,2026-05-19,2026-05-24
DEAL-11225,19,19,approved,2026-03-04,2026-03-07
DEAL-11226,12,12,approved,2025-03-11,2025-03-12
DEAL-11227,13,13,approved,2024-11-28,2024-12-01
DEAL-11228,9,9,approved,2025-05-15,2025-05-17
DEAL-11229,14,11,pending,2025-09-23,2025-10-06
DEAL-11230,12,12,approved,2024-05-28,2024-05-30
DEAL-11231,17,17,approved,2024-09-30,2024-10-02
DEAL-11232,12,11,flagged,2025-04-17,2025-04-18
DEAL-11233,19,10,flagged,2025-01-04,2025-01-08
DEAL-11234,20,20,approved,2025-04-25,2025-04-27
DEAL-11235,10,10,approved,2024-10-07,2024-10-11
DEAL-11236,18,18,approved,2025-07-06,2025-07-09
DEAL-11237,18,18,approved,2026-03-11,2026-03-12
DEAL-11238,8,8,approved,2024-09-03,2024-09-08
DEAL-11239,9,9,approved,2026-04-06,2026-04-10
DEAL-11240,15,8,pending,,
DEAL-11241,16,3,approved,,
DEAL-11242,12,12,approved,2024-03-17,2024-03-19
DEAL-11243,12,12,pending,,
DEAL-11244,12,12,approved,2024-07-07,2024-07-09
DEAL-11245,20,20,approved,2024-09-15,2024-09-19
DEAL-11246,19,19,approved,2026-05-19,2026-05-22
DEAL-11247,13,13,approved,2025-06-29,2025-07-03
DEAL-11248,18,18,approved,2025-07-29,2025-08-01
DEAL-11249,17,17,approved,2025-06-14,2025-06-19
DEAL-11250,16,16,approved,2024-09-14,2024-09-16
DEAL-11251,17,17,approved,2025-06-26,2025-07-01
DEAL-11252,11,2,flagged,,
DEAL-11253,8,8,approved,2024-06-30,2024-07-05
DEAL-11254,18,18,approved,2026-05-09,2026-05-11
DEAL-11255,16,2,pending,2024-03-13,2024-03-21
DEAL-11256,13,13,approved,2026-03-30,2026-04-04
DEAL-11257,15,15,approved,2025-09-13,2025-09-18
DEAL-11258,18,7,approved,,
DEAL-11259,9,9,approved,2024-09-21,2024-09-24
DEAL-11260,11,11,approved,2024-10-08,2024-10-13
DEAL-11261,9,9,approved,2025-09-22,2025-09-24
DEAL-11262,13,13,approved,2025-04-11,2025-04-16
DEAL-11263,20,20,approved,2024-12-29,2025-01-03
DEAL-11264,18,18,approved,2024-04-19,2024-04-20
DEAL-11265,20,4,pending,2025-11-30,2025-12-03
DEAL-11266,20,20,approved,2026-04-09,2026-04-14
DEAL-11267,18,18,approved,2026-03-04,2026-03-05
DEAL-11268,19,3,pending,2025-12-24,2026-01-02
DEAL-11269,18,15,flagged,2026-04-30,2026-05-01
DEAL-11270,9,7,pending,2024-04-05,2024-04-13
DEAL-11271,12,12,approved,2026-05-14,2026-05-19
DEAL-11272,10,10,approved,2025-03-19,2025-03-23
DEAL-11273,14,14,approved,2024-08-14,2024-08-16
DEAL-11274,15,12,pending,2024-11-11,2024-11-14
DEAL-11275,12,12,approved,2024-04-04,2024-04-07
DEAL-11276,12,12,approved,2026-04-23,2026-04-25
DEAL-11277,11,8,flagged,2024-10-21,2024-10-25
DEAL-11278,10,10,approved,2026-03-25,2026-03-26
DEAL-11279,15,15,approved,2025-10-09,2025-10-12
DEAL-11280,14,2,flagged,2025-11-03,2025-11-10
DEAL-11281,8,8,approved,2024-07-04,2024-07-09
DEAL-11282,13,3,pending,2026-04-13,2026-04-17
DEAL-11283,9,9,approved,2026-04-12,2026-04-16
DEAL-11284,8,8,approved,2024-07-25,2024-07-28
DEAL-11285,8,8,approved,2025-10-17,2025-10-22
DEAL-11286,14,14,approved,2024-02-12,2024-02-17
DEAL-11287,8,6,flagged,2025-07-05,2025-07-09
DEAL-11288,8,0,pending,2024-04-28,
DEAL-11289,8,8,approved,2025-04-15,2025-04-19
DEAL-11290,11,11,approved,2025-06-02,2025-06-03
DEAL-11291,18,18,approved,2024-10-10,2024-10-15
DEAL-11292,13,13,approved,2024-04-06,2024-04-08
DEAL-11293,14,14,approved,2024-07-01,2024-07-06
DEAL-11294,9,9,approved,2025-01-22,2025-01-27
DEAL-11295,16,4,approved,2025-02-23,2025-03-03
DEAL-11296,8,8,approved,2024-06-23,2024-06-25
DEAL-11297,16,16,approved,2025-02-15,2025-02-16
DEAL-11298,18,18,approved,2026-03-03,2026-03-06
DEAL-11299,9,9,approved,2025-07-24,2025-07-28
DEAL-11300,9,9,approved,2024-10-15,2024-10-17
DEAL-11301,8,8,approved,,
DEAL-11302,14,14,approved,2025-10-26,2025-10-29
DEAL-11303,16,16,approved,2026-05-20,2026-05-21
DEAL-11304,9,7,flagged,,
DEAL-11305,15,15,approved,2024-06-05,2024-06-06
DEAL-11306,14,14,approved,2024-07-03,2024-07-06
DEAL-11307,12,6,pending,2026-03-31,2026-04-04
DEAL-11308,13,13,approved,2024-06-01,2024-06-04
DEAL-11309,16,16,approved,2024-11-20,2024-11-25
DEAL-11310,17,17,approved,2025-11-08,2025-11-10
DEAL-11311,17,4,flagged,2025-06-30,2025-07-09
DEAL-11312,16,16,approved,2024-12-04,2024-12-09
DEAL-11313,15,5,flagged,2026-03-15,2026-03-17
DEAL-11314,18,18,approved,2025-06-09,2025-06-11
DEAL-11315,8,8,approved,2024-07-04,2024-07-08
DEAL-11316,12,12,approved,2024-12-13,2024-12-16
DEAL-11317,19,19,approved,2025-04-25,2025-04-26
DEAL-11318,10,5,flagged,,
DEAL-11319,16,16,approved,2025-07-26,2025-07-27
DEAL-11320,13,13,approved,2025-07-03,2025-07-07
DEAL-11321,17,17,approved,2024-07-05,2024-07-08
DEAL-11322,13,13,approved,2025-10-30,2025-11-02
DEAL-11323,12,12,approved,2025-04-23,2025-04-26
DEAL-11324,10,1,pending,2025-06-25,2025-07-08
DEAL-11325,15,15,approved,2026-04-30,2026-05-03
DEAL-11326,14,14,approved,2025-08-16,2025-08-21
DEAL-11327,14,14,approved,2025-05-28,2025-06-01
DEAL-11328,19,19,approved,2025-04-11,2025-04-15
DEAL-11329,14,14,approved,2024-08-02,2024-08-05
DEAL-11330,20,20,approved,2025-07-19,2025-07-20
DEAL-11331,8,8,approved,2024-03-21,2024-03-22
DEAL-11332,16,16,approved,2024-10-19,2024-10-20
DEAL-11333,11,11,approved,2026-01-03,2026-01-05
DEAL-11334,20,6,flagged,2026-04-16,2026-04-28
DEAL-11335,18,18,approved,2024-06-24,2024-06-28
DEAL-11336,10,10,approved,2024-04-19,2024-04-23
DEAL-11337,8,8,approved,2026-01-21,2026-01-24
DEAL-11338,20,20,approved,2025-05-28,2025-05-29
DEAL-11339,10,10,approved,2026-02-24,2026-03-01
DEAL-11340,14,5,pending,2024-06-29,2024-07-08
DEAL-11341,18,18,approved,2026-05-15,2026-05-17
DEAL-11342,17,17,approved,2025-01-01,2025-01-03
DEAL-11343,8,3,flagged,2026-02-26,2026-03-08
DEAL-11344,13,13,approved,2025-06-14,2025-06-16
DEAL-11345,11,11,approved,2024-04-12,2024-04-13
DEAL-11346,20,20,approved,2026-02-12,2026-02-13
DEAL-11347,16,16,approved,2024-05-24,2024-05-27
DEAL-11348,14,10,pending,2025-11-10,2025-11-20
DEAL-11349,13,9,pending,2025-04-21,2025-04-24
DEAL-11350,19,0,pending,2024-06-12,
DEAL-11351,16,16,approved,2026-04-25,2026-04-28
DEAL-11352,12,7,approved,2025-09-10,2025-09-17
DEAL-11353,9,6,flagged,2024-06-27,2024-07-02
DEAL-11354,17,17,approved,2025-08-13,2025-08-18
DEAL-11355,14,14,approved,2025-12-12,2025-12-13
DEAL-11356,17,17,flagged,2024-06-09,2024-06-12
DEAL-11357,17,17,approved,2025-07-22,2025-07-23
DEAL-11358,19,19,approved,2026-04-27,2026-05-01
DEAL-11359,9,9,approved,2025-12-19,2025-12-21
DEAL-11360,17,17,approved,2026-03-18,2026-03-22
DEAL-11361,20,8,flagged,2025-05-24,2025-05-29
DEAL-11362,10,10,approved,2024-03-07,2024-03-11
DEAL-11363,17,17,approved,2025-09-13,2025-09-15
DEAL-11364,9,9,approved,2024-09-09,2024-09-14
DEAL-11365,18,0,flagged,2025-06-08,
DEAL-11366,19,8,pending,2026-01-03,2026-01-10
DEAL-11367,15,5,approved,2024-12-20,2024-12-27
DEAL-11368,16,16,approved,2024-04-25,2024-04-30
DEAL-11369,12,4,flagged,2025-06-04,2025-06-18
DEAL-11370,8,8,approved,2024-10-21,2024-10-24
DEAL-11371,16,13,flagged,2025-01-08,2025-01-09
DEAL-11372,12,12,approved,2025-08-12,2025-08-14
DEAL-11373,12,3,pending,2026-03-29,2026-04-02
DEAL-11374,18,18,approved,2026-04-19,2026-04-23
DEAL-11375,16,16,approved,2024-10-23,2024-10-26
DEAL-11376,9,9,approved,2026-03-18,2026-03-23
DEAL-11377,9,9,approved,2024-06-25,2024-06-29
DEAL-11378,17,17,approved,2024-03-31,2024-04-02
DEAL-11379,16,16,approved,2025-08-16,2025-08-20
DEAL-11380,16,16,approved,2026-01-13,2026-01-15
DEAL-11381,19,6,flagged,2025-12-11,2025-12-16
DEAL-11382,18,18,approved,2024-11-26,2024-11-29
DEAL-11383,9,4,flagged,2026-05-03,2026-05-09
DEAL-11384,9,9,approved,2025-12-09,2025-12-10
DEAL-11385,18,18,approved,2025-08-17,2025-08-18
DEAL-11386,8,8,approved,2024-04-25,2024-04-27
DEAL-11387,10,7,approved,2024-11-25,2024-12-05
DEAL-11388,14,8,pending,2025-09-09,2025-09-13
DEAL-11389,9,9,approved,2025-10-18,2025-10-19
DEAL-11390,12,12,approved,2026-04-30,2026-05-01
DEAL-11391,8,8,approved,2026-04-18,2026-04-19
DEAL-11392,10,10,approved,2024-04-13,2024-04-14
DEAL-11393,16,16,approved,2024-12-02,2024-12-05
DEAL-11394,20,20,approved,2026-03-14,2026-03-16
DEAL-11395,12,7,approved,,
DEAL-11396,11,10,approved,2026-04-07,2026-04-11
DEAL-11397,15,3,flagged,2025-11-10,2025-11-23
DEAL-11398,8,8,approved,2026-03-06,2026-03-08
DEAL-11399,12,12,approved,2024-09-14,2024-09-17
DEAL-11400,10,4,flagged,2026-04-01,2026-04-07
DEAL-11401,9,9,approved,2025-09-23,2025-09-24
DEAL-11402,20,13,pending,2025-05-14,2025-05-17
DEAL-11403,11,8,pending,2024-02-22,2024-02-25
DEAL-11404,11,0,pending,2024-05-27,
DEAL-11405,18,18,approved,2026-03-09,2026-03-13
DEAL-11406,13,13,approved,2026-03-24,2026-03-26
DEAL-11407,8,5,flagged,2025-04-12,2025-04-19
DEAL-11408,17,17,approved,2025-04-11,2025-04-14
DEAL-11409,20,20,approved,2024-11-18,2024-11-22
DEAL-11410,16,16,approved,2025-05-13,2025-05-14
DEAL-11411,19,12,pending,2024-04-28,2024-05-06
DEAL-11412,17,17,approved,2024-07-04,2024-07-09
DEAL-11413,11,11,approved,2024-10-17,2024-10-18
DEAL-11414,15,2,flagged,2024-04-06,2024-04-16
DEAL-11415,15,11,flagged,2024-10-31,2024-11-04
DEAL-11416,19,7,flagged,2024-03-10,2024-03-16
DEAL-11417,20,20,approved,2025-07-04,2025-07-09
DEAL-11418,9,9,approved,2025-04-23,2025-04-24
DEAL-11419,11,11,approved,2025-05-13,2025-05-14
DEAL-11420,13,4,approved,2025-09-13,2025-09-22
DEAL-11421,14,7,approved,2025-06-10,2025-06-17
DEAL-11422,12,12,approved,2026-01-28,2026-01-30
DEAL-11423,14,14,approved,2024-07-06,2024-07-09
DEAL-11424,11,11,approved,2025-06-16,2025-06-17
DEAL-11425,20,2,approved,2024-11-29,2024-12-05
DEAL-11426,9,9,approved,2024-04-16,2024-04-17
DEAL-11427,19,19,approved,2024-08-15,2024-08-18
DEAL-11428,19,19,approved,2026-03-23,2026-03-25
DEAL-11429,8,8,approved,2026-01-10,2026-01-13
DEAL-11430,19,19,approved,2026-03-28,2026-04-02
DEAL-11431,9,2,approved,2025-01-21,2025-01-28
DEAL-11432,10,10,approved,2024-08-17,2024-08-19
DEAL-11433,12,4,flagged,2025-08-15,2025-08-21
DEAL-11434,10,2,pending,2026-05-13,2026-05-23
DEAL-11435,12,9,flagged,2026-04-03,2026-04-10
DEAL-11436,18,18,approved,2026-05-08,2026-05-10
DEAL-11437,9,9,approved,2025-09-16,2025-09-18
DEAL-11438,8,0,flagged,,
DEAL-11439,15,15,approved,2026-03-31,2026-04-03
DEAL-11440,17,7,pending,2025-05-30,2025-06-10
DEAL-11441,11,4,pending,2024-05-22,2024-05-24
DEAL-11442,13,11,approved,2026-03-21,2026-03-26
DEAL-11443,14,14,approved,2025-03-15,2025-03-16
DEAL-11444,20,17,flagged,2025-06-20,2025-06-24
DEAL-11445,11,11,approved,2026-04-15,2026-04-20
DEAL-11446,14,14,approved,2024-03-03,2024-03-07
DEAL-11447,8,8,approved,2025-04-06,2025-04-08
DEAL-11448,12,12,approved,2024-06-25,2024-06-30
DEAL-11449,8,8,approved,2026-03-31,2026-04-05
DEAL-11450,13,13,approved,2026-01-03,2026-01-05
DEAL-11451,10,10,approved,2025-12-04,2025-12-07
DEAL-11452,16,16,approved,2024-06-07,2024-06-12
DEAL-11453,11,11,approved,2024-05-13,2024-05-18
DEAL-11454,20,13,approved,2026-04-23,2026-05-01
DEAL-11455,15,15,approved,2026-05-03,2026-05-07
DEAL-11456,9,9,approved,2025-12-31,2026-01-01
DEAL-11457,13,13,approved,2026-03-28,2026-03-31
DEAL-11458,9,9,approved,2024-08-24,2024-08-29
DEAL-11459,18,2,pending,2024-08-02,2024-08-10
DEAL-11460,8,8,approved,2025-04-27,2025-04-28
DEAL-11461,19,18,pending,2025-05-16,2025-05-20
DEAL-11462,16,16,approved,2025-02-09,2025-02-12
DEAL-11463,13,13,approved,2026-03-01,2026-03-04
DEAL-11464,17,17,approved,2026-04-20,2026-04-25
DEAL-11465,16,16,approved,2025-10-13,2025-10-17
DEAL-11466,16,16,approved,2026-01-22,2026-01-24
DEAL-11467,9,9,approved,2025-06-25,2025-06-27
DEAL-11468,17,17,approved,2025-08-08,2025-08-12
DEAL-11469,20,20,approved,2025-08-16,2025-08-21
DEAL-11470,14,14,approved,2026-02-28,2026-03-03
DEAL-11471,18,18,approved,2026-05-03,2026-05-06
DEAL-11472,16,5,pending,2025-05-14,2025-05-27
DEAL-11473,12,12,approved,2025-01-26,2025-01-31
DEAL-11474,15,15,approved,2024-05-04,2024-05-07
DEAL-11475,9,3,approved,2024-06-30,2024-07-07
DEAL-11476,17,17,approved,2024-08-26,2024-08-28
DEAL-11477,19,19,approved,2026-04-24,2026-04-28
DEAL-11478,18,18,approved,2024-07-08,2024-07-13
DEAL-11479,14,14,approved,2026-03-21,2026-03-25
DEAL-11480,12,7,pending,2026-01-10,2026-01-19
DEAL-11481,18,18,approved,2025-04-16,2025-04-21
DEAL-11482,19,19,approved,2025-11-20,2025-11-22
DEAL-11483,9,9,approved,2026-03-01,2026-03-06
DEAL-11484,15,5,pending,2026-05-21,2026-06-01
DEAL-11485,19,19,approved,2024-06-09,2024-06-13
DEAL-11486,13,13,approved,2025-12-15,2025-12-16
DEAL-11487,15,15,approved,2025-10-26,2025-10-30
DEAL-11488,13,13,approved,2024-05-20,2024-05-21
DEAL-11489,9,9,approved,2025-09-18,2025-09-19
DEAL-11490,8,8,approved,2025-07-30,2025-07-31
DEAL-11491,8,3,flagged,,
DEAL-11492,8,4,pending,2025-02-10,2025-02-20
DEAL-11493,15,15,approved,2025-02-05,2025-02-10
DEAL-11494,11,11,approved,2025-10-07,2025-10-10
DEAL-11495,14,10,pending,2026-03-09,2026-03-11
DEAL-11496,14,0,pending,2025-08-19,
DEAL-11497,8,8,approved,2025-07-29,2025-07-31
DEAL-11498,18,18,approved,2025-05-19,2025-05-23
DEAL-11499,18,2,flagged,2024-03-11,2024-03-13
DEAL-11500,16,16,approved,2025-02-04,2025-02-05
DEAL-11501,9,9,approved,2024-05-04,2024-05-07
DEAL-11502,12,3,pending,2024-11-11,2024-11-13
DEAL-11503,15,15,approved,2026-04-13,2026-04-18
DEAL-11504,19,19,approved,2025-11-27,2025-12-02
DEAL-11505,11,6,flagged,2025-09-16,2025-09-19
DEAL-11506,20,20,approved,2024-09-19,2024-09-24
DEAL-11507,16,16,approved,2024-07-18,2024-07-20
DEAL-11508,15,9,pending,2024-06-23,2024-06-30
DEAL-11509,10,2,pending,2026-04-28,2026-05-07
DEAL-11510,8,8,approved,2026-05-04,2026-05-09
DEAL-11511,12,7,flagged,2024-08-08,2024-08-11
DEAL-11512,18,12,flagged,2024-08-22,2024-08-26
DEAL-11513,15,11,flagged,2026-03-18,2026-03-29
DEAL-11514,13,5,flagged,2024-03-23,2024-04-03
DEAL-11515,13,13,approved,2024-12-27,2024-12-31
DEAL-11516,12,11,flagged,2026-01-21,2026-01-23
DEAL-11517,9,9,approved,2024-03-25,2024-03-26
DEAL-11518,14,14,approved,2025-07-30,2025-07-31
DEAL-11519,12,12,approved,2025-07-14,2025-07-16
DEAL-11520,13,13,approved,2026-04-28,2026-04-30
DEAL-11521,12,12,approved,2026-05-08,2026-05-11
DEAL-11522,16,16,approved,2025-03-02,2025-03-03
DEAL-11523,16,8,pending,2024-08-31,2024-09-04
DEAL-11524,15,2,pending,2026-01-16,2026-01-27
DEAL-11525,11,11,approved,2024-07-08,2024-07-09
DEAL-11526,17,11,pending,2024-05-29,2024-06-06
DEAL-11527,11,11,approved,2024-09-07,2024-09-09
DEAL-11528,13,13,approved,2024-04-25,2024-04-27
DEAL-11529,9,9,approved,2024-12-24,2024-12-27
DEAL-11530,19,19,approved,2025-12-05,2025-12-10
DEAL-11531,9,9,approved,2025-10-20,2025-10-23
DEAL-11532,20,20,approved,2025-08-09,2025-08-13
DEAL-11533,12,12,approved,2026-03-12,2026-03-13
DEAL-11534,19,2,pending,2024-10-24,2024-11-05
DEAL-11535,8,8,approved,2025-08-12,2025-08-15
DEAL-11536,19,17,pending,,
DEAL-11537,20,10,approved,2024-06-09,2024-06-20
DEAL-11538,16,10,approved,,
DEAL-11539,10,10,approved,2024-06-19,2024-06-23
DEAL-11540,18,18,approved,2025-07-21,2025-07-22
DEAL-11541,17,17,approved,2025-07-03,2025-07-05
DEAL-11542,20,20,approved,2025-09-22,2025-09-27
DEAL-11543,18,18,approved,2026-04-23,2026-04-28
DEAL-11544,19,19,approved,2024-11-03,2024-11-05
DEAL-11545,9,9,approved,2024-08-01,2024-08-02
DEAL-11546,17,17,approved,2025-01-19,2025-01-20
DEAL-11547,8,8,approved,2026-04-03,2026-04-04
DEAL-11548,17,17,approved,2025-04-06,2025-04-11
DEAL-11549,16,16,approved,2025-01-06,2025-01-09
DEAL-11550,19,19,approved,2025-05-20,2025-05-24
DEAL-11551,11,11,approved,2026-04-16,2026-04-20
DEAL-11552,15,15,approved,2025-03-30,2025-04-03
DEAL-11553,9,9,approved,2025-02-07,2025-02-12
DEAL-11554,20,20,approved,2024-08-04,2024-08-05
DEAL-11555,13,13,approved,2026-01-27,2026-01-28
DEAL-11556,20,20,approved,2026-04-07,2026-04-12
DEAL-11557,16,16,approved,2025-08-11,2025-08-14
DEAL-11558,18,18,approved,2024-03-23,2024-03-26
DEAL-11559,16,16,approved,2025-08-25,2025-08-29
DEAL-11560,10,10,approved,2024-02-29,2024-03-02
DEAL-11561,18,18,approved,2025-10-04,2025-10-08
DEAL-11562,14,4,pending,2025-05-31,2025-06-03
DEAL-11563,10,10,approved,2026-02-15,2026-02-19
DEAL-11564,11,11,approved,2025-08-27,2025-09-01
DEAL-11565,14,14,approved,2025-04-25,2025-04-29
DEAL-11566,13,7,pending,2025-07-21,2025-07-26
DEAL-11567,8,5,pending,2024-03-21,2024-04-02
DEAL-11568,15,15,approved,2025-07-05,2025-07-09
DEAL-11569,17,17,approved,2026-05-11,2026-05-15
DEAL-11570,20,20,approved,2026-02-06,2026-02-10
DEAL-11571,8,8,approved,2025-08-21,2025-08-26
DEAL-11572,9,1,approved,2025-06-13,2025-06-15
DEAL-11573,15,15,approved,2024-07-29,2024-08-02
DEAL-11574,9,5,flagged,2026-02-16,2026-02-27
DEAL-11575,10,10,approved,2024-05-28,2024-05-31
DEAL-11576,19,19,approved,2025-12-13,2025-12-18
DEAL-11577,12,11,pending,2025-07-22,2025-07-26
DEAL-11578,13,1,flagged,2024-09-05,2024-09-17
DEAL-11579,11,11,approved,2025-02-13,2025-02-15
DEAL-11580,13,3,flagged,2024-07-24,2024-08-04
DEAL-11581,12,12,approved,2025-03-17,2025-03-22
DEAL-11582,15,7,flagged,2024-10-01,2024-10-06
DEAL-11583,20,20,approved,2025-02-27,2025-03-04
DEAL-11584,15,6,pending,2026-01-08,2026-01-12
DEAL-11585,13,13,approved,2024-05-19,2024-05-20
DEAL-11586,15,15,approved,2026-04-25,2026-04-28
DEAL-11587,16,0,flagged,2024-06-13,
DEAL-11588,18,18,approved,2026-03-06,2026-03-09
DEAL-11589,19,19,approved,2026-04-23,2026-04-27
DEAL-11590,14,14,approved,2025-11-18,2025-11-22
DEAL-11591,17,17,approved,2024-06-27,2024-06-29
DEAL-11592,13,13,approved,2026-02-07,2026-02-08
DEAL-11593,12,2,approved,2025-11-02,2025-11-09
DEAL-11594,12,3,flagged,2024-08-09,2024-08-14
DEAL-11595,19,19,approved,2026-03-18,2026-03-23
DEAL-11596,18,18,approved,2024-05-26,2024-05-31
DEAL-11597,14,14,approved,2025-04-25,2025-04-28
DEAL-11598,14,14,approved,2024-05-15,2024-05-20
DEAL-11599,9,9,approved,2025-01-28,2025-02-01
DEAL-11600,16,5,approved,2024-04-02,2024-04-15
DEAL-11601,18,18,approved,2025-07-30,2025-08-01
DEAL-11602,19,19,approved,2025-09-15,2025-09-16
DEAL-11603,20,20,approved,2026-05-21,2026-05-25
DEAL-11604,17,17,approved,2025-07-27,2025-08-01
DEAL-11605,16,5,pending,2025-07-24,2025-07-26
DEAL-11606,15,15,approved,2026-01-26,2026-01-31
DEAL-11607,14,10,flagged,,
DEAL-11608,11,11,approved,2025-04-27,2025-04-29
DEAL-11609,13,13,approved,2026-04-28,2026-04-29
DEAL-11610,14,14,approved,2026-05-10,2026-05-12
DEAL-11611,17,17,approved,2026-04-11,2026-04-14
DEAL-11612,16,16,approved,2025-08-02,2025-08-04
DEAL-11613,15,15,approved,2025-11-10,2025-11-15
DEAL-11614,14,0,pending,2026-03-18,
DEAL-11615,14,9,pending,2025-04-07,2025-04-13
DEAL-11616,8,8,approved,2025-04-11,2025-04-14
DEAL-11617,8,8,approved,2024-08-12,2024-08-15
DEAL-11618,18,13,flagged,2026-04-15,2026-04-21
DEAL-11619,10,10,approved,2026-04-09,2026-04-14
DEAL-11620,16,16,approved,2025-04-11,2025-04-13
DEAL-11621,17,17,approved,2025-09-10,2025-09-13
DEAL-11622,10,10,approved,2026-03-20,2026-03-21
DEAL-11623,9,9,approved,2024-08-06,2024-08-10
DEAL-11624,10,10,approved,2025-08-11,2025-08-12
DEAL-11625,17,17,approved,2025-07-12,2025-07-15
DEAL-11626,8,8,approved,2025-07-04,2025-07-05
DEAL-11627,13,13,approved,2026-04-26,2026-05-01
DEAL-11628,15,15,approved,2025-06-05,2025-06-08
DEAL-11629,11,11,approved,2024-11-30,2024-12-03
DEAL-11630,18,18,pending,2026-04-06,2026-04-09
DEAL-11631,11,5,pending,2025-07-20,2025-07-22
DEAL-11632,10,10,approved,2025-07-16,2025-07-21
DEAL-11633,13,4,flagged,2025-06-13,2025-06-19
DEAL-11634,9,3,flagged,2026-03-12,2026-03-21
DEAL-11635,16,16,approved,2024-02-19,2024-02-24
DEAL-11636,19,19,approved,2024-09-18,2024-09-23
DEAL-11637,8,8,approved,2025-09-09,2025-09-12
DEAL-11638,15,15,approved,2025-09-15,2025-09-20
DEAL-11639,15,15,approved,2025-05-29,2025-06-01
DEAL-11640,13,4,pending,2024-06-30,2024-07-06
DEAL-11641,16,16,approved,2026-05-10,2026-05-11
DEAL-11642,14,14,approved,2025-08-15,2025-08-20
DEAL-11643,16,16,approved,2026-03-30,2026-04-03
DEAL-11644,14,14,approved,2024-04-19,2024-04-23
DEAL-11645,15,5,pending,2026-04-29,2026-05-11
DEAL-11646,11,3,approved,2025-07-24,2025-08-02
DEAL-11647,14,11,flagged,2026-03-26,2026-04-01
DEAL-11648,16,16,approved,2026-01-10,2026-01-13
DEAL-11649,14,14,approved,2024-06-29,2024-07-01
DEAL-11650,16,6,flagged,2025-06-24,2025-07-08
DEAL-11651,10,10,approved,2025-03-30,2025-04-01
DEAL-11652,15,7,pending,2025-03-13,2025-03-20
DEAL-11653,8,8,approved,2025-06-18,2025-06-20
DEAL-11654,20,20,approved,2025-06-07,2025-06-12
DEAL-11655,16,0,flagged,2025-05-27,
DEAL-11656,12,12,approved,2026-03-14,2026-03-19
DEAL-11657,12,12,approved,2024-05-19,2024-05-21
DEAL-11658,17,17,approved,2024-11-28,2024-12-01
DEAL-11659,19,8,pending,2024-07-11,2024-07-23
DEAL-11660,11,2,flagged,2025-07-11,2025-07-25
DEAL-11661,15,15,approved,2025-10-10,2025-10-12
DEAL-11662,9,9,approved,2024-09-19,2024-09-23
DEAL-11663,13,13,approved,2025-12-13,2025-12-14
DEAL-11664,11,11,approved,2025-11-08,2025-11-12
DEAL-11665,12,11,pending,2024-10-11,2024-10-15
DEAL-11666,8,8,approved,2024-04-25,2024-04-27
DEAL-11667,20,20,approved,2025-09-26,2025-09-28
DEAL-11668,18,18,approved,2025-12-12,2025-12-15
DEAL-11669,19,19,approved,2025-06-21,2025-06-22
DEAL-11670,18,7,approved,,
DEAL-11671,12,0,flagged,2026-02-22,
DEAL-11672,13,13,approved,2025-09-28,2025-10-03
DEAL-11673,11,11,approved,2024-07-21,2024-07-26
DEAL-11674,12,12,approved,2024-04-09,2024-04-10
DEAL-11675,13,13,approved,2025-06-20,2025-06-23
DEAL-11676,10,10,approved,2025-03-14,2025-03-19
DEAL-11677,11,11,approved,2026-03-18,2026-03-22
DEAL-11678,13,13,approved,2024-06-16,2024-06-21
DEAL-11679,9,9,approved,2025-07-23,2025-07-28
DEAL-11680,13,13,approved,2025-12-29,2026-01-03
DEAL-11681,12,5,flagged,2024-03-19,2024-03-21
DEAL-11682,18,18,approved,2025-06-20,2025-06-24
DEAL-11683,20,20,approved,2026-05-19,2026-05-22
DEAL-11684,20,20,approved,2026-04-13,2026-04-18
DEAL-11685,13,13,approved,2025-02-25,2025-02-27
DEAL-11686,13,3,flagged,2026-04-30,2026-05-02
DEAL-11687,13,13,approved,2025-05-12,2025-05-13
DEAL-11688,19,19,approved,2026-03-20,2026-03-24
DEAL-11689,15,10,pending,2026-03-27,2026-04-04
DEAL-11690,16,16,approved,2025-03-29,2025-04-02
DEAL-11691,13,13,approved,2025-05-20,2025-05-22
DEAL-11692,13,0,pending,2025-09-22,
DEAL-11693,9,9,approved,2026-04-23,2026-04-27
DEAL-11694,12,12,approved,2025-05-27,2025-05-30
DEAL-11695,16,8,flagged,,
DEAL-11696,10,10,approved,2024-07-05,2024-07-07
DEAL-11697,20,20,approved,2026-04-15,2026-04-17
DEAL-11698,11,8,flagged,2024-04-06,2024-04-12
DEAL-11699,18,18,approved,2025-11-14,2025-11-17
DEAL-11700,15,15,approved,2024-08-17,2024-08-18
DEAL-11701,17,17,approved,2026-04-15,2026-04-19
DEAL-11702,15,15,approved,2024-10-11,2024-10-13
DEAL-11703,10,10,approved,2026-04-16,2026-04-17
DEAL-11704,18,18,approved,2025-08-15,2025-08-18
DEAL-11705,18,18,approved,2024-12-29,2024-12-31
DEAL-11706,11,11,approved,2024-08-30,2024-08-31
DEAL-11707,20,20,approved,2025-05-19,2025-05-22
DEAL-11708,14,9,approved,2025-02-14,2025-02-20
DEAL-11709,18,18,approved,2025-05-28,2025-06-02
DEAL-11710,18,18,approved,2026-03-20,2026-03-23
DEAL-11711,16,16,approved,2025-05-09,2025-05-10
DEAL-11712,18,18,approved,2024-06-22,2024-06-26
DEAL-11713,10,8,flagged,2025-08-27,2025-08-29
DEAL-11714,15,15,approved,2026-01-01,2026-01-04
DEAL-11715,16,8,approved,,
DEAL-11716,11,2,pending,2024-10-07,2024-10-12
DEAL-11717,18,18,approved,2026-05-11,2026-05-14
DEAL-11718,10,0,pending,2024-04-23,
DEAL-11719,13,13,approved,2026-02-28,2026-03-04
DEAL-11720,15,6,pending,2024-11-04,2024-11-08
DEAL-11721,14,14,approved,2026-01-24,2026-01-28
DEAL-11722,9,9,approved,2026-01-03,2026-01-06
DEAL-11723,19,19,approved,2024-05-23,2024-05-24
DEAL-11724,12,12,approved,2026-03-09,2026-03-10
DEAL-11725,13,13,approved,2026-03-28,2026-03-29
DEAL-11726,16,16,approved,2025-06-06,2025-06-11
DEAL-11727,13,5,approved,2026-03-10,2026-03-18
DEAL-11728,12,12,approved,2025-12-10,2025-12-12
DEAL-11729,20,14,pending,2025-06-28,2025-07-10
DEAL-11730,8,8,approved,2026-01-09,2026-01-11
DEAL-11731,19,10,pending,2026-04-05,2026-04-12
DEAL-11732,14,14,approved,2024-05-30,2024-06-03
DEAL-11733,12,5,approved,2024-04-10,2024-04-14
DEAL-11734,10,10,approved,2024-05-11,2024-05-16
DEAL-11735,12,12,approved,2024-11-15,2024-11-19
DEAL-11736,17,4,pending,2025-03-26,2025-04-09
DEAL-11737,10,10,approved,2024-11-06,2024-11-11
DEAL-11738,14,14,approved,2025-07-16,2025-07-17
DEAL-11739,16,16,approved,2024-02-16,2024-02-21
DEAL-11740,9,9,approved,2026-01-21,2026-01-25
DEAL-11741,18,18,approved,2024-08-16,2024-08-20
DEAL-11742,17,17,approved,2024-08-13,2024-08-15
DEAL-11743,14,14,approved,2025-09-27,2025-09-30
DEAL-11744,18,18,approved,2025-08-14,2025-08-15
DEAL-11745,8,8,flagged,,
DEAL-11746,13,13,approved,2024-10-24,2024-10-25
DEAL-11747,13,0,approved,2024-06-04,
DEAL-11748,13,13,approved,2026-05-11,2026-05-16
DEAL-11749,14,2,pending,2025-12-30,2026-01-07
DEAL-11750,9,9,approved,2024-08-02,2024-08-07
DEAL-11751,11,11,approved,2024-05-09,2024-05-14
DEAL-11752,8,8,approved,2024-12-20,2024-12-22
DEAL-11753,12,12,approved,2025-09-23,2025-09-26
DEAL-11754,17,1,flagged,,
DEAL-11755,13,13,approved,2024-03-05,2024-03-10
DEAL-11756,20,20,approved,2026-02-15,2026-02-16
DEAL-11757,12,12,approved,2025-10-04,2025-10-07
DEAL-11758,11,11,approved,2024-11-05,2024-11-06
DEAL-11759,14,11,pending,2024-04-05,2024-04-08
DEAL-11760,20,8,flagged,2025-11-13,2025-11-15
DEAL-11761,9,4,approved,2024-03-29,2024-04-02
DEAL-11762,20,20,approved,2025-08-12,2025-08-13
DEAL-11763,15,10,flagged,2025-03-07,2025-03-09
DEAL-11764,15,15,approved,2024-12-12,2024-12-16
DEAL-11765,8,8,approved,2024-05-05,2024-05-08
DEAL-11766,18,18,approved,2026-04-01,2026-04-02
DEAL-11767,14,9,approved,2025-07-12,2025-07-18
DEAL-11768,9,9,approved,2025-04-02,2025-04-04
DEAL-11769,12,12,approved,2024-12-02,2024-12-04
DEAL-11770,9,9,approved,2025-07-22,2025-07-26
DEAL-11771,18,18,approved,2025-05-17,2025-05-22
DEAL-11772,10,10,approved,2024-08-21,2024-08-23
DEAL-11773,19,19,approved,2026-03-02,2026-03-04
DEAL-11774,18,11,flagged,2024-11-28,2024-12-11
DEAL-11775,18,18,approved,2026-04-22,2026-04-26
DEAL-11776,12,12,approved,2025-07-31,2025-08-01
DEAL-11777,13,6,flagged,2025-02-11,2025-02-22
DEAL-11778,14,14,approved,2025-02-07,2025-02-10
DEAL-11779,14,14,approved,2024-10-23,2024-10-28
DEAL-11780,17,2,pending,2024-09-16,2024-09-23
DEAL-11781,20,20,approved,2024-11-24,2024-11-27
DEAL-11782,20,20,approved,2025-07-07,2025-07-08
DEAL-11783,15,11,pending,,
DEAL-11784,19,19,approved,2026-03-27,2026-04-01
DEAL-11785,20,20,approved,2024-04-18,2024-04-22
DEAL-11786,19,11,pending,2025-04-28,2025-05-04
DEAL-11787,17,17,approved,2024-02-21,2024-02-24
DEAL-11788,19,19,approved,2024-12-29,2025-01-02
DEAL-11789,8,5,flagged,2025-06-15,2025-06-17
DEAL-11790,16,16,approved,2025-10-08,2025-10-12
DEAL-11791,9,9,approved,2025-05-26,2025-05-29
DEAL-11792,19,19,approved,2024-03-19,2024-03-22
DEAL-11793,12,12,approved,2025-04-11,2025-04-13
DEAL-11794,9,9,approved,2025-01-28,2025-01-29
DEAL-11795,11,11,approved,2026-05-02,2026-05-06
DEAL-11796,10,4,pending,2026-01-11,2026-01-22
DEAL-11797,15,15,approved,2025-06-21,2025-06-22
DEAL-11798,13,3,approved,2025-07-22,2025-08-02
DEAL-11799,20,16,pending,2026-03-18,2026-03-23
DEAL-11800,9,9,approved,2026-03-29,2026-04-02
DEAL-11801,9,9,approved,2024-05-28,2024-06-01
DEAL-11802,9,9,approved,2024-06-08,2024-06-10
DEAL-11803,20,20,approved,2026-02-12,2026-02-16
DEAL-11804,13,13,approved,2025-04-16,2025-04-18
DEAL-11805,10,10,approved,2025-11-02,2025-11-06
DEAL-11806,20,20,approved,2026-01-05,2026-01-06
DEAL-11807,10,10,approved,2025-03-30,2025-03-31
DEAL-11808,15,15,approved,2025-12-25,2025-12-29
DEAL-11809,20,20,approved,2026-02-13,2026-02-15
DEAL-11810,15,15,approved,2024-08-05,2024-08-07
DEAL-11811,8,8,approved,2025-09-12,2025-09-16
DEAL-11812,20,20,approved,2024-06-19,2024-06-23
DEAL-11813,14,11,approved,2024-04-05,2024-04-18
DEAL-11814,9,5,flagged,2024-12-31,2025-01-04
DEAL-11815,19,1,pending,2024-03-08,2024-03-17
DEAL-11816,9,9,approved,2024-05-29,2024-05-31
DEAL-11817,17,17,approved,2025-09-28,2025-09-30
DEAL-11818,14,14,approved,2024-06-23,2024-06-26
DEAL-11819,12,12,approved,2025-09-20,2025-09-22
DEAL-11820,13,13,approved,2024-06-17,2024-06-22
DEAL-11821,13,9,flagged,2026-05-04,2026-05-18
DEAL-11822,8,8,pending,2025-04-15,2025-04-18
DEAL-11823,15,15,approved,2026-03-18,2026-03-21
DEAL-11824,10,1,pending,2026-03-28,2026-04-09
DEAL-11825,17,12,flagged,2024-06-16,2024-06-22
DEAL-11826,14,14,approved,2026-04-30,2026-05-05
DEAL-11827,19,19,approved,2025-07-21,2025-07-22
DEAL-11828,16,16,approved,2025-08-29,2025-09-01
DEAL-11829,11,11,approved,2026-05-06,2026-05-07
DEAL-11830,17,17,approved,2025-08-27,2025-08-28
DEAL-11831,15,9,pending,2025-08-08,2025-08-14
DEAL-11832,18,18,approved,2024-05-25,2024-05-30
DEAL-11833,11,11,approved,2024-09-12,2024-09-16
DEAL-11834,14,14,approved,2024-07-29,2024-07-31
DEAL-11835,17,14,pending,2026-02-21,2026-02-24
DEAL-11836,13,10,pending,2024-06-28,2024-07-06
DEAL-11837,17,11,flagged,2026-04-29,2026-05-07
DEAL-11838,11,11,approved,2024-03-08,2024-03-10
DEAL-11839,14,14,approved,2026-04-15,2026-04-20
DEAL-11840,14,2,flagged,2025-11-16,2025-11-19
DEAL-11841,12,12,approved,2024-10-11,2024-10-14
DEAL-11842,14,1,flagged,2025-12-07,2025-12-18
DEAL-11843,8,8,approved,2025-07-10,2025-07-11
DEAL-11844,10,6,pending,2025-12-23,2025-12-25
DEAL-11845,18,18,approved,2026-02-20,2026-02-24
DEAL-11846,10,10,approved,2025-06-05,2025-06-06
DEAL-11847,8,8,approved,2024-08-02,2024-08-03
DEAL-11848,14,14,approved,2025-04-09,2025-04-11
DEAL-11849,13,6,pending,2026-05-06,2026-05-14
DEAL-11850,15,15,approved,2026-03-09,2026-03-10
DEAL-11851,8,8,approved,2026-04-27,2026-05-01
DEAL-11852,20,7,pending,2024-08-11,2024-08-18
DEAL-11853,14,14,approved,2025-03-23,2025-03-24
DEAL-11854,10,10,approved,2024-06-19,2024-06-22
DEAL-11855,16,16,approved,2024-07-27,2024-08-01
DEAL-11856,13,11,pending,2026-03-17,2026-03-18
DEAL-11857,12,8,flagged,2025-06-15,2025-06-18
DEAL-11858,16,16,approved,2024-04-06,2024-04-09
DEAL-11859,14,14,approved,2025-08-30,2025-09-03
DEAL-11860,18,8,flagged,2025-06-16,2025-06-27
DEAL-11861,14,14,approved,2024-07-16,2024-07-20
DEAL-11862,9,9,approved,2026-03-15,2026-03-20
DEAL-11863,12,5,flagged,2026-05-01,2026-05-12
DEAL-11864,13,13,approved,2024-10-13,2024-10-14
DEAL-11865,16,16,approved,2026-02-06,2026-02-08
DEAL-11866,12,12,approved,2025-05-02,2025-05-05
DEAL-11867,10,2,flagged,2025-03-23,2025-04-06
DEAL-11868,15,15,approved,2026-03-17,2026-03-22
DEAL-11869,8,5,flagged,2026-01-22,2026-02-02
DEAL-11870,13,13,approved,2024-06-29,2024-07-04
DEAL-11871,12,10,approved,2024-05-05,2024-05-07
DEAL-11872,20,8,flagged,2026-04-09,2026-04-22
DEAL-11873,17,13,approved,2025-12-25,2026-01-04
DEAL-11874,15,15,approved,2024-09-24,2024-09-26
DEAL-11875,10,7,flagged,2025-01-14,2025-01-20
DEAL-11876,14,14,approved,2026-01-21,2026-01-24
DEAL-11877,17,17,approved,2024-02-07,2024-02-12
DEAL-11878,10,10,approved,2024-09-25,2024-09-28
DEAL-11879,10,7,flagged,2024-02-22,2024-02-26
DEAL-11880,13,13,approved,2025-01-08,2025-01-12
DEAL-11881,9,9,approved,2024-08-15,2024-08-19
DEAL-11882,17,17,approved,2025-05-09,2025-05-14
DEAL-11883,12,3,flagged,2026-03-23,2026-04-03
DEAL-11884,17,17,approved,2024-08-30,2024-09-01
DEAL-11885,15,13,pending,2024-05-12,2024-05-14
DEAL-11886,8,8,approved,2026-04-04,2026-04-05
DEAL-11887,9,9,approved,2025-02-28,2025-03-05
DEAL-11888,18,18,approved,2024-10-13,2024-10-15
DEAL-11889,20,20,approved,2026-04-09,2026-04-10
DEAL-11890,11,11,approved,2025-11-09,2025-11-13
DEAL-11891,16,16,approved,2026-04-08,2026-04-09
DEAL-11892,17,17,approved,2025-06-28,2025-06-29
DEAL-11893,19,19,approved,2025-10-10,2025-10-11
DEAL-11894,11,11,approved,2024-10-06,2024-10-08
DEAL-11895,9,9,approved,2024-07-25,2024-07-26
DEAL-11896,8,8,approved,2026-03-27,2026-04-01
DEAL-11897,10,10,approved,2024-05-19,2024-05-22
DEAL-11898,14,14,approved,2026-04-26,2026-04-30
DEAL-11899,9,9,approved,2025-09-06,2025-09-07
DEAL-11900,12,12,approved,2025-11-08,2025-11-10
DEAL-11901,18,18,approved,2025-06-02,2025-06-04
DEAL-11902,8,4,flagged,2025-09-30,2025-10-08
DEAL-11903,19,19,approved,2024-03-23,2024-03-24
DEAL-11904,16,16,approved,2024-06-26,2024-06-29
DEAL-11905,16,16,approved,2025-12-05,2025-12-10
DEAL-11906,11,11,approved,2026-01-10,2026-01-12
DEAL-11907,9,9,approved,2024-10-19,2024-10-22
DEAL-11908,16,16,approved,2025-06-20,2025-06-23
DEAL-11909,17,17,approved,2025-07-25,2025-07-30
DEAL-11910,11,6,flagged,2024-05-31,2024-06-11
DEAL-11911,18,0,pending,2024-03-05,
DEAL-11912,14,14,approved,2025-10-18,2025-10-21
DEAL-11913,13,13,approved,2026-03-27,2026-03-30
DEAL-11914,19,19,approved,2025-11-27,2025-11-29
DEAL-11915,8,8,approved,2026-05-21,2026-05-24
DEAL-11916,10,10,approved,2024-05-12,2024-05-14
DEAL-11917,9,9,approved,2024-02-02,2024-02-03
DEAL-11918,11,8,flagged,2025-02-05,2025-02-15
DEAL-11919,18,18,approved,2025-04-06,2025-04-09
DEAL-11920,18,18,approved,2024-06-18,2024-06-20
DEAL-11921,18,18,approved,2024-08-11,2024-08-13
DEAL-11922,14,14,approved,2026-01-09,2026-01-13
DEAL-11923,10,10,approved,2025-02-09,2025-02-12
DEAL-11924,10,10,approved,2024-10-16,2024-10-19
DEAL-11925,8,8,approved,2026-04-04,2026-04-09
DEAL-11926,15,15,approved,2026-01-14,2026-01-18
DEAL-11927,16,12,approved,2024-12-23,2025-01-03
DEAL-11928,15,15,approved,2026-05-02,2026-05-05
DEAL-11929,14,14,approved,2025-08-20,2025-08-25
DEAL-11930,9,9,approved,2025-12-28,2026-01-02
DEAL-11931,17,17,approved,2026-02-09,2026-02-13
DEAL-11932,13,13,approved,2025-08-03,2025-08-08
DEAL-11933,8,8,approved,2024-06-12,2024-06-15
DEAL-11934,16,16,approved,2024-06-17,2024-06-22
DEAL-11935,19,17,approved,,
DEAL-11936,9,9,approved,2025-04-08,2025-04-10
DEAL-11937,10,10,approved,2025-04-04,2025-04-05
DEAL-11938,8,8,approved,2025-06-16,2025-06-17
DEAL-11939,8,8,approved,2024-06-30,2024-07-04
DEAL-11940,19,19,approved,2025-08-17,2025-08-20
DEAL-11941,18,18,approved,2026-05-07,2026-05-08
DEAL-11942,9,9,approved,2025-01-09,2025-01-10
DEAL-11943,13,13,approved,2026-03-29,2026-04-03
DEAL-11944,12,2,flagged,2024-09-04,2024-09-08
DEAL-11945,13,10,flagged,2025-10-19,2025-10-27
DEAL-11946,17,17,approved,2025-01-20,2025-01-25
DEAL-11947,14,6,flagged,2025-01-13,2025-01-15
DEAL-11948,13,13,approved,2026-02-11,2026-02-12
DEAL-11949,15,8,flagged,2026-03-25,2026-03-29
DEAL-11950,20,18,pending,2024-09-12,2024-09-17
DEAL-11951,11,11,approved,2026-04-06,2026-04-10
DEAL-11952,20,20,approved,2026-05-12,2026-05-15
DEAL-11953,18,3,pending,2024-06-22,2024-07-05
DEAL-11954,19,19,approved,2024-06-17,2024-06-19
DEAL-11955,14,2,flagged,2024-08-10,2024-08-16
DEAL-11956,16,16,approved,2024-10-24,2024-10-28
DEAL-11957,11,11,approved,2026-03-29,2026-03-30
DEAL-11958,12,3,approved,2026-02-26,2026-03-05
DEAL-11959,11,11,approved,2024-07-05,2024-07-08
DEAL-11960,18,2,pending,2024-07-02,2024-07-07
DEAL-11961,9,0,flagged,2025-06-25,
DEAL-11962,10,3,pending,2025-10-23,2025-11-06
DEAL-11963,12,12,approved,2024-08-22,2024-08-26
DEAL-11964,15,6,pending,2025-10-08,2025-10-22
DEAL-11965,9,9,approved,2024-07-17,2024-07-20
DEAL-11966,12,4,flagged,2026-04-23,2026-05-05
DEAL-11967,8,5,pending,2026-03-04,2026-03-09
DEAL-11968,17,17,approved,2026-04-20,2026-04-22
DEAL-11969,17,10,flagged,2024-08-21,2024-08-27
DEAL-11970,14,14,approved,2024-04-26,2024-04-27
DEAL-11971,9,3,flagged,2024-12-01,2024-12-12
DEAL-11972,8,5,flagged,2026-03-24,2026-03-31
DEAL-11973,20,1,approved,2024-07-30,2024-08-11
DEAL-11974,20,20,approved,2025-06-28,2025-07-01
DEAL-11975,18,18,approved,2024-12-23,2024-12-25
DEAL-11976,16,16,approved,2026-05-17,2026-05-19
DEAL-11977,12,1,pending,2025-02-04,2025-02-15
DEAL-11978,16,16,approved,2025-08-16,2025-08-18
DEAL-11979,19,8,flagged,2024-05-21,2024-05-28
DEAL-11980,16,16,approved,2025-07-13,2025-07-14
DEAL-11981,17,13,flagged,2026-01-04,2026-01-12
DEAL-11982,20,20,approved,2026-05-21,2026-05-22
DEAL-11983,8,8,approved,2025-07-07,2025-07-10
DEAL-11984,9,1,pending,2025-01-28,2025-02-01
DEAL-11985,17,17,approved,2026-03-20,2026-03-25
DEAL-11986,16,16,approved,2026-04-14,2026-04-16
DEAL-11987,20,6,pending,2025-09-17,2025-09-26
DEAL-11988,17,17,approved,2025-05-31,2025-06-03
DEAL-11989,20,15,flagged,2025-05-13,2025-05-22
DEAL-11990,20,20,approved,2026-01-11,2026-01-16
DEAL-11991,18,18,approved,2025-02-27,2025-03-01
DEAL-11992,12,7,flagged,2024-08-10,2024-08-24
DEAL-11993,11,11,approved,2025-07-15,2025-07-16
DEAL-11994,19,19,approved,2025-10-05,2025-10-09
DEAL-11995,20,20,approved,2026-04-06,2026-04-07
DEAL-11996,19,19,approved,2024-08-23,2024-08-27
DEAL-11997,14,14,approved,2025-08-05,2025-08-06
DEAL-11998,12,12,approved,2025-03-07,2025-03-09
DEAL-11999,19,19,approved,2026-05-15,2026-05-18
DEAL-12000,13,13,approved,2024-06-18,2024-06-23
